stimulus_id,window_start,window_end,motion_magnitude,motion_std,scene_cut_rate,time_since_cut,brightness_mean,brightness_std,contrast,visual_complexity,face_presence,text_presence,audio_rms,audio_silence_ratio,audio_spectral_centroid,audio_speech_presence,human_visual_attention_all,human_visual_attention_train,human_visual_attention_val,human_visual_attention_test,gaze_dispersion,fixation_rate,saccade_rate,blink_rate,mean_pupil_z
task-stim01,0.0,0.5,0.05027,0.08798,2.0,0.0,0.6807,0.1158,0.2161,0.1467,0.0,0.0222,0.00401,0.9968,1360.06,0.8792,0.3881,0.3646,0.602,0.4478,0.1611,3.037,2.667,0.148,1.6122
task-stim01,0.5,1.0,0.05705,0.06214,0.0,0.5,0.691,0.052,0.2723,0.352,0.0,0.0702,0.02315,0.6577,1481.52,0.4934,0.5623,0.539,0.677,0.6068,0.0626,4.741,3.556,0.593,0.4697
task-stim01,1.0,1.5,0.03276,0.04356,0.0,1.0,0.8309,0.066,0.198,0.7162,0.0,0.1185,0.17225,0.1391,1354.63,0.68,0.5123,0.5098,0.6871,0.4984,0.0751,4.296,3.481,0.741,0.5826
task-stim01,1.5,2.0,2e-05,3e-05,0.0,1.5,0.9233,0.0,0.1048,0.7494,0.0,0.0694,0.11306,0.1358,3218.35,0.3974,0.4767,0.4559,0.6371,0.5493,0.0719,4.593,3.63,0.667,0.5939
task-stim01,2.0,2.5,0.05273,0.09382,2.0,0.0,0.6612,0.1182,0.2363,0.3064,0.0,0.035,0.16335,0.1153,1585.59,0.7321,0.4389,0.4279,0.5201,0.5009,0.0752,4.074,2.963,0.889,0.3913
task-stim01,2.5,3.0,0.037,0.07555,0.0,0.5,0.8413,0.1307,0.1167,0.2593,0.0,0.0089,0.07566,0.1966,2916.33,0.4491,0.604,0.5776,0.7242,0.6761,0.0436,4.889,3.63,0.519,0.7683
task-stim01,3.0,3.5,0.04699,0.06967,0.0,1.0,0.6771,0.0103,0.2773,0.24,0.0,0.0925,0.07303,0.2469,1240.03,0.6795,0.5359,0.511,0.6448,0.5731,0.0683,4.074,2.741,0.37,0.6642
task-stim01,3.5,4.0,0.04805,0.0663,0.0,1.5,0.7271,0.0803,0.247,0.4907,0.0,0.0913,0.08176,0.1864,1472.16,0.6297,0.5249,0.5226,0.5255,0.6421,0.0679,3.407,2.222,0.741,0.9331
task-stim01,4.0,4.5,0.00147,0.00475,0.0,2.0,0.9229,0.0,0.0832,0.5058,0.0,0.0075,0.05644,0.2174,2182.56,0.3666,0.5047,0.4537,0.6544,0.7375,0.0686,2.889,1.926,0.815,0.9061
task-stim01,4.5,5.0,0.02767,0.06292,0.0,2.5,0.8028,0.1206,0.1812,0.5568,0.0,0.0339,0.06711,0.341,3293.71,0.3605,0.4892,0.4296,0.6456,0.6823,0.0567,3.556,2.889,0.815,0.4203
task-stim01,5.0,5.5,0.03887,0.04439,0.0,3.0,0.7013,0.0208,0.279,0.7001,0.0,0.0745,0.04337,0.451,738.71,0.5793,0.5932,0.5594,0.6907,0.7537,0.055,2.963,2.222,0.444,0.5901
task-stim01,5.5,6.0,0.03955,0.04414,0.0,3.5,0.7554,0.017,0.2503,0.9742,0.0,0.0704,0.05136,0.2851,2721.9,0.3795,0.5468,0.5337,0.6568,0.5493,0.0589,3.778,2.667,0.593,0.9064
task-stim01,6.0,6.5,0.07746,0.08217,0.0,4.0,0.6499,0.0419,0.2662,0.5073,0.0,0.0494,0.07767,0.2029,1174.56,0.7224,0.5231,0.5242,0.6601,0.6205,0.0591,3.704,2.37,0.37,0.8136
task-stim01,6.5,7.0,0.06018,0.08209,0.0,4.5,0.7725,0.0919,0.2161,0.8948,0.0,0.0669,0.04464,0.3294,4140.12,0.2106,0.5332,0.5153,0.6999,0.6371,0.0797,4.074,2.741,0.148,0.9133
task-stim01,7.0,7.5,3e-05,6e-05,0.0,5.0,0.868,0.0,0.146,1.1208,0.0,0.0619,0.08262,0.3008,1796.12,0.39,0.4819,0.4768,0.6253,0.4733,0.0641,3.63,2.519,0.519,0.4724
task-stim01,7.5,8.0,1e-05,4e-05,0.0,5.5,0.8679,0.0001,0.146,1.1208,0.0,0.0618,0.14733,0.0829,1208.98,0.6664,0.4332,0.4525,0.6131,0.3844,0.0794,3.852,2.741,0.667,0.054
task-stim01,8.0,8.5,2e-05,4e-05,0.0,6.0,0.8678,0.0,0.146,1.1209,0.0,0.0618,0.10525,0.1111,1238.93,0.5837,0.4601,0.4612,0.6027,0.5222,0.0689,4.0,2.889,0.741,0.0975
task-stim01,8.5,9.0,0.01177,0.01787,0.0,6.5,0.8281,0.0133,0.1887,1.1865,0.0,0.0962,0.08503,0.164,3363.24,0.2688,0.4643,0.4427,0.5869,0.566,0.0628,4.37,3.185,0.667,0.1722
task-stim01,9.0,9.5,0.01076,0.01214,0.0,7.0,0.8043,0.0098,0.1984,1.1872,0.0,0.0874,0.07773,0.198,2954.6,0.3912,0.435,0.4319,0.5651,0.5564,0.0793,4.444,3.333,0.593,0.2151
task-stim01,9.5,10.0,0.01398,0.02268,0.0,7.5,0.8386,0.0309,0.1784,1.3996,0.0,0.0914,0.06205,0.204,2799.05,0.4059,0.5113,0.527,0.5848,0.6712,0.0962,4.0,3.037,0.444,0.2238
task-stim01,10.0,10.5,1e-05,3e-05,0.0,8.0,0.8643,0.0,0.1618,1.5232,0.0,0.0974,0.06186,0.2274,3095.51,0.2983,0.3454,0.3494,0.4022,0.3725,0.1068,4.0,3.333,1.037,0.1305
task-stim01,10.5,11.0,2e-05,3e-05,0.0,8.5,0.8642,0.0,0.1618,1.5235,0.0,0.0974,0.10443,0.13,3222.33,0.2986,0.3381,0.3046,0.4577,0.4878,0.1129,4.37,3.556,0.963,0.2308
task-stim01,11.0,11.5,0.0,1e-05,0.0,9.0,0.8642,0.0,0.1618,1.5233,0.0,0.0974,0.11574,0.1476,2084.04,0.6022,0.353,0.3323,0.5265,0.506,0.1236,3.778,3.111,0.889,0.1573
task-stim01,11.5,12.0,1e-05,1e-05,0.0,9.5,0.8642,0.0,0.1618,1.5233,0.0,0.0974,0.08747,0.2409,1587.06,0.7442,0.3386,0.3415,0.4105,0.3785,0.1102,3.556,2.815,0.963,0.0413
task-stim01,12.0,12.5,0.09265,0.08038,0.0,10.0,0.5502,0.2819,0.2791,1.106,0.333,0.0751,0.10248,0.176,1425.91,0.5924,0.3504,0.3371,0.5669,0.5171,0.1041,3.704,2.741,0.815,0.0865
task-stim01,12.5,13.0,8e-05,0.00024,0.0,10.5,0.1139,0.0,0.2086,0.2806,0.0,0.0405,0.09785,0.1899,1170.48,0.8274,0.5506,0.5419,0.5421,0.6511,0.061,3.556,2.444,0.667,0.273
task-stim01,13.0,13.5,0.0,1e-05,0.0,11.0,0.1139,0.0,0.2086,0.2828,0.0,0.0405,0.06547,0.2245,962.85,0.7127,0.502,0.4913,0.5486,0.6474,0.0577,3.333,2.148,0.667,0.1733
task-stim01,13.5,14.0,1e-05,2e-05,0.0,11.5,0.1139,0.0,0.2086,0.2829,0.0,0.0405,0.0572,0.2487,1962.53,0.5104,0.4404,0.4102,0.6328,0.569,0.0672,3.407,2.444,1.037,0.1308
task-stim01,14.0,14.5,0.00903,0.01264,0.0,12.0,0.0966,0.0289,0.1913,0.2063,0.333,0.0318,0.07523,0.1755,1914.79,0.5603,0.5068,0.5073,0.5181,0.6015,0.062,3.407,2.148,0.593,0.2473
task-stim01,14.5,15.0,0.00753,0.01118,0.0,12.5,0.0096,0.0177,0.0198,0.0041,0.0,0.0005,0.10055,0.1732,1397.54,0.7205,0.653,0.6497,0.6425,0.7406,0.0486,3.185,1.556,0.296,0.3857
task-stim01,15.0,15.5,0.03861,0.02453,0.0,13.0,0.2452,0.066,0.1081,0.0933,0.0,0.0424,0.09094,0.1678,1202.36,0.6211,0.7219,0.7193,0.6956,0.7976,0.0415,2.444,0.963,0.296,0.759
task-stim01,15.5,16.0,2e-05,3e-05,0.0,13.5,0.3061,0.0,0.1559,0.2469,0.0,0.0705,0.08537,0.2041,2280.99,0.5,0.5086,0.5123,0.4603,0.5691,0.0743,4.444,3.259,0.593,0.6794
task-stim01,16.0,16.5,1e-05,1e-05,0.0,14.0,0.3061,0.0,0.1559,0.2465,0.0,0.0705,0.07094,0.313,2586.44,0.5339,0.4174,0.4078,0.4525,0.613,0.0962,4.0,2.889,0.519,0.3673
task-stim01,16.5,17.0,0.03677,0.12192,2.0,0.0,0.3406,0.1145,0.1628,0.2391,0.0,0.0667,0.04263,0.4661,4927.55,0.1302,0.394,0.409,0.381,0.6469,0.1219,3.481,2.222,0.593,0.6258
task-stim01,17.0,17.5,0.0437,0.04887,0.0,0.5,0.7942,0.0417,0.2147,0.37,0.0,0.0432,0.12602,0.1504,2759.37,0.4771,0.4179,0.4274,0.436,0.5666,0.1067,4.667,3.481,0.444,0.546
task-stim01,17.5,18.0,0.02769,0.02848,0.0,1.0,0.7938,0.0194,0.2114,0.53,0.0,0.0471,0.11708,0.1192,1420.69,0.6853,0.4303,0.4102,0.4508,0.6133,0.0911,4.148,3.259,0.963,-0.4055
task-stim01,18.0,18.5,0.03997,0.06583,0.0,1.5,0.7752,0.0518,0.2315,0.585,0.0,0.0583,0.1012,0.1694,2595.3,0.4969,0.5411,0.5741,0.4336,0.5888,0.0727,2.593,1.852,0.519,-0.3583
task-stim01,18.5,19.0,0.08014,0.09624,0.0,2.0,0.6683,0.0901,0.2662,0.4534,0.0,0.0907,0.06134,0.2454,1846.7,0.5805,0.4561,0.4894,0.424,0.4325,0.096,4.37,3.259,0.593,0.0321
task-stim01,19.0,19.5,0.0,0.0,0.0,2.5,0.9059,0.0,0.1565,1.5228,0.0,0.1091,0.0649,0.1915,2455.56,0.3409,0.4903,0.4919,0.4214,0.6615,0.0944,4.593,3.63,0.519,0.1795
task-stim01,19.5,20.0,4e-05,5e-05,0.0,3.0,0.9057,0.0001,0.1565,1.5229,0.0,0.109,0.03068,0.4079,4088.36,0.1958,0.4357,0.462,0.4222,0.4945,0.0873,3.926,3.185,0.37,-0.174
task-stim01,20.0,20.5,3e-05,6e-05,0.0,3.5,0.9054,0.0001,0.1564,1.5229,0.0,0.1089,0.0938,0.1502,2747.69,0.3767,0.3682,0.3767,0.3721,0.5751,0.0997,3.852,2.889,0.815,-0.0872
task-stim01,20.5,21.0,2e-05,5e-05,0.0,4.0,0.9054,0.0,0.1564,1.5229,0.0,0.1089,0.08496,0.2399,3392.14,0.3714,0.3562,0.4182,0.4259,0.3181,0.1054,4.0,3.185,1.111,-0.0005
task-stim01,21.0,21.5,1e-05,1e-05,0.0,4.5,0.9055,0.0,0.1564,1.5229,0.0,0.1089,0.08872,0.1648,2699.12,0.5172,0.3666,0.4085,0.4042,0.4094,0.0891,4.074,3.333,0.963,0.0039
task-stim01,21.5,22.0,0.03867,0.09542,2.0,0.0,0.8735,0.0872,0.1698,1.1805,0.0,0.0971,0.07044,0.2948,1176.62,0.4181,0.4377,0.4856,0.4293,0.5065,0.085,3.704,2.889,0.519,0.0502
task-stim01,22.0,22.5,0.06811,0.07713,0.0,0.5,0.6483,0.0339,0.2801,0.3743,0.0,0.0664,0.09864,0.1696,4376.35,0.1627,0.456,0.4655,0.5036,0.5842,0.0961,4.444,3.407,0.296,0.1123
task-stim01,22.5,23.0,0.06394,0.07737,0.0,1.0,0.6316,0.0285,0.2803,0.4455,0.0,0.0698,0.09281,0.1535,2734.46,0.4567,0.5912,0.6287,0.5534,0.5417,0.049,3.63,2.444,0.519,0.2128
task-stim01,23.0,23.5,0.06652,0.08743,0.0,1.5,0.6335,0.0317,0.2725,0.3673,0.0,0.0753,0.04829,0.3021,2852.41,0.4242,0.5127,0.5525,0.5065,0.4627,0.053,3.926,2.593,0.519,0.3862
task-stim01,23.5,24.0,0.02371,0.07852,0.0,2.0,0.8783,0.0749,0.1369,1.3738,0.0,0.0922,0.07118,0.3031,1780.89,0.4445,0.5571,0.5941,0.4181,0.6539,0.0705,3.778,2.815,0.667,0.5299
task-stim01,24.0,24.5,2e-05,6e-05,0.0,2.5,0.9008,0.0001,0.1239,1.4773,0.0,0.0954,0.06641,0.2739,1980.7,0.4675,0.451,0.4226,0.4573,0.6966,0.095,3.704,2.741,0.889,-0.2055
task-stim01,24.5,25.0,2e-05,4e-05,0.0,3.0,0.9008,0.0,0.1239,1.4773,0.0,0.0954,0.09028,0.1973,1340.82,0.6192,0.4069,0.4001,0.3985,0.5646,0.098,4.37,3.185,0.741,-0.2909
task-stim01,25.0,25.5,0.0,0.0,0.0,3.5,0.9008,0.0,0.1239,1.4772,0.0,0.0954,0.08196,0.2387,1851.45,0.6197,0.4242,0.4578,0.4446,0.4386,0.094,4.0,2.889,0.667,-0.3672
task-stim01,25.5,26.0,0.0,1e-05,0.0,4.0,0.9007,0.0,0.1239,1.4772,0.0,0.0954,0.06284,0.278,1873.53,0.6126,0.3861,0.3893,0.4696,0.3867,0.1155,3.852,2.889,0.889,-0.3461
task-stim01,26.0,26.5,1e-05,3e-05,0.0,4.5,0.9007,0.0,0.1239,1.4771,0.0,0.0954,0.06771,0.2421,1337.03,0.6416,0.3836,0.3914,0.4831,0.5191,0.1038,3.481,2.37,0.519,-0.3391
task-stim01,26.5,27.0,0.07513,0.08828,0.0,5.0,0.3212,0.3667,0.1676,0.8415,0.0,0.0509,0.08539,0.2875,1215.85,0.6669,0.4077,0.431,0.5679,0.5685,0.1051,3.037,1.778,0.519,-0.3384
task-stim01,27.0,27.5,0.0,0.0,0.0,5.5,0.0,0.0,0.0019,0.0018,0.0,0.0,0.0913,0.1714,2441.66,0.4301,0.55,0.5309,0.5743,0.7031,0.0894,3.926,2.667,0.296,-0.0914
task-stim01,27.5,28.0,0.0,0.0,0.0,6.0,0.0,0.0,0.0004,0.0001,0.0,0.0,0.06191,0.2711,2234.92,0.5456,0.6077,0.6532,0.5346,0.5698,0.058,2.222,0.815,0.444,0.5467
task-stim01,28.0,28.5,0.0,0.0,0.0,6.5,0.0,0.0,0.0004,0.0001,0.0,0.0,0.09343,0.2779,1083.5,0.694,0.6071,0.6432,0.5727,0.6451,0.0797,2.222,0.741,0.37,0.8714
task-stim01,28.5,29.0,0.0,0.0,0.0,7.0,0.0,0.0,0.0004,0.0001,0.0,0.0,0.09459,0.2476,2049.51,0.6136,0.6143,0.6366,0.5168,0.6889,0.0727,2.444,1.111,0.519,1.0898
task-stim01,29.0,29.5,0.0,0.0,0.0,7.5,0.0,0.0,0.0004,0.0001,0.0,0.0,0.07705,0.2607,1342.79,0.5615,0.6044,0.6103,0.6567,0.6928,0.0682,2.963,1.778,0.815,1.2567
task-stim01,29.5,30.0,0.0,0.0,0.0,8.0,0.0,0.0,0.0004,0.0001,0.0,0.0,0.07501,0.213,1518.36,0.571,0.6263,0.6784,0.575,0.5752,0.0703,2.148,0.963,0.37,1.3293
task-stim01,30.0,30.5,0.0,0.0,0.0,8.5,0.0,0.0,0.0004,0.0001,0.0,0.0,0.05366,0.2858,2753.44,0.3615,0.5168,0.5644,0.5669,0.4049,0.0955,2.963,1.778,0.889,1.3765
task-stim01,30.5,31.0,0.0,0.0,0.0,9.0,0.0,0.0,0.0004,0.0001,0.0,0.0,0.12577,0.1673,1651.14,0.5709,0.5707,0.5867,0.6128,0.6543,0.1209,2.37,1.185,0.444,1.5515
task-stim01,31.0,31.5,0.0,0.0,0.0,9.5,0.0,0.0,0.0004,0.0001,0.0,0.0,0.10633,0.1554,1240.08,0.7552,0.6203,0.6212,0.6233,0.7407,0.0706,2.741,1.407,0.37,1.6039
task-stim01,31.5,32.0,0.0,1e-05,0.0,10.0,0.0,0.0,0.0004,0.0001,0.0,0.0,0.09279,0.1526,2132.71,0.568,0.594,0.6361,0.5741,0.5421,0.0645,2.889,1.481,0.519,1.6409
task-stim01,32.0,32.5,0.0,0.0,0.0,10.5,0.0,0.0,0.0004,0.0001,0.0,0.0,0.11493,0.164,1566.96,0.6958,0.607,0.6561,0.608,0.4926,0.0746,2.296,0.963,0.37,1.6119
task-stim01,32.5,33.0,0.0,0.0,0.0,11.0,0.0,0.0,0.0004,0.0001,0.0,0.0,0.07024,0.2276,2158.8,0.4426,0.5695,0.5664,0.5906,0.6851,0.0801,2.963,1.704,0.593,1.7593
task-stim01,33.0,33.5,0.0,0.0,0.0,11.5,0.0,0.0,0.0004,0.0001,0.0,0.0,0.05661,0.2587,2367.53,0.4349,0.5155,0.5165,0.5604,0.5842,0.0942,3.185,2.222,0.519,1.8067
task-stim01,33.5,34.0,0.0,0.0,0.0,12.0,0.0,0.0,0.0004,0.0001,0.0,0.0,0.05487,0.2392,1117.09,0.6738,0.4838,0.4864,0.4992,0.7661,0.1095,2.963,1.852,0.667,1.7832
task-stim01,34.0,34.5,1e-05,1e-05,0.0,12.5,0.0,0.0,0.0012,0.0001,0.0,0.0,0.03466,0.417,1238.69,0.4123,0.5345,0.6135,0.4927,0.6081,0.102,2.444,1.185,0.593,1.8148
task-stim01,34.5,35.0,3e-05,2e-05,0.0,13.0,0.0003,0.0001,0.0052,0.0006,0.0,0.0,0.08495,0.1789,3459.28,0.4201,0.4451,0.4617,0.4363,0.5966,0.1388,2.667,1.556,0.889,2.0184
task-stim01,35.0,35.5,5e-05,4e-05,0.0,13.5,0.0008,0.0002,0.0091,0.001,0.0,0.0,0.06146,0.2959,1586.96,0.4698,0.5353,0.5571,0.4003,0.8072,0.1288,2.593,1.333,0.296,1.9266
task-stim01,35.5,36.0,3e-05,5e-05,0.0,14.0,0.0014,0.0001,0.0121,0.0012,0.0,0.0,0.0686,0.2436,2609.51,0.4763,0.5254,0.5374,0.4828,0.6512,0.0968,2.667,1.481,0.741,1.5795
task-stim01,36.0,36.5,0.0,0.0,0.0,14.5,0.0014,0.0,0.0123,0.0012,0.0,0.0,0.07179,0.2114,2393.81,0.5358,0.5908,0.6607,0.2611,0.6733,0.088,2.222,0.963,0.519,1.6443
task-stim01,36.5,37.0,0.0,0.0,0.0,15.0,0.0014,0.0,0.0123,0.0012,0.0,0.0,0.03192,0.3425,1991.35,0.4333,0.5233,0.563,0.248,0.7264,0.0908,2.519,1.259,0.815,1.7306
task-stim01,37.0,37.5,0.10551,0.18992,2.0,0.0,0.6867,0.0294,0.2818,1.1893,0.0,0.124,0.11137,0.2354,1522.32,0.6511,0.5537,0.6054,0.2341,0.7664,0.0582,3.333,2.519,0.815,1.5171
task-stim01,37.5,38.0,0.0332,0.03508,0.0,0.5,0.6669,0.0092,0.2756,1.3282,0.0,0.1173,0.0897,0.2174,2533.69,0.4504,0.4452,0.4622,0.2355,0.6062,0.0678,3.852,3.111,0.815,-0.423
task-stim01,38.0,38.5,0.02416,0.03112,0.0,1.0,0.6428,0.0074,0.283,1.263,0.0,0.1118,0.07645,0.229,2240.6,0.3596,0.465,0.4885,0.3978,0.5283,0.0526,3.778,2.444,0.741,-0.6679
task-stim01,38.5,39.0,0.03478,0.07624,0.0,1.5,0.7395,0.1262,0.2416,1.4747,0.0,0.1134,0.06168,0.2288,2206.09,0.4231,0.5644,0.5781,0.4545,0.6878,0.0567,2.741,1.333,0.519,-0.3783
task-stim01,39.0,39.5,1e-05,1e-05,0.0,2.0,0.9178,0.0,0.1439,1.919,0.0,0.1176,0.05164,0.2436,2419.18,0.456,0.5052,0.5531,0.2767,0.5946,0.0595,3.259,2.074,0.741,-0.3062
task-stim01,39.5,40.0,0.096,0.10649,0.0,2.5,0.6241,0.1732,0.351,1.4569,0.0,0.1198,0.09648,0.2542,3694.37,0.3388,0.4239,0.473,0.3741,0.5185,0.0783,3.407,2.296,0.593,-0.9803
task-stim01,40.0,40.5,1e-05,2e-05,0.0,3.0,0.4784,0.0,0.4132,1.2832,0.0,0.1321,0.10146,0.1586,2510.99,0.4721,0.4118,0.4538,0.2741,0.4981,0.1043,4.296,3.037,0.815,-0.7016
task-stim01,40.5,41.0,0.0,1e-05,0.0,3.5,0.4784,0.0,0.4132,1.2833,0.0,0.1321,0.08414,0.1925,3769.55,0.258,0.4069,0.4229,0.5202,0.3339,0.0957,4.222,2.815,0.593,-0.0773
task-stim01,41.0,41.5,1e-05,1e-05,0.0,4.0,0.4784,0.0,0.4132,1.2835,0.0,0.132,0.04743,0.3041,1120.32,0.5917,0.4621,0.47,0.5183,0.6056,0.0975,3.556,2.0,0.296,0.1114
task-stim01,41.5,42.0,0.0,0.0,0.0,4.5,0.4784,0.0,0.4132,1.2835,0.0,0.132,0.05826,0.2781,2775.51,0.3133,0.4452,0.4602,0.5049,0.6078,0.114,3.704,2.148,0.296,0.0691
task-stim01,42.0,42.5,0.04278,0.10202,2.0,0.0,0.5815,0.1236,0.3547,0.8075,0.0,0.1183,0.0467,0.3839,3584.79,0.2137,0.398,0.3753,0.5004,0.5461,0.1435,3.407,1.926,0.222,0.0498
task-stim01,42.5,43.0,0.06871,0.08663,0.0,0.5,0.6859,0.0436,0.2758,0.1225,0.0,0.076,0.09809,0.175,2393.19,0.5474,0.4532,0.4283,0.573,0.5478,0.0861,4.37,3.259,0.593,-0.3311
task-stim01,43.0,43.5,0.04066,0.05416,0.0,1.0,0.6904,0.0089,0.2812,0.2079,0.0,0.0919,0.0554,0.2973,2098.66,0.4864,0.5062,0.4809,0.5676,0.6238,0.0736,2.963,2.0,0.815,-0.8011
task-stim01,43.5,44.0,0.0334,0.03438,0.0,1.5,0.7077,0.0088,0.2787,0.375,0.0,0.1135,0.06923,0.2531,2545.02,0.382,0.488,0.5099,0.4832,0.4276,0.0668,3.556,2.741,0.815,-0.3703
task-stim01,44.0,44.5,0.02695,0.05722,0.0,2.0,0.8862,0.0957,0.123,0.484,0.0,0.0438,0.04443,0.417,1656.94,0.5745,0.4608,0.4855,0.3206,0.5569,0.0643,4.0,3.185,0.815,-0.3053
task-stim01,44.5,45.0,0.03943,0.09188,2.0,0.0,0.7581,0.1611,0.1865,0.5114,0.0,0.0364,0.08103,0.3846,1273.43,0.5561,0.4382,0.4437,0.4842,0.4983,0.0755,3.259,2.37,0.593,-0.7332
task-stim01,45.0,45.5,0.03966,0.04598,0.0,0.5,0.6642,0.0233,0.2726,0.553,0.0,0.052,0.10332,0.2711,1628.88,0.6433,0.5036,0.4793,0.5527,0.6765,0.0839,4.37,3.407,0.519,-0.5926
task-stim01,45.5,46.0,0.04863,0.05958,0.0,1.0,0.6369,0.0069,0.2748,0.4365,0.0,0.067,0.06311,0.2009,3792.67,0.2467,0.4928,0.4774,0.5807,0.6,0.0631,3.704,2.37,0.444,-0.0662
task-stim01,46.0,46.5,0.05055,0.06276,0.0,1.5,0.7263,0.0618,0.2599,0.8359,0.0,0.085,0.06854,0.2253,2997.55,0.3814,0.4412,0.4313,0.5703,0.5787,0.0554,4.148,2.741,0.741,0.1785
task-stim01,46.5,47.0,0.02033,0.02359,0.0,2.0,0.7666,0.0128,0.2646,0.983,0.0,0.1198,0.07553,0.206,3149.03,0.3301,0.4735,0.4819,0.342,0.6425,0.069,3.852,2.741,0.741,0.1891
task-stim01,47.0,47.5,0.04696,0.05886,0.0,2.5,0.7547,0.0116,0.266,0.8333,0.0,0.1247,0.05761,0.2244,913.47,0.5739,0.4939,0.4848,0.4581,0.6635,0.0935,3.481,2.222,0.667,0.2189
task-stim01,47.5,48.0,0.02889,0.03077,0.0,3.0,0.8021,0.0169,0.2386,1.3311,0.0,0.183,0.09802,0.1747,926.54,0.7965,0.5051,0.499,0.4178,0.7285,0.0917,4.296,2.889,0.519,0.3204
task-stim01,48.0,48.5,0.02979,0.03735,0.0,3.5,0.7808,0.0398,0.2511,1.3199,0.0,0.1835,0.05883,0.3094,1810.01,0.6126,0.4943,0.5226,0.3045,0.6995,0.0749,3.778,2.667,0.815,0.2028
task-stim01,48.5,49.0,0.03692,0.05159,0.0,4.0,0.7874,0.0443,0.2456,1.4433,0.0,0.1828,0.06095,0.31,3210.05,0.3589,0.5212,0.5588,0.3541,0.5769,0.0582,4.148,3.037,0.667,0.1993
task-stim01,49.0,49.5,0.02228,0.0223,0.0,4.5,0.6934,0.015,0.2637,1.2994,0.0,0.131,0.08635,0.1949,2057.91,0.5543,0.453,0.4945,0.3387,0.4657,0.06,4.593,3.259,0.593,0.2508
task-stim01,49.5,50.0,0.02591,0.04173,0.0,5.0,0.7424,0.0474,0.2387,1.5898,0.0,0.1655,0.06493,0.2782,2287.37,0.5665,0.5,0.4816,0.472,0.7568,0.09,3.778,2.37,0.667,0.279
task-stim01,50.0,50.5,0.01176,0.00889,0.0,5.5,0.9052,0.0044,0.1723,2.6897,0.0,0.1959,0.08499,0.2062,2714.27,0.4527,0.4304,0.4576,0.3599,0.5055,0.09,4.593,3.333,0.593,0.2104
task-stim01,50.5,51.0,8e-05,0.00014,0.0,6.0,0.9065,0.0001,0.1848,3.0423,0.0,0.1965,0.05353,0.266,1200.7,0.6257,0.4509,0.4716,0.521,0.43,0.1238,4.963,3.704,0.444,-0.4526
task-stim01,51.0,51.5,3e-05,8e-05,0.0,6.5,0.9065,0.0,0.1849,3.0438,0.0,0.1966,0.08334,0.2105,1626.24,0.5395,0.4107,0.4617,0.3219,0.4541,0.1054,4.519,3.407,0.593,-0.2787
task-stim01,51.5,52.0,1e-05,2e-05,0.0,7.0,0.9065,0.0,0.1849,3.0438,0.0,0.1967,0.0472,0.3656,2043.29,0.5168,0.4462,0.4727,0.3454,0.5735,0.1072,4.0,2.889,0.444,0.1083
task-stim01,52.0,52.5,0.00844,0.00877,0.0,7.5,0.908,0.0028,0.1821,2.9652,0.0,0.1966,0.06872,0.2786,2788.21,0.4314,0.4329,0.4668,0.3656,0.5485,0.1088,3.926,2.593,0.593,0.3465
task-stim01,52.5,53.0,0.01646,0.04613,0.0,8.0,0.8669,0.0768,0.1763,2.0338,0.0,0.1965,0.07555,0.2127,2771.67,0.3863,0.4104,0.4332,0.4107,0.6056,0.108,4.296,3.037,0.519,0.5621
task-stim01,53.0,53.5,0.01611,0.01607,0.0,8.5,0.772,0.007,0.2325,1.921,0.0,0.1955,0.06189,0.2725,2370.69,0.4046,0.4504,0.4488,0.4117,0.5802,0.0951,4.815,3.407,0.296,0.3861
task-stim01,53.5,54.0,0.0165,0.02153,0.0,9.0,0.8103,0.0188,0.2239,2.1654,0.0,0.2082,0.04354,0.3337,2143.32,0.3741,0.5146,0.5117,0.5729,0.6046,0.0978,4.296,3.037,0.37,0.2462
task-stim01,54.0,54.5,0.01201,0.01339,0.0,9.5,0.8344,0.0093,0.2202,2.3334,0.0,0.2168,0.0662,0.3481,1357.09,0.7417,0.4354,0.4478,0.4875,0.4735,0.0977,3.704,2.667,0.667,0.1839
task-stim01,54.5,55.0,0.0106,0.02071,0.0,10.0,0.8904,0.0257,0.176,2.557,0.0,0.2066,0.06043,0.3806,1158.67,0.7518,0.3995,0.4328,0.4444,0.3765,0.1039,3.481,2.444,0.963,0.0944
task-stim01,55.0,55.5,1e-05,1e-05,0.0,10.5,0.9007,0.0,0.1667,2.5986,0.0,0.204,0.05052,0.4685,1891.12,0.6412,0.365,0.3612,0.4125,0.4669,0.1159,3.778,2.667,0.889,-0.2249
task-stim01,55.5,56.0,0.08142,0.10961,2.0,0.0,0.6675,0.1363,0.2504,0.8186,0.0,0.0878,0.08789,0.3801,2807.19,0.4695,0.3839,0.3967,0.3472,0.4463,0.0802,4.741,3.481,0.741,-0.2417
task-stim01,56.0,56.5,0.06735,0.07854,0.0,0.5,0.617,0.0681,0.2868,0.2397,0.0,0.0785,0.11163,0.2245,1136.55,0.7617,0.512,0.533,0.5668,0.4598,0.0634,4.0,2.667,0.519,-0.142
task-stim01,56.5,57.0,0.04934,0.06772,0.0,1.0,0.6245,0.0469,0.2895,0.2537,0.0,0.0732,0.08923,0.2236,1194.06,0.7379,0.5685,0.5391,0.5975,0.7566,0.0542,3.778,2.593,0.519,0.198
task-stim01,57.0,57.5,0.02522,0.07583,0.0,1.5,0.9183,0.0814,0.1019,0.3684,0.0,0.0421,0.06596,0.2499,3996.11,0.2526,0.5013,0.5252,0.5176,0.4187,0.0697,3.481,2.296,0.741,0.2649
task-stim01,57.5,58.0,0.03029,0.06959,0.0,2.0,0.89,0.0874,0.1359,0.418,0.0,0.0542,0.0714,0.1735,1190.62,0.6707,0.437,0.4412,0.337,0.5786,0.067,2.963,2.0,1.185,-0.3023
task-stim01,58.0,58.5,0.03245,0.04178,0.0,2.5,0.76,0.0203,0.2465,0.6018,0.0,0.075,0.10805,0.1908,1077.85,0.7547,0.4532,0.4803,0.2994,0.6243,0.0551,4.222,3.259,0.593,-0.3332
task-stim01,58.5,59.0,0.05776,0.05995,0.0,3.0,0.7733,0.0366,0.2358,0.7498,0.0,0.1046,0.09544,0.1781,1111.5,0.7606,0.5112,0.515,0.4632,0.6581,0.091,3.111,1.926,0.519,-0.0732
task-stim01,59.0,59.5,0.03101,0.05648,0.0,3.5,0.8629,0.082,0.1664,0.9878,0.0,0.0902,0.10225,0.1716,1083.85,0.7387,0.4852,0.4927,0.2988,0.6675,0.0623,3.185,2.148,0.963,-0.0111
task-stim01,59.5,60.0,0.00578,0.01058,0.0,4.0,0.911,0.0204,0.1422,1.1734,0.0,0.0955,0.04017,0.3372,2086.57,0.4955,0.4471,0.4683,0.3586,0.5795,0.094,3.704,2.519,0.667,-0.1768
task-stim01,60.0,60.5,0.02403,0.00747,0.0,4.5,0.6961,0.0803,0.3965,1.7824,0.0,0.1078,0.07974,0.1993,2933.19,0.3525,0.4057,0.3903,0.4067,0.602,0.0642,4.074,2.815,0.593,-0.3389
task-stim01,60.5,61.0,0.01581,0.01164,0.0,5.0,0.4344,0.0597,0.4585,2.4214,0.0,0.0835,0.05457,0.2489,1973.19,0.4157,0.4435,0.4709,0.3236,0.5115,0.0945,4.963,3.778,0.37,-0.18
task-stim01,61.0,61.5,7e-05,6e-05,0.0,5.5,0.3816,0.0001,0.4539,2.6256,0.0,0.0818,0.06056,0.2591,2948.98,0.4039,0.486,0.5337,0.3214,0.5358,0.0858,3.926,2.667,0.444,0.2637
task-stim01,61.5,62.0,2e-05,1e-05,0.0,6.0,0.3819,0.0001,0.4537,2.6303,0.0,0.0818,0.08277,0.1435,1196.99,0.6515,0.4121,0.4342,0.338,0.5147,0.1054,4.296,3.111,0.667,0.4947
task-stim01,62.0,62.5,1e-05,1e-05,0.0,6.5,0.382,0.0,0.4536,2.63,0.0,0.082,0.06011,0.2853,1202.24,0.5959,0.3434,0.3774,0.3201,0.4202,0.1176,4.148,3.185,0.741,0.6855
task-stim01,62.5,63.0,8e-05,0.00018,0.0,7.0,0.3821,0.0,0.4536,2.6308,0.0,0.0821,0.08401,0.1931,1365.84,0.5157,0.3744,0.3944,0.2773,0.4472,0.0954,4.519,3.259,0.519,0.6184
task-stim01,63.0,63.5,0.0,0.0,0.0,7.5,0.3822,0.0,0.4536,2.6391,0.0,0.0825,0.05499,0.2229,3354.85,0.2703,0.4113,0.4317,0.3616,0.559,0.0796,4.222,2.889,0.37,0.6365
task-stim01,63.5,64.0,0.0,1e-05,0.0,8.0,0.3822,0.0,0.4536,2.6392,0.0,0.0825,0.08043,0.156,2327.63,0.498,0.3448,0.3721,0.2595,0.4444,0.1089,3.852,2.741,0.815,0.6243
task-stim01,64.0,64.5,0.03531,0.03726,0.0,8.5,0.3843,0.0048,0.4546,2.7099,0.0,0.0895,0.04157,0.2779,3265.79,0.2339,0.4046,0.4232,0.3235,0.6548,0.1106,3.185,2.074,0.519,0.733
task-stim01,64.5,65.0,0.02881,0.03601,0.0,9.0,0.3821,0.0008,0.4538,2.6756,0.0,0.0801,0.09957,0.1604,2614.91,0.4562,0.4165,0.4237,0.278,0.7154,0.1147,3.926,2.889,0.667,0.7652
task-stim01,65.0,65.5,0.0,1e-05,0.0,9.5,0.3822,0.0,0.4536,2.6592,0.0,0.0751,0.07911,0.2546,2717.33,0.3958,0.417,0.4599,0.237,0.4597,0.0678,3.926,3.259,0.741,0.79
task-stim01,65.5,66.0,0.0003,0.00099,0.0,10.0,0.383,0.0015,0.4536,2.7019,0.0,0.0774,0.03367,0.3284,3068.59,0.2423,0.455,0.476,0.366,0.541,0.0809,3.778,2.815,0.444,0.8521
task-stim01,66.0,66.5,0.0,1e-05,0.0,10.5,0.3856,0.0,0.4536,2.83,0.0,0.0842,0.0834,0.1827,2769.42,0.4628,0.4577,0.4854,0.3564,0.5082,0.0982,3.407,2.222,0.444,0.9691
task-stim01,66.5,67.0,0.0,0.0,0.0,11.0,0.3856,0.0,0.4536,2.8301,0.0,0.0842,0.10507,0.2129,2587.6,0.4237,0.4304,0.4442,0.3283,0.6202,0.0604,3.852,2.815,0.741,0.838
task-stim01,67.0,67.5,0.0,0.0,0.0,11.5,0.3856,0.0,0.4536,2.8302,0.0,0.0842,0.06948,0.3094,3243.72,0.3803,0.4375,0.4632,0.3169,0.5395,0.0972,3.704,2.519,0.519,0.712
task-stim01,67.5,68.0,8e-05,0.00019,0.0,12.0,0.3856,0.0,0.4536,2.829,0.0,0.0841,0.10521,0.1776,2843.94,0.4784,0.4525,0.5004,0.4206,0.3919,0.0841,3.259,2.222,0.519,0.8161
task-stim01,68.0,68.5,0.0,0.0,0.0,12.5,0.3856,0.0,0.4535,2.8279,0.0,0.0841,0.08231,0.2632,2056.53,0.6205,0.3367,0.3714,0.3165,0.2875,0.0779,3.63,2.741,1.259,0.8303
task-stim01,68.5,69.0,0.0009,0.00298,0.0,13.0,0.3855,0.0001,0.4522,2.6788,0.0,0.0794,0.05405,0.2707,3541.75,0.3182,0.4216,0.4266,0.3438,0.5596,0.0849,3.111,2.222,0.593,0.806
task-stim01,69.0,69.5,0.0,1e-05,0.0,13.5,0.3853,0.0,0.4503,2.4705,0.0,0.0727,0.10369,0.155,3282.49,0.376,0.4077,0.4159,0.346,0.4495,0.0782,4.0,2.889,0.667,0.8388
task-stim01,69.5,70.0,0.0,0.0,0.0,14.0,0.3853,0.0,0.4503,2.4702,0.0,0.0727,0.08133,0.2304,2527.56,0.5086,0.4407,0.4738,0.3921,0.4891,0.0751,2.889,1.852,0.593,0.7371
task-stim01,70.0,70.5,0.0,1e-05,0.0,14.5,0.3853,0.0,0.4503,2.4703,0.0,0.0727,0.08029,0.2016,2500.96,0.4516,0.4517,0.495,0.3329,0.5085,0.0563,3.407,2.741,0.593,0.798
task-stim01,70.5,71.0,0.00049,0.0016,0.0,15.0,0.3838,0.0018,0.4515,2.4934,0.0,0.0735,0.0599,0.2833,4195.59,0.151,0.4101,0.4501,0.2611,0.5086,0.0955,3.556,2.741,0.593,0.7711
task-stim01,71.0,71.5,0.0,1e-05,0.0,15.5,0.3818,0.0,0.4532,2.5257,0.0,0.0746,0.13273,0.1406,2573.13,0.5152,0.3945,0.4191,0.4299,0.5075,0.1088,3.63,2.593,0.593,0.8681
task-stim01,71.5,72.0,0.0,1e-05,0.0,16.0,0.3818,0.0,0.4532,2.5262,0.0,0.0746,0.09371,0.231,3220.28,0.4146,0.4389,0.4715,0.3536,0.4698,0.0906,3.407,2.815,0.667,0.9019
task-stim01,72.0,72.5,0.0,0.0,0.0,16.5,0.3817,0.0,0.4532,2.5263,0.0,0.0746,0.06084,0.2864,1472.04,0.5907,0.4373,0.4655,0.3505,0.4653,0.072,3.111,2.444,0.741,0.8882
task-stim01,72.5,73.0,7e-05,0.00016,0.0,17.0,0.3818,0.0,0.4532,2.5252,0.0,0.0746,0.06231,0.2392,2725.02,0.5384,0.3953,0.3911,0.4548,0.5678,0.1283,3.556,2.37,0.444,0.9427
task-stim01,73.0,73.5,0.0,0.0,0.0,17.5,0.3818,0.0,0.4532,2.5217,0.0,0.0746,0.07073,0.2326,974.88,0.5842,0.4088,0.4534,0.3878,0.4856,0.1182,3.778,2.296,0.519,0.8455
task-stim01,73.5,74.0,0.0,0.0,0.0,18.0,0.3818,0.0,0.4532,2.5217,0.0,0.0746,0.09227,0.2339,2104.34,0.6031,0.4185,0.4392,0.4535,0.6629,0.1403,3.556,2.222,0.519,0.8929
task-stim01,74.0,74.5,0.0002,0.00066,0.0,18.5,0.3823,0.0002,0.4531,2.5354,0.0,0.0749,0.06704,0.3038,3590.01,0.3556,0.4428,0.4139,0.6365,0.5933,0.1295,3.481,2.296,0.519,0.89
task-stim01,74.5,75.0,0.0,0.0,0.0,19.0,0.3824,0.0,0.453,2.5378,0.0,0.0749,0.08713,0.2571,1826.34,0.6251,0.4331,0.4275,0.4231,0.5159,0.092,3.63,2.667,0.741,0.8512
task-stim01,75.0,75.5,0.0,0.0,0.0,19.5,0.3824,0.0,0.453,2.5377,0.0,0.0749,0.05638,0.3063,2761.7,0.5086,0.4318,0.4569,0.4532,0.436,0.0991,3.926,3.185,0.741,0.9848
task-stim01,75.5,76.0,0.0,0.0,0.0,20.0,0.3824,0.0,0.453,2.5376,0.0,0.0749,0.06117,0.4166,3067.6,0.361,0.4069,0.4311,0.544,0.3977,0.1482,3.481,2.222,0.741,1.0436
task-stim01,76.0,76.5,0.0,0.0,0.0,20.5,0.3824,0.0,0.453,2.5376,0.0,0.0749,0.06654,0.2495,2495.66,0.4744,0.4536,0.4762,0.5297,0.4983,0.1186,4.0,2.593,0.519,1.0938
task-stim01,76.5,77.0,0.00049,0.00162,0.0,21.0,0.382,0.0003,0.4524,2.6175,0.0,0.0792,0.09387,0.1847,1820.55,0.4816,0.4992,0.5061,0.6142,0.5888,0.1184,3.481,2.222,0.37,1.1063
task-stim01,77.0,77.5,0.0,0.0,0.0,21.5,0.3818,0.0,0.4522,2.6456,0.0,0.0807,0.12944,0.2436,2282.99,0.5205,0.4385,0.4203,0.5339,0.5653,0.0692,4.519,3.481,0.519,1.0314
task-stim01,77.5,78.0,7e-05,0.00018,0.0,22.0,0.3818,0.0,0.4522,2.6454,0.0,0.0807,0.07316,0.324,2890.86,0.4074,0.4095,0.3909,0.4197,0.5381,0.1031,4.444,3.556,0.593,0.8795
task-stim01,78.0,78.5,0.0,0.0,0.0,22.5,0.3818,0.0,0.4522,2.6462,0.0,0.0807,0.09301,0.2191,2505.71,0.5235,0.4432,0.4348,0.4096,0.5202,0.1048,3.852,2.815,0.593,0.9623
task-stim01,78.5,79.0,0.0,1e-05,0.0,23.0,0.3818,0.0,0.4522,2.6461,0.0,0.0807,0.06436,0.3595,3342.18,0.2446,0.3783,0.4183,0.4082,0.3853,0.1025,4.889,3.63,0.593,1.0257
task-stim01,79.0,79.5,0.0,1e-05,0.0,23.5,0.3818,0.0,0.4522,2.6461,0.0,0.0807,0.07329,0.1765,4264.31,0.1656,0.3616,0.3854,0.4014,0.3721,0.1417,3.926,2.667,0.667,0.8595
task-stim01,79.5,80.0,0.0,1e-05,0.0,24.0,0.3818,0.0,0.4521,2.6461,0.0,0.0807,0.05049,0.4831,1789.58,0.6041,0.4293,0.4731,0.5184,0.3889,0.1343,3.852,2.444,0.519,0.9267
task-stim01,80.0,80.5,0.0,0.0,0.0,24.5,0.3818,0.0,0.4521,2.646,0.0,0.0807,0.04532,0.542,3168.21,0.4662,0.4737,0.4852,0.5936,0.5277,0.119,3.259,1.778,0.444,0.8374
task-stim01,80.5,81.0,0.0,1e-05,0.0,25.0,0.3818,0.0,0.4521,2.646,0.0,0.0807,0.03466,0.3932,3554.92,0.3255,0.4865,0.4746,0.6328,0.5783,0.1044,3.481,2.0,0.148,0.9393
task-stim01,81.0,81.5,0.0,0.0,0.0,25.5,0.3818,0.0,0.4521,2.646,0.0,0.0807,0.09236,0.1998,1608.45,0.6387,0.4131,0.3847,0.5483,0.5254,0.1342,3.556,2.37,0.519,1.03
task-stim01,81.5,82.0,0.0,1e-05,0.0,26.0,0.3818,0.0,0.4521,2.6461,0.0,0.0807,0.10655,0.2539,1916.68,0.5447,0.3669,0.3554,0.4941,0.6274,0.1231,3.185,2.37,0.667,1.2706
task-stim01,82.0,82.5,0.0,0.0,0.0,26.5,0.3818,0.0,0.4521,2.646,0.0,0.0807,0.05986,0.2547,2149.99,0.6036,0.3695,0.4444,0.3485,0.3369,0.0852,3.852,3.185,1.037,1.2003
task-stim01,82.5,83.0,0.0,0.0,0.0,27.0,0.3818,0.0,0.4521,2.646,0.0,0.0807,0.09105,0.1271,1287.53,0.6392,0.347,0.3798,0.2969,0.4335,0.1065,4.296,3.481,0.889,1.0575
task-stim01,83.0,83.5,0.0136,0.04248,0.0,27.5,0.4881,0.0651,0.39,14.5389,0.0,0.2285,0.05951,0.2677,2092.1,0.4172,0.3753,0.3487,0.3553,0.6256,0.1306,4.222,3.185,0.593,0.9122
task-stim01,83.5,84.0,1e-05,1e-05,0.0,28.0,0.5279,0.0,0.3667,19.0156,0.0,0.284,0.07883,0.1658,1056.8,0.6188,0.4059,0.4159,0.3798,0.6575,0.1008,4.37,3.333,0.296,0.2844
task-stim01,84.0,84.5,1e-05,1e-05,0.0,28.5,0.5279,0.0,0.3667,19.0156,0.0,0.284,0.05576,0.4356,1901.93,0.5871,0.4207,0.4257,0.3337,0.607,0.11,4.0,3.037,0.37,-0.6231
task-stim01,84.5,85.0,1e-05,1e-05,0.0,29.0,0.5279,0.0,0.3667,19.0156,0.0,0.284,0.08381,0.2265,1045.92,0.5192,0.4214,0.42,0.2903,0.6385,0.0755,4.074,2.963,0.444,-0.8901
task-stim01,85.0,85.5,1e-05,0.0,0.0,29.5,0.5279,0.0,0.3667,19.0156,0.0,0.284,0.03765,0.4279,2689.33,0.4883,0.3948,0.4346,0.3334,0.471,0.0924,3.704,2.519,0.741,-0.7705
task-stim01,85.5,86.0,1e-05,1e-05,0.0,30.0,0.5279,0.0,0.3667,19.0156,0.0,0.284,0.05655,0.1926,2930.58,0.2105,0.3444,0.344,0.2932,0.557,0.0955,3.778,2.889,0.741,-0.4912
task-stim01,86.0,86.5,1e-05,1e-05,0.0,30.5,0.5279,0.0,0.3667,19.0156,0.0,0.284,0.06228,0.2042,3550.07,0.2198,0.3674,0.3924,0.3446,0.5289,0.0963,3.63,2.593,0.593,-0.4843
task-stim01,86.5,87.0,1e-05,1e-05,0.0,31.0,0.5279,0.0,0.3667,19.0156,0.0,0.284,0.05425,0.4146,3736.48,0.3171,0.3641,0.3716,0.5005,0.5684,0.1107,3.556,2.296,0.667,-0.4347
task-stim01,87.0,87.5,0.0901,0.08903,0.0,31.5,0.6336,0.0778,0.3313,14.0089,0.0,0.3317,0.05843,0.6681,1526.97,0.7082,0.3612,0.3852,0.3092,0.4986,0.1083,3.407,2.296,0.444,-0.4438
task-stim01,87.5,88.0,4e-05,6e-05,0.0,32.0,0.707,0.0,0.2998,9.8973,0.0,0.2834,0.07749,0.166,3402.9,0.2584,0.3829,0.3713,0.4857,0.5865,0.114,4.519,3.556,0.815,-0.4795
task-stim01,88.0,88.5,5e-05,6e-05,0.0,32.5,0.707,0.0,0.2997,9.8998,0.0,0.2834,0.08743,0.2016,1935.57,0.459,0.4377,0.4528,0.5662,0.5309,0.0949,4.37,3.185,0.37,-0.8095
task-stim01,88.5,89.0,2e-05,3e-05,0.0,33.0,0.707,0.0,0.2997,9.8976,0.0,0.2834,0.07683,0.1814,2321.5,0.5517,0.3863,0.4361,0.368,0.608,0.1046,4.222,3.037,0.444,-0.9415
task-stim01,89.0,89.5,4e-05,5e-05,0.0,33.5,0.707,0.0,0.2997,9.8979,0.0,0.2834,0.06906,0.4616,1313.03,0.5882,0.3265,0.3565,0.2426,0.4714,0.1293,4.074,2.963,0.815,-0.9656
task-stim01,89.5,90.0,3e-05,4e-05,0.0,34.0,0.707,0.0,0.2997,9.8979,0.0,0.2834,0.04557,0.3039,2436.66,0.543,0.3682,0.3808,0.4601,0.3882,0.11,4.0,2.667,0.593,-0.861
task-stim01,90.0,90.5,2e-05,1e-05,0.0,34.5,0.707,0.0,0.2997,9.8973,0.0,0.2834,0.03433,0.3837,1713.1,0.3446,0.4158,0.4429,0.429,0.4809,0.1194,4.296,2.889,0.37,-0.8954
task-stim01,90.5,91.0,0.03829,0.07507,0.0,35.0,0.716,0.0092,0.2735,0.2474,0.0,0.0366,0.07068,0.332,1286.44,0.5247,0.3706,0.4077,0.3398,0.4624,0.0996,4.593,3.704,0.815,-0.8787
task-stim01,91.0,91.5,0.02911,0.05593,0.0,35.5,0.8788,0.0985,0.1033,0.0758,0.0,0.0264,0.09223,0.161,1267.39,0.6486,0.4451,0.4691,0.3883,0.5413,0.0636,3.037,2.148,1.037,-0.8366
task-stim01,91.5,92.0,0.00052,0.00141,0.0,36.0,0.9485,0.0,0.0229,0.0147,0.0,0.002,0.05856,0.2948,2673.0,0.3306,0.467,0.4652,0.3514,0.62,0.0591,2.37,1.037,0.889,-1.0935
task-stim01,92.0,92.5,0.0001,6e-05,0.0,36.5,0.9485,0.0,0.023,0.0147,0.0,0.0019,0.064,0.2326,2888.6,0.3684,0.4208,0.3992,0.3527,0.7195,0.0873,2.667,1.481,1.037,-1.2317
task-stim01,92.5,93.0,4e-05,3e-05,0.0,37.0,0.9485,0.0,0.0229,0.0147,0.0,0.002,0.10112,0.1491,1385.47,0.6314,0.442,0.4203,0.4647,0.6347,0.0972,2.519,1.63,0.963,-1.3197
task-stim01,93.0,93.5,6e-05,3e-05,0.0,37.5,0.9485,0.0,0.0229,0.0147,0.0,0.002,0.06483,0.2669,2206.97,0.4602,0.4146,0.4413,0.3402,0.4026,0.0615,2.37,1.778,1.185,-1.1177
task-stim01,93.5,94.0,4e-05,2e-05,0.0,38.0,0.9484,0.0,0.0229,0.0147,0.0,0.002,0.05355,0.4199,1404.34,0.5674,0.409,0.369,0.5487,0.586,0.0871,2.963,2.296,0.963,-1.0117
task-stim01,94.0,94.5,0.00393,0.00744,0.0,38.5,0.9489,0.0064,0.0228,0.0146,0.0,0.0019,0.06433,0.4354,1604.61,0.6543,0.48,0.4418,0.5875,0.6443,0.0871,2.815,1.63,0.519,-1.0896
task-stim01,94.5,95.0,0.02056,0.0247,0.0,39.0,0.8988,0.0249,0.1211,0.0327,0.0,0.0308,0.09236,0.1273,2947.22,0.438,0.4618,0.4753,0.4273,0.5224,0.1073,3.037,1.704,0.444,-0.998
task-stim01,95.0,95.5,0.01799,0.02823,0.0,39.5,0.8972,0.0399,0.1239,0.0425,0.0,0.0402,0.08849,0.1348,1195.51,0.6628,0.5732,0.5575,0.553,0.7254,0.0553,2.667,1.333,0.444,-0.975
task-stim01,95.5,96.0,2e-05,5e-05,0.0,40.0,0.9498,0.0001,0.0294,0.0247,0.0,0.0042,0.07833,0.2796,1181.4,0.5164,0.4782,0.4845,0.6479,0.3849,0.081,2.222,0.963,0.741,-0.9604
task-stim01,96.0,96.5,3e-05,6e-05,0.0,40.5,0.9497,0.0,0.0294,0.0247,0.0,0.0042,0.07683,0.2777,1935.15,0.5548,0.5167,0.4926,0.7137,0.5153,0.0612,2.815,1.63,0.667,-1.1278
task-stim01,96.5,97.0,1e-05,3e-05,0.0,41.0,0.9495,0.0,0.0294,0.0247,0.0,0.0041,0.04645,0.3907,1166.8,0.6376,0.5525,0.5383,0.5813,0.6986,0.0618,2.148,0.889,0.519,-0.9816
task-stim01,97.0,97.5,1e-05,2e-05,0.0,41.5,0.9496,0.0,0.0294,0.0247,0.0,0.0041,0.07037,0.2144,1961.29,0.497,0.4755,0.4237,0.4994,0.7443,0.0627,2.889,1.556,0.963,-1.0692
task-stim01,97.5,98.0,0.0,1e-05,0.0,42.0,0.9496,0.0,0.0294,0.0247,0.0,0.0041,0.0675,0.207,1657.19,0.5848,0.533,0.4747,0.646,0.7555,0.0672,2.37,0.963,0.667,-1.038
task-stim01,98.0,98.5,0.0,0.0,0.0,42.5,0.9496,0.0,0.0294,0.0247,0.0,0.0041,0.06275,0.5006,2122.21,0.633,0.4852,0.4489,0.6946,0.5891,0.0913,2.519,1.111,0.593,-1.0587
task-stim01,98.5,99.0,0.07701,0.25337,2.0,0.0,0.3388,0.4319,0.0917,0.2901,0.0,0.0132,0.12266,0.6451,1463.74,0.7481,0.4949,0.5523,0.5307,0.2918,0.0794,2.741,1.704,0.667,-1.0231
task-stim01,99.0,99.5,0.00378,0.00152,0.0,0.5,0.0408,0.0039,0.1371,0.4877,0.0,0.0225,0.06789,0.2732,2196.24,0.4879,0.4303,0.4592,0.3653,0.5257,0.0568,3.926,2.741,0.667,-0.6611
task-stim01,99.5,100.0,0.0124,0.00457,0.0,1.0,0.0678,0.0131,0.1767,0.7734,0.0,0.0429,0.11039,0.158,2411.7,0.5153,0.4949,0.4611,0.5004,0.7535,0.0883,3.037,1.852,0.519,-0.2188
task-stim01,100.0,100.5,0.03824,0.0134,0.0,1.5,0.1555,0.0383,0.2534,1.6054,0.0,0.0932,0.09403,0.1888,2133.53,0.5095,0.463,0.4856,0.3772,0.5839,0.0775,3.63,2.667,0.444,0.1098
task-stim01,100.5,101.0,0.07095,0.01794,0.0,2.0,0.32,0.0579,0.3059,2.7073,0.0,0.1574,0.06102,0.294,2893.24,0.4077,0.4762,0.4563,0.4977,0.6787,0.0964,3.407,2.148,0.519,0.2321
task-stim01,101.0,101.5,0.11734,0.02354,0.0,2.5,0.3513,0.0543,0.3121,4.0519,0.0,0.2712,0.08644,0.2436,2838.25,0.4253,0.4293,0.4316,0.5687,0.5375,0.1,4.0,2.741,0.593,0.3143
task-stim01,101.5,102.0,0.03814,0.0349,0.0,3.0,0.2901,0.0133,0.3124,2.5962,0.0,0.2675,0.09785,0.2476,2325.07,0.5802,0.4913,0.4595,0.5765,0.6588,0.1027,3.333,2.37,0.593,0.4784
task-stim01,102.0,102.5,3e-05,9e-05,0.0,3.5,0.3005,0.0,0.3164,2.5036,0.0,0.2562,0.07112,0.2239,2517.47,0.4525,0.4911,0.4595,0.6505,0.6146,0.1073,3.926,2.741,0.667,0.7482
task-stim01,102.5,103.0,0.0,1e-05,0.0,4.0,0.3005,0.0,0.3164,2.5071,0.0,0.2562,0.0724,0.2644,3908.87,0.301,0.4569,0.4385,0.5385,0.6471,0.0987,3.63,2.222,0.741,0.9914
task-stim01,103.0,103.5,0.0,1e-05,0.0,4.5,0.3005,0.0,0.3164,2.5073,0.0,0.2562,0.07413,0.214,1103.93,0.5035,0.474,0.5351,0.3207,0.5115,0.1052,3.852,2.519,0.667,1.1241
task-stim01,103.5,104.0,0.03638,0.02883,0.0,5.0,0.1018,0.0825,0.1931,1.8266,0.0,0.1005,0.04937,0.457,1030.82,0.6394,0.511,0.4839,0.5255,0.7527,0.1085,3.111,1.704,0.444,1.148
task-stim01,104.0,104.5,3e-05,3e-05,0.0,5.5,0.0322,0.0,0.126,1.4492,0.0,0.0065,0.13414,0.1105,1340.1,0.6743,0.4982,0.5105,0.4797,0.4946,0.0855,4.444,3.259,0.444,1.131
task-stim01,104.5,105.0,0.0,1e-05,0.0,6.0,0.0322,0.0,0.126,1.4492,0.0,0.0065,0.09361,0.1915,1763.69,0.5444,0.432,0.4262,0.372,0.6596,0.0773,4.296,3.259,0.593,1.0891
task-stim01,105.0,105.5,1e-05,1e-05,0.0,6.5,0.0322,0.0,0.126,1.4492,0.0,0.0064,0.07164,0.2811,2746.79,0.4288,0.4811,0.4701,0.4727,0.6977,0.0867,3.704,2.37,0.37,1.06
task-stim01,105.5,106.0,0.02907,0.03629,0.0,7.0,0.2574,0.1277,0.1564,0.6964,0.0,0.1069,0.06822,0.4015,1419.67,0.6233,0.5475,0.609,0.4243,0.5871,0.0975,3.407,1.852,0.37,1.1444
task-stim01,106.0,106.5,1e-05,3e-05,0.0,7.5,0.3579,0.0,0.1374,0.4658,0.0,0.1388,0.08656,0.2266,2292.19,0.5519,0.4544,0.4831,0.2633,0.5938,0.114,4.296,2.963,0.593,0.529
task-stim01,106.5,107.0,4e-05,5e-05,0.0,8.0,0.3579,0.0,0.1374,0.4627,0.0,0.1386,0.09509,0.1411,1213.18,0.5728,0.3739,0.403,0.3524,0.5164,0.1225,4.074,2.963,0.519,0.1234
task-stim01,107.0,107.5,2e-05,3e-05,0.0,8.5,0.3579,0.0,0.1374,0.4611,0.0,0.1386,0.06225,0.3625,1218.59,0.6334,0.3868,0.4162,0.3314,0.4716,0.1389,3.63,2.519,0.222,0.2853
task-stim01,107.5,108.0,0.01434,0.02263,0.0,9.0,0.3377,0.035,0.1545,0.5768,0.0,0.1454,0.02057,0.7345,4630.32,0.1645,0.3793,0.3909,0.3046,0.5193,0.1323,3.185,2.0,0.222,0.1516
task-stim01,108.0,108.5,0.0042,0.01056,0.0,9.5,0.2401,0.0001,0.2368,1.7212,0.0,0.2436,0.12062,0.2855,1456.41,0.6852,0.3501,0.3588,0.2915,0.5081,0.1056,3.852,3.111,0.815,0.1332
task-stim01,108.5,109.0,0.00048,0.00129,0.0,10.0,0.24,0.0,0.2375,1.7795,0.0,0.2459,0.09805,0.1311,2343.42,0.4705,0.452,0.5095,0.4012,0.4048,0.0857,4.074,3.185,0.593,-0.0189
task-stim01,109.0,109.5,3e-05,4e-05,0.0,10.5,0.24,0.0,0.2376,1.7981,0.0,0.2468,0.08325,0.2357,2031.54,0.6046,0.3736,0.4002,0.3609,0.4231,0.1102,4.148,2.667,0.593,-0.5273
task-stim01,109.5,110.0,2e-05,4e-05,0.0,11.0,0.24,0.0,0.2376,1.7979,0.0,0.2468,0.06301,0.2512,1989.42,0.4884,0.3399,0.3437,0.4155,0.4585,0.1104,4.074,2.815,0.593,-0.6452
task-stim01,110.0,110.5,3e-05,3e-05,0.0,11.5,0.24,0.0,0.2376,1.7974,0.0,0.2468,0.0704,0.2484,1370.05,0.567,0.3763,0.3791,0.4607,0.4863,0.1243,4.222,2.889,0.37,-0.7184
task-stim01,110.5,111.0,1e-05,2e-05,0.0,12.0,0.24,0.0,0.2376,1.7971,0.0,0.2468,0.05592,0.2407,3036.83,0.2998,0.3704,0.3746,0.4289,0.5126,0.1196,3.852,2.593,0.37,-0.6983
task-stim01,111.0,111.5,0.04407,0.14603,2.0,0.0,0.3136,0.1647,0.2436,1.5253,0.0,0.2115,0.04843,0.3127,2792.8,0.4662,0.3995,0.4039,0.4385,0.6232,0.1095,3.63,2.222,0.222,-0.5881
task-stim01,111.5,112.0,0.07358,0.08008,0.0,0.5,0.6958,0.0339,0.2711,0.4228,0.0,0.0499,0.09327,0.1741,2553.09,0.4486,0.3998,0.4219,0.4182,0.4048,0.0867,3.926,2.444,0.815,-0.735
task-stim01,112.0,112.5,0.05585,0.05952,0.0,1.0,0.6335,0.037,0.2572,0.2885,0.0,0.0348,0.09527,0.2985,1335.8,0.693,0.5117,0.49,0.6895,0.5862,0.0507,2.815,1.556,0.741,-1.2056
task-stim01,112.5,113.0,0.035,0.03589,0.0,1.5,0.6641,0.0076,0.2731,0.4433,0.0,0.04,0.07482,0.1955,2727.24,0.4634,0.5912,0.5496,0.7078,0.7312,0.0606,3.63,2.074,0.444,-0.7194
task-stim01,113.0,113.5,0.03288,0.06793,0.0,2.0,0.8557,0.1157,0.1659,0.7947,0.0,0.0265,0.09076,0.2349,2208.06,0.6037,0.5325,0.5271,0.5391,0.622,0.066,3.333,1.852,0.667,-0.5883
task-stim01,113.5,114.0,0.03977,0.08651,0.0,2.5,0.7153,0.129,0.2412,0.5309,0.0,0.0335,0.078,0.1815,3555.8,0.2976,0.4637,0.4225,0.5487,0.7129,0.0803,3.852,2.593,0.815,-1.0069
task-stim01,114.0,114.5,0.01975,0.02575,0.0,3.0,0.6488,0.0137,0.2885,0.4438,0.0,0.0374,0.06846,0.355,2562.31,0.5163,0.5299,0.4907,0.6389,0.6892,0.0706,2.667,1.259,0.667,-0.9325
task-stim01,114.5,115.0,0.0299,0.0838,0.0,3.5,0.862,0.1273,0.1519,0.7936,0.0,0.0224,0.05271,0.4047,1124.95,0.6202,0.5888,0.5812,0.5783,0.7191,0.0664,2.074,0.741,0.37,-0.4268
task-stim01,115.0,115.5,0.02295,0.03258,0.0,4.0,0.8548,0.0364,0.1862,0.8971,0.0,0.0713,0.04463,0.3867,2909.96,0.431,0.4568,0.4526,0.4353,0.5498,0.0722,3.111,1.852,1.037,-1.0846
task-stim01,115.5,116.0,0.03453,0.04348,0.0,4.5,0.8021,0.0493,0.2204,1.0076,0.0,0.113,0.07248,0.219,3803.88,0.2456,0.4263,0.4225,0.494,0.4888,0.0963,5.259,3.852,0.593,-1.0471
task-stim01,116.0,116.5,0.04301,0.06454,0.0,5.0,0.7504,0.0775,0.2367,0.8552,0.0,0.097,0.05601,0.2712,1080.63,0.6193,0.441,0.4386,0.4845,0.5457,0.0816,4.37,3.037,0.444,-0.6899
task-stim01,116.5,117.0,0.00367,0.004,0.0,5.5,0.9176,0.0042,0.1275,1.3522,0.0,0.109,0.067,0.4476,2658.34,0.4735,0.4847,0.4945,0.3979,0.5607,0.0958,4.222,2.889,0.519,-0.5219
task-stim01,117.0,117.5,0.00112,0.00362,0.0,6.0,0.9131,0.0,0.1317,1.7372,0.0,0.109,0.07159,0.3424,1742.81,0.6419,0.3863,0.4086,0.3515,0.4167,0.1235,4.889,3.556,0.37,-0.9904
task-stim01,117.5,118.0,1e-05,2e-05,0.0,6.5,0.913,0.0,0.1317,1.7369,0.0,0.1091,0.06236,0.3596,1442.06,0.6113,0.5424,0.5246,0.5752,0.6354,0.0723,2.889,1.704,0.741,-1.079
task-stim01,118.0,118.5,1e-05,1e-05,0.0,7.0,0.913,0.0,0.1317,1.7368,0.0,0.1091,0.06827,0.2467,2968.7,0.4061,0.4962,0.507,0.5524,0.4961,0.0902,3.111,1.852,0.519,-0.9663
task-stim01,118.5,119.0,0.0,0.0,0.0,7.5,0.913,0.0,0.1317,1.7368,0.0,0.1091,0.07552,0.3299,1925.46,0.2443,0.4435,0.4469,0.5388,0.4941,0.0983,3.481,2.37,0.815,-0.8656
task-stim01,119.0,119.5,0.07559,0.06878,0.0,8.0,0.662,0.2177,0.3235,2.0869,0.0,0.0953,0.07357,0.1835,2086.02,0.3223,0.4624,0.4551,0.4847,0.6488,0.0747,2.963,1.926,0.519,-0.7361
task-stim01,119.5,120.0,0.0,0.0,0.0,8.5,0.3861,0.0,0.4521,3.1816,0.0,0.0734,0.07037,0.3001,2347.7,0.5076,0.3799,0.4205,0.3251,0.4782,0.0861,5.037,3.926,0.667,-0.5433
task-stim01,120.0,120.5,1e-05,1e-05,0.0,9.0,0.3861,0.0,0.4521,3.1815,0.0,0.0734,0.08065,0.1796,2679.55,0.4125,0.4055,0.4038,0.3875,0.5655,0.079,4.519,3.407,0.444,-0.1409
task-stim01,120.5,121.0,0.0,1e-05,0.0,9.5,0.3861,0.0,0.4521,3.1813,0.0,0.0734,0.08617,0.2052,1307.51,0.5833,0.4015,0.3973,0.4642,0.5158,0.0978,4.593,3.407,0.444,0.0881
task-stim01,121.0,121.5,0.0,1e-05,0.0,10.0,0.3861,0.0,0.4521,3.1813,0.0,0.0734,0.06429,0.2823,1983.84,0.5036,0.4355,0.4053,0.5967,0.461,0.07,4.0,2.667,0.667,0.0649
task-stim01,121.5,122.0,0.0,0.0,0.0,10.5,0.3861,0.0,0.4521,3.1816,0.0,0.0734,0.08,0.2102,1394.95,0.5573,0.4098,0.3959,0.5013,0.4335,0.0692,3.926,2.815,0.519,0.2081
task-stim01,122.0,122.5,0.0,0.0,0.0,11.0,0.3861,0.0,0.4521,3.1816,0.0,0.0734,0.07017,0.1978,1454.06,0.6172,0.3457,0.3519,0.3526,0.386,0.0969,4.37,3.481,0.815,0.0188
task-stim01,122.5,123.0,0.0,1e-05,0.0,11.5,0.3861,0.0,0.4521,3.1816,0.0,0.0734,0.05214,0.2742,2636.98,0.3931,0.3718,0.3889,0.3084,0.4337,0.0813,3.778,2.593,0.667,0.3451
task-stim01,123.0,123.5,1e-05,2e-05,0.0,12.0,0.3861,0.0,0.4521,3.1812,0.0,0.0734,0.06321,0.3266,1290.83,0.7112,0.4019,0.4301,0.3326,0.4564,0.0852,4.519,3.037,0.444,0.4341
task-stim01,123.5,124.0,0.07834,0.07816,0.0,12.5,0.6652,0.1359,0.3984,3.4782,0.0,0.1327,0.09931,0.1634,2920.8,0.4105,0.4202,0.4088,0.4094,0.5836,0.075,3.704,2.444,0.519,0.4114
task-stim01,124.0,124.5,0.00018,0.00048,0.0,13.0,0.7721,0.0002,0.356,3.1174,0.0,0.1627,0.07895,0.2457,2229.09,0.5226,0.368,0.3932,0.3438,0.4878,0.111,4.963,4.148,0.37,-0.186
task-stim01,124.5,125.0,0.0,1e-05,0.0,13.5,0.7724,0.0,0.3562,3.1301,0.0,0.1628,0.07661,0.2351,1181.92,0.6197,0.3784,0.3892,0.3123,0.4921,0.0914,3.778,2.963,0.444,-0.5919
task-stim01,125.0,125.5,0.0,1e-05,0.0,14.0,0.7724,0.0,0.3562,3.1287,0.0,0.1628,0.08946,0.1931,1846.3,0.6542,0.3573,0.3774,0.3349,0.4388,0.1169,4.074,3.037,0.37,-0.639
task-stim01,125.5,126.0,0.0,1e-05,0.0,14.5,0.7724,0.0,0.3562,3.1285,0.0,0.1628,0.0693,0.259,2394.06,0.4358,0.3337,0.382,0.3244,0.4145,0.1051,4.222,3.333,0.519,-0.6727
task-stim01,126.0,126.5,0.0,0.0,0.0,15.0,0.7724,0.0,0.3562,3.1283,0.0,0.1628,0.04215,0.3387,2256.19,0.3688,0.3529,0.3543,0.3219,0.5485,0.0945,3.407,2.815,0.667,-0.6782
task-stim01,126.5,127.0,0.0,0.0,0.0,15.5,0.7724,0.0,0.3562,3.1283,0.0,0.1628,0.06033,0.3499,2231.49,0.6015,0.376,0.3492,0.3593,0.5537,0.1057,3.481,2.889,0.741,-0.5844
task-stim01,127.0,127.5,0.08116,0.11316,0.0,16.0,0.6531,0.0727,0.2791,0.8652,0.0,0.0741,0.09737,0.231,2704.12,0.4369,0.3503,0.3708,0.3672,0.4596,0.0987,3.852,3.111,0.667,-0.4147
task-stim01,127.5,128.0,0.07947,0.08532,0.0,16.5,0.6543,0.0397,0.269,0.2247,0.0,0.0491,0.1413,0.133,2379.06,0.51,0.4541,0.4829,0.4714,0.5359,0.0651,3.111,2.296,0.667,-0.3336
task-stim01,128.0,128.5,0.04606,0.04889,0.0,17.0,0.6744,0.0667,0.2521,0.2614,0.0,0.023,0.07504,0.2218,2520.24,0.4996,0.3854,0.3959,0.3702,0.4135,0.0699,3.481,2.741,1.037,-0.2864
task-stim01,128.5,129.0,0.03599,0.08243,0.0,17.5,0.9053,0.0801,0.0912,0.2987,0.0,0.0218,0.08634,0.1991,2279.42,0.5803,0.4023,0.4206,0.2708,0.575,0.1088,3.704,2.741,0.741,-0.4983
task-stim01,129.0,129.5,1e-05,2e-05,0.0,18.0,0.9511,0.0,0.0377,0.3066,0.0,0.0075,0.09278,0.1514,2858.73,0.4214,0.2925,0.2692,0.3254,0.5968,0.1182,3.63,2.444,0.889,-0.8151
task-stim01,129.5,130.0,0.0,1e-05,0.0,18.5,0.9511,0.0,0.0377,0.3066,0.0,0.0074,0.07422,0.2213,1385.25,0.5928,0.333,0.352,0.1966,0.5769,0.1035,4.148,3.333,0.963,-0.9555
task-stim01,130.0,130.5,0.03056,0.05051,0.0,19.0,0.8622,0.0751,0.1555,0.4295,0.0,0.0606,0.05992,0.2401,3475.96,0.3505,0.4226,0.4552,0.3372,0.5405,0.084,4.0,3.407,0.519,-0.9319
task-stim01,130.5,131.0,0.02693,0.03082,0.0,19.5,0.7786,0.0196,0.2586,0.4362,0.0,0.0626,0.12631,0.1792,1933.05,0.6482,0.45,0.4796,0.4135,0.5075,0.0998,3.852,3.037,0.519,-0.7522
task-stim01,131.0,131.5,0.0443,0.04945,0.0,20.0,0.7955,0.0276,0.2497,0.5237,0.0,0.0799,0.11522,0.1806,988.65,0.6391,0.4913,0.503,0.4506,0.6889,0.0862,2.889,1.778,0.593,-0.4283
task-stim01,131.5,132.0,0.02843,0.0388,0.0,20.5,0.8388,0.0602,0.1907,0.777,0.0,0.0973,0.08371,0.1711,1696.46,0.5934,0.4458,0.4425,0.4907,0.6125,0.0808,3.63,2.444,0.593,-0.5689
task-stim01,132.0,132.5,0.00826,0.02128,0.0,21.0,0.9023,0.0363,0.1247,1.0032,0.0,0.0928,0.06682,0.2375,2947.1,0.3797,0.4251,0.417,0.4292,0.6431,0.073,3.926,2.667,0.741,-0.5363
task-stim01,132.5,133.0,0.00799,0.00873,0.0,21.5,0.8474,0.0072,0.1862,0.9882,0.0,0.1015,0.08611,0.2356,3579.25,0.2308,0.3726,0.391,0.3453,0.4647,0.1119,4.963,3.556,0.741,-0.8106
task-stim01,133.0,133.5,0.01524,0.01545,0.0,22.0,0.8813,0.0104,0.1624,1.1512,0.0,0.1166,0.09715,0.19,1202.72,0.7337,0.4658,0.4826,0.3926,0.6628,0.1143,2.519,1.407,0.667,-0.6199
task-stim01,133.5,134.0,0.01117,0.01849,0.0,22.5,0.8984,0.0247,0.1529,1.174,0.0,0.1133,0.08134,0.2215,3161.51,0.2652,0.4456,0.4531,0.3674,0.6973,0.1309,3.259,2.296,0.444,-0.7309
task-stim01,134.0,134.5,0.00016,9e-05,0.0,23.0,0.9311,0.0,0.1041,1.2165,0.0,0.1003,0.06914,0.2507,2065.78,0.6144,0.4198,0.421,0.3791,0.6065,0.1207,2.963,2.148,0.741,-0.7079
task-stim01,134.5,135.0,0.00616,0.0201,0.0,23.5,0.9251,0.0201,0.1144,1.2425,0.0,0.1051,0.0563,0.3459,2442.12,0.4882,0.3427,0.3626,0.3264,0.414,0.1033,3.407,2.741,0.889,-0.9114
task-stim01,135.0,135.5,0.0364,0.03726,0.0,24.0,0.5224,0.1299,0.2831,1.5297,0.0,0.2203,0.11151,0.2752,2150.48,0.6001,0.2945,0.2876,0.3874,0.5358,0.1145,3.926,3.037,0.815,-0.9026
task-stim01,135.5,136.0,6e-05,9e-05,0.0,24.5,0.4301,0.0,0.2666,1.452,0.0,0.2232,0.11101,0.1221,3272.58,0.3562,0.3265,0.3532,0.3566,0.4843,0.1286,4.37,3.407,0.444,-0.696
task-stim01,136.0,136.5,2e-05,2e-05,0.0,25.0,0.4301,0.0,0.2666,1.4499,0.0,0.2231,0.08626,0.2031,1322.64,0.7437,0.3605,0.401,0.2778,0.4833,0.1133,4.074,2.741,0.37,-0.3383
task-stim01,136.5,137.0,4e-05,4e-05,0.0,25.5,0.4301,0.0,0.2666,1.4495,0.0,0.2231,0.06928,0.2681,1911.29,0.4936,0.3266,0.3536,0.2834,0.3879,0.1254,4.148,2.889,0.444,-0.1427
task-stim01,137.0,137.5,3e-05,3e-05,0.0,26.0,0.4301,0.0,0.2666,1.4502,0.0,0.2231,0.07729,0.1996,3673.26,0.3033,0.3184,0.3363,0.2592,0.5469,0.1374,4.074,3.111,0.667,0.0036
task-stim01,137.5,138.0,3e-05,3e-05,0.0,26.5,0.4301,0.0,0.2666,1.4499,0.0,0.2231,0.07688,0.215,1306.06,0.6106,0.3819,0.3922,0.3761,0.6029,0.1289,4.222,3.407,0.296,-0.0625
task-stim01,138.0,138.5,2e-05,1e-05,0.0,27.0,0.4301,0.0,0.2666,1.4497,0.0,0.2231,0.04649,0.3887,3227.15,0.3531,0.333,0.3411,0.3416,0.5771,0.1256,4.593,3.333,0.667,-0.0703
task-stim01,138.5,139.0,0.00042,0.00117,0.0,27.5,0.43,0.0001,0.2667,1.4559,0.0,0.2233,0.1035,0.2136,2214.01,0.6033,0.3202,0.3282,0.3754,0.4092,0.1329,4.222,3.037,0.593,-0.0619
task-stim01,139.0,139.5,2e-05,3e-05,0.0,28.0,0.4299,0.0,0.2668,1.4692,0.0,0.2237,0.07606,0.2006,1661.88,0.4373,0.3392,0.3625,0.4231,0.3998,0.1257,3.704,2.593,0.444,0.1582
task-stim01,139.5,140.0,3e-05,4e-05,0.0,28.5,0.4299,0.0,0.2668,1.4696,0.0,0.2237,0.10398,0.1242,1380.75,0.5174,0.2771,0.2925,0.3937,0.3528,0.145,3.852,2.815,0.815,0.2573
task-stim01,140.0,140.5,1e-05,2e-05,0.0,29.0,0.4299,0.0,0.2668,1.4693,0.0,0.2237,0.08133,0.1955,2135.56,0.5743,0.3072,0.3285,0.4652,0.4918,0.1247,4.074,3.037,0.519,0.3089
task-stim01,140.5,141.0,2e-05,3e-05,0.0,29.5,0.4299,0.0,0.2668,1.4694,0.0,0.2237,0.04397,0.3514,1934.4,0.4867,0.2837,0.2919,0.2406,0.4811,0.1239,3.481,2.667,0.741,0.259
task-stim01,141.0,141.5,2e-05,3e-05,0.0,30.0,0.4299,0.0,0.2668,1.4693,0.0,0.2237,0.05801,0.2599,3701.19,0.2546,0.2825,0.2878,0.4229,0.4818,0.1459,3.333,2.593,0.667,0.2669
task-stim01,141.5,142.0,2e-05,2e-05,0.0,30.5,0.4299,0.0,0.2668,1.4694,0.0,0.2237,0.05054,0.2905,2118.07,0.5368,0.2899,0.2927,0.4876,0.4002,0.1549,2.963,2.148,0.444,0.4796
task-stim01,142.0,142.5,0.02378,0.07882,0.0,31.0,0.4359,0.0198,0.2633,1.3527,0.0,0.2119,0.03894,0.3152,3939.53,0.1639,0.2852,0.2852,0.3041,0.4856,0.1503,3.852,2.889,0.815,0.5441
task-stim01,142.5,143.0,0.00165,0.00055,0.0,31.5,0.5031,0.0008,0.2268,0.0609,0.0,0.0807,0.12989,0.1404,1670.86,0.4517,0.334,0.3539,0.3027,0.4518,0.1379,4.444,3.259,0.444,0.5535
task-stim01,143.0,143.5,0.00732,0.0051,0.0,32.0,0.5088,0.0028,0.2269,0.0539,0.0,0.0807,0.14198,0.094,968.09,0.622,0.4691,0.4782,0.3711,0.6634,0.0765,3.778,2.741,0.444,0.0895
task-stim01,143.5,144.0,0.00192,0.0006,0.0,32.5,0.5142,0.0005,0.2271,0.0622,0.0,0.0811,0.09174,0.1888,1320.03,0.6416,0.5106,0.4878,0.4583,0.8088,0.0829,2.667,1.63,0.593,0.098
task-stim01,144.0,144.5,0.00678,0.00498,0.0,33.0,0.5114,0.0011,0.2284,0.057,0.0,0.0799,0.07817,0.2661,2161.03,0.5012,0.4645,0.4204,0.5727,0.6587,0.0688,3.407,2.296,0.667,0.3581
task-stim01,144.5,145.0,0.00237,0.00071,0.0,33.5,0.5092,0.0009,0.23,0.0629,0.0,0.0802,0.07989,0.2925,1814.67,0.5303,0.5301,0.5622,0.4358,0.6311,0.0924,2.963,1.778,0.37,0.3979
task-stim01,145.0,145.5,0.00876,0.00378,0.0,34.0,0.5086,0.0009,0.2266,0.0551,0.0,0.0796,0.11055,0.2127,1809.37,0.5417,0.4523,0.5095,0.3665,0.4271,0.076,3.407,2.444,0.667,0.532
task-stim01,145.5,146.0,0.04009,0.03723,0.0,34.5,0.6151,0.1451,0.2385,0.2364,0.0,0.0794,0.08588,0.2059,1512.33,0.6257,0.4994,0.5309,0.4162,0.5581,0.0929,2.963,2.074,0.519,0.6148
task-stim01,146.0,146.5,0.00288,0.00943,0.0,35.0,0.9503,0.0,0.0838,0.7529,0.0,0.073,0.08109,0.1911,1896.88,0.5226,0.3398,0.3574,0.3435,0.437,0.0861,4.519,3.778,1.111,0.0893
task-stim01,146.5,147.0,2e-05,3e-05,0.0,35.5,0.9502,0.0,0.0838,0.7542,0.0,0.0731,0.0678,0.1836,1967.24,0.5221,0.3713,0.3801,0.4071,0.444,0.0871,2.815,2.296,1.037,-1.2831
task-stim01,147.0,147.5,8e-05,0.00023,0.0,36.0,0.9502,0.0001,0.0839,0.7541,0.0,0.0735,0.07193,0.1766,2689.7,0.4251,0.3575,0.3752,0.3605,0.4343,0.0797,4.148,3.333,0.815,-1.2436
task-stim01,147.5,148.0,0.00017,0.0001,0.0,36.5,0.949,0.0006,0.0854,0.7727,0.0,0.0787,0.08615,0.1619,3965.43,0.2421,0.3784,0.3953,0.4397,0.5613,0.0918,4.222,3.037,0.444,-1.0764
task-stim01,148.0,148.5,0.0001,0.00013,0.0,37.0,0.9471,0.0003,0.0876,0.8033,0.0,0.0789,0.09077,0.1608,2139.65,0.5034,0.4038,0.4122,0.519,0.4252,0.1037,4.741,3.407,0.444,-1.0125
task-stim01,148.5,149.0,0.0,1e-05,0.0,37.5,0.9469,0.0,0.0877,0.8058,0.0,0.0789,0.04992,0.2781,2184.73,0.5167,0.3959,0.3683,0.5121,0.5924,0.1035,4.148,2.741,0.519,-0.9117
task-stim01,149.0,149.5,0.0,0.0,0.0,38.0,0.9469,0.0,0.0877,0.8057,0.0,0.0789,0.05976,0.244,2466.44,0.4343,0.3741,0.3652,0.4301,0.608,0.1268,3.852,2.519,0.37,-0.8094
task-stim01,149.5,150.0,0.02914,0.09655,2.0,0.0,0.8898,0.1278,0.116,0.6922,0.0,0.0724,0.04203,0.3384,1216.76,0.6458,0.3715,0.399,0.3459,0.5073,0.1157,4.148,2.889,0.37,-0.7557
task-stim01,150.0,150.5,0.04482,0.09781,2.0,0.0,0.7672,0.1766,0.1538,0.192,0.0,0.0201,0.12202,0.1253,2066.41,0.6338,0.3765,0.3962,0.2085,0.5186,0.1037,4.222,3.111,0.667,-0.6971
task-stim01,150.5,151.0,0.04216,0.06865,0.0,0.5,0.7372,0.093,0.243,0.3074,0.0,0.075,0.06149,0.2482,3119.81,0.505,0.4738,0.4903,0.3825,0.5863,0.0924,3.926,2.741,0.667,-0.5571
task-stim01,151.0,151.5,0.03697,0.04312,0.0,1.0,0.7093,0.0163,0.2838,0.3863,0.0,0.0994,0.0921,0.1467,3026.86,0.4271,0.4536,0.4225,0.4389,0.656,0.0698,3.926,2.741,0.889,-0.4839
task-stim01,151.5,152.0,0.07068,0.09416,0.0,1.5,0.7209,0.0952,0.2424,0.4346,0.0,0.0737,0.09096,0.1928,2224.95,0.5402,0.4706,0.4919,0.3466,0.6408,0.0982,2.519,1.556,0.667,-0.1374
task-stim01,152.0,152.5,0.00128,0.00414,0.0,2.0,0.9454,0.0001,0.0769,0.4528,0.0,0.0182,0.08263,0.2185,1835.88,0.5072,0.4261,0.4257,0.35,0.6424,0.0605,3.704,3.111,0.815,-0.216
task-stim01,152.5,153.0,5e-05,6e-05,0.0,2.5,0.9455,0.0001,0.0769,0.453,0.0,0.0183,0.07727,0.2091,2347.5,0.5452,0.3469,0.3684,0.353,0.4362,0.1052,3.259,2.593,0.741,-0.7986
task-stim01,153.0,153.5,1e-05,3e-05,0.0,3.0,0.9454,0.0,0.0769,0.453,0.0,0.0182,0.0634,0.2387,1776.38,0.572,0.3904,0.3847,0.2937,0.6259,0.0969,3.185,2.296,0.741,-0.5552
task-stim01,153.5,154.0,1e-05,1e-05,0.0,3.5,0.9454,0.0,0.0769,0.453,0.0,0.0182,0.06312,0.2561,3776.31,0.252,0.3635,0.349,0.3525,0.6368,0.11,3.407,2.37,0.741,-0.5368
task-stim01,154.0,154.5,0.05278,0.07574,0.0,4.0,0.7264,0.0344,0.2526,0.8371,0.0,0.0437,0.06894,0.3013,1557.83,0.522,0.4047,0.423,0.2592,0.5534,0.0771,4.815,3.63,0.37,-0.4035
task-stim01,154.5,155.0,0.03066,0.0362,0.0,4.5,0.8155,0.0282,0.2252,1.2385,0.0,0.0793,0.16246,0.0948,1238.87,0.7912,0.4409,0.46,0.409,0.5649,0.0805,4.667,3.778,0.741,-0.3096
task-stim01,155.0,155.5,0.02537,0.03057,0.0,5.0,0.7854,0.0194,0.2454,1.2644,0.0,0.0718,0.13769,0.115,2043.56,0.5334,0.4082,0.4394,0.2519,0.5799,0.089,4.37,3.63,0.667,-0.0756
task-stim01,155.5,156.0,0.01523,0.0294,0.0,5.5,0.8725,0.0461,0.169,1.6741,0.0,0.1035,0.07606,0.1921,2356.51,0.4516,0.4453,0.4604,0.3662,0.6061,0.073,4.296,3.407,0.593,0.1578
task-stim01,156.0,156.5,0.01417,0.00547,0.0,6.0,0.8924,0.0043,0.1623,2.3081,0.0,0.1679,0.10964,0.222,1123.86,0.6682,0.4113,0.4355,0.3154,0.5178,0.0806,3.852,2.815,0.519,-0.0157
task-stim01,156.5,157.0,0.00133,0.00253,0.0,6.5,0.89,0.0001,0.1664,2.8524,0.0,0.2178,0.12158,0.1385,1807.92,0.6558,0.4203,0.4127,0.4429,0.5167,0.1125,4.519,3.481,0.593,-0.3212
task-stim01,157.0,157.5,1e-05,2e-05,0.0,7.0,0.8899,0.0,0.1664,2.8581,0.0,0.2178,0.08389,0.1976,2480.44,0.5433,0.3655,0.3866,0.3384,0.4172,0.0805,4.148,3.259,0.815,-0.2404
task-stim01,157.5,158.0,0.0,1e-05,0.0,7.5,0.8899,0.0,0.1663,2.8581,0.0,0.2177,0.0671,0.27,2665.87,0.4311,0.4187,0.4139,0.3614,0.5725,0.0865,4.37,3.407,0.444,-0.1966
task-stim01,158.0,158.5,0.04348,0.10325,2.0,0.0,0.8132,0.133,0.1894,2.1683,0.0,0.172,0.02239,0.7202,1468.07,0.6103,0.3869,0.3753,0.4312,0.5303,0.0965,4.519,3.63,0.593,-0.2488
task-stim01,158.5,159.0,0.06017,0.08793,0.0,0.5,0.6319,0.0836,0.237,0.0713,0.0,0.0276,0.11283,0.2736,1501.16,0.7218,0.3438,0.3474,0.436,0.4018,0.0901,4.148,2.889,0.889,-0.263
task-stim01,159.0,159.5,0.0438,0.05414,0.0,1.0,0.5666,0.015,0.2273,0.0401,0.0,0.0324,0.11054,0.3099,2805.26,0.488,0.4671,0.4512,0.4854,0.654,0.0735,3.481,2.296,0.667,-0.1623
task-stim01,159.5,160.0,0.03392,0.0407,0.0,1.5,0.6231,0.0275,0.2407,0.0603,0.0,0.0258,0.1066,0.1905,2027.44,0.6571,0.5127,0.4722,0.6647,0.6113,0.0493,4.074,3.185,0.889,0.0972
task-stim01,160.0,160.5,0.01922,0.02588,0.0,2.0,0.6457,0.011,0.2664,0.0678,0.0,0.0215,0.13944,0.1603,1980.13,0.6492,0.5351,0.5183,0.5411,0.6207,0.0471,4.519,3.778,0.593,0.0585
task-stim01,160.5,161.0,0.0184,0.02949,0.0,2.5,0.6943,0.0195,0.2731,0.0721,0.0,0.0196,0.1337,0.1562,1042.63,0.8067,0.5206,0.5188,0.4929,0.6966,0.0572,3.63,2.667,0.593,-0.0602
task-stim01,161.0,161.5,0.01587,0.02208,0.0,3.0,0.7427,0.0273,0.2572,0.0763,0.0,0.0183,0.07787,0.3382,1215.13,0.6788,0.5519,0.5419,0.4762,0.7376,0.0482,3.481,2.296,0.519,-0.1471
task-stim01,161.5,162.0,0.01994,0.05182,0.0,3.5,0.8579,0.0913,0.121,0.0681,0.0,0.0087,0.09554,0.2209,1329.26,0.7042,0.5332,0.548,0.311,0.7399,0.0553,3.259,2.0,0.519,-0.159
task-stim01,162.0,162.5,2e-05,3e-05,0.0,4.0,0.9351,0.0,0.0292,0.0643,0.0,0.0021,0.09744,0.1351,1011.93,0.6035,0.3725,0.3849,0.3523,0.3596,0.0726,4.074,2.963,0.815,-0.4806
task-stim01,162.5,163.0,1e-05,3e-05,0.0,4.5,0.935,0.0,0.0292,0.0643,0.0,0.0021,0.06144,0.4397,1395.47,0.5921,0.31,0.3594,0.2404,0.2295,0.0811,3.704,2.889,1.185,-0.9198
task-stim01,163.0,163.5,0.06139,0.08739,0.0,5.0,0.7901,0.0838,0.2271,0.3695,0.0,0.078,0.1227,0.2471,1276.38,0.8034,0.3438,0.3511,0.3035,0.5283,0.1131,3.704,2.963,0.741,-0.9767
task-stim01,163.5,164.0,0.02025,0.0265,0.0,5.5,0.8113,0.022,0.2414,0.4001,0.0,0.0463,0.08817,0.2155,3619.49,0.2212,0.3615,0.3526,0.3511,0.4689,0.1157,4.222,3.333,0.667,-0.7867
task-stim01,164.0,164.5,0.01535,0.01832,0.0,6.0,0.8005,0.0101,0.248,0.3656,0.0,0.0428,0.09691,0.1757,2036.97,0.6627,0.4386,0.4714,0.3765,0.6281,0.1294,2.741,1.481,0.37,-0.6175
task-stim01,164.5,165.0,0.0087,0.01104,0.0,6.5,0.7934,0.0084,0.2559,0.3471,0.0,0.0445,0.05629,0.3427,2611.53,0.4758,0.4792,0.4775,0.3617,0.8,0.129,2.444,1.037,0.519,-0.4486
task-stim01,165.0,165.5,0.0204,0.0229,0.0,7.0,0.7974,0.0113,0.2367,0.3195,0.0,0.0564,0.078,0.1501,1922.99,0.4212,0.4894,0.4688,0.492,0.8015,0.1133,2.148,0.963,0.519,-0.326
task-stim01,165.5,166.0,0.01831,0.02643,0.0,7.5,0.8019,0.0259,0.2342,0.3673,0.0,0.048,0.125,0.0935,1206.68,0.5208,0.541,0.5517,0.4998,0.7879,0.0875,2.0,0.963,0.519,-0.2822
task-stim01,166.0,166.5,0.02678,0.03464,0.0,8.0,0.8071,0.0418,0.2319,0.3765,0.0,0.0445,0.06907,0.2966,2607.54,0.375,0.5202,0.5976,0.4349,0.4299,0.102,2.074,0.815,0.519,-0.4731
task-stim01,166.5,167.0,0.03384,0.04739,0.0,8.5,0.8605,0.064,0.1676,0.4225,0.0,0.0445,0.13248,0.1229,1452.16,0.6848,0.4507,0.4582,0.5128,0.488,0.1142,2.889,1.556,0.593,-0.6802
task-stim01,167.0,167.5,2e-05,6e-05,0.0,9.0,0.9427,0.0,0.069,0.4303,0.0,0.0155,0.06406,0.3116,1974.2,0.6546,0.3982,0.4021,0.4393,0.5814,0.1253,3.037,1.926,0.815,-1.0818
task-stim01,167.5,168.0,3e-05,6e-05,0.0,9.5,0.9427,0.0001,0.069,0.4302,0.0,0.0155,0.07173,0.3098,1477.0,0.5454,0.3614,0.3711,0.3541,0.6676,0.1387,3.556,2.296,0.963,-1.3062
task-stim01,168.0,168.5,1e-05,2e-05,0.0,10.0,0.9426,0.0,0.069,0.4302,0.0,0.0155,0.10792,0.2529,1328.22,0.5039,0.4306,0.4095,0.4861,0.5791,0.1058,3.333,2.222,0.741,-1.1406
task-stim01,168.5,169.0,0.00231,0.0048,0.0,10.5,0.9415,0.0037,0.0692,0.3712,0.0,0.0132,0.02187,0.6482,1506.99,0.6238,0.3956,0.4091,0.5632,0.4656,0.12,3.259,2.148,0.444,-1.2641
task-stim01,169.0,169.5,0.0153,0.02266,0.0,11.0,0.8181,0.0252,0.3053,0.4277,0.0,0.0043,0.13794,0.2509,2043.09,0.6183,0.3687,0.3726,0.33,0.5153,0.1226,5.111,3.556,0.444,-1.1429
task-stim01,169.5,170.0,0.01177,0.01972,0.0,11.5,0.6968,0.0491,0.3625,0.7371,0.0,0.0374,0.09235,0.1725,2601.24,0.4143,0.4849,0.4863,0.5453,0.4675,0.0815,3.556,2.222,0.37,-0.9317
task-stim01,170.0,170.5,1e-05,2e-05,0.0,12.0,0.61,0.0,0.3973,0.8845,0.0,0.0704,0.08271,0.1559,2155.92,0.4948,0.3796,0.3839,0.3835,0.4559,0.1482,3.852,2.741,0.593,-0.352
task-stim01,170.5,171.0,1e-05,1e-05,0.0,12.5,0.61,0.0,0.3973,0.8847,0.0,0.0704,0.06954,0.2903,1139.8,0.62,0.3784,0.3441,0.5537,0.5422,0.1749,3.111,1.778,0.815,-0.1907
task-stim01,171.0,171.5,0.02728,0.0481,0.0,13.0,0.5591,0.1011,0.401,0.9167,0.0,0.0714,0.0725,0.2675,3173.67,0.4023,0.3569,0.3265,0.5401,0.5857,0.1659,3.556,2.074,0.593,-0.4512
task-stim01,171.5,172.0,0.02359,0.05346,0.0,13.5,0.0096,0.0275,0.0259,0.0681,0.0,0.0039,0.12939,0.2004,1155.43,0.6634,0.4022,0.414,0.3489,0.5145,0.1457,3.037,1.778,0.815,-0.2623
task-stim01,172.0,172.5,0.0,0.0,0.0,14.0,0.0,0.0,0.001,0.0001,0.0,0.0,0.09721,0.1928,1441.38,0.5954,0.4458,0.4423,0.4593,0.5675,0.1165,2.963,1.704,0.741,0.1692
task-stim01,172.5,173.0,1e-05,1e-05,0.0,14.5,0.0001,0.0,0.0033,0.0003,0.0,0.0,0.08627,0.2254,1507.81,0.5716,0.4136,0.3942,0.4192,0.6235,0.1424,3.037,1.704,1.037,0.4007
task-stim01,173.0,173.5,2e-05,1e-05,0.0,15.0,0.0003,0.0001,0.006,0.0008,0.0,0.0,0.05736,0.2724,3150.83,0.362,0.4932,0.4874,0.4023,0.7304,0.1383,2.741,1.407,0.519,0.5514
task-stim01,173.5,174.0,0.0,0.0,0.0,15.5,0.0004,0.0,0.0071,0.0013,0.0,0.0,0.06475,0.3575,1223.23,0.7516,0.5544,0.5471,0.4704,0.7562,0.0907,2.296,0.889,0.519,0.6942
task-stim01,174.0,174.5,0.0,0.0,0.0,16.0,0.0004,0.0,0.0072,0.0013,0.0,0.0,0.0374,0.4828,4950.6,0.15,0.5387,0.5164,0.4938,0.7649,0.0734,2.444,0.963,0.741,0.6451
task-stim01,174.5,175.0,0.0,0.0,0.0,16.5,0.0004,0.0,0.0072,0.0013,0.0,0.0,0.14088,0.1797,2074.95,0.646,0.5082,0.4908,0.4601,0.766,0.1031,2.444,0.889,0.667,0.891
task-stim01,175.0,175.5,0.0,0.0,0.0,17.0,0.0004,0.0,0.0072,0.0013,0.0,0.0,0.09915,0.213,2872.06,0.4539,0.4595,0.4435,0.4584,0.6928,0.1332,2.741,1.556,0.963,1.0236
task-stim01,175.5,176.0,0.05437,0.18023,2.0,0.0,0.1091,0.243,0.0548,0.079,0.0,0.0125,0.06441,0.2914,3001.07,0.3834,0.445,0.4544,0.4305,0.5983,0.1493,2.519,1.407,0.889,1.0538
task-stim01,176.0,176.5,0.09979,0.10498,0.0,0.5,0.6562,0.075,0.2736,0.5114,0.0,0.0604,0.11972,0.1969,1497.58,0.6598,0.4632,0.4497,0.4326,0.6466,0.1192,4.0,2.519,0.519,0.5246
task-stim01,176.5,177.0,0.08958,0.09356,0.0,1.0,0.686,0.0679,0.2591,0.5791,0.0,0.0638,0.10105,0.2085,2133.64,0.5957,0.4733,0.5005,0.3397,0.6458,0.0715,2.889,1.407,0.37,-1.0379
task-stim01,177.0,177.5,0.08843,0.10667,0.0,1.5,0.6493,0.0875,0.2513,0.4619,0.0,0.0571,0.04642,0.4057,2259.66,0.4146,0.4797,0.456,0.5459,0.6542,0.0698,3.111,1.926,0.519,-1.1387
task-stim01,177.5,178.0,0.0971,0.10558,0.0,2.0,0.7086,0.0835,0.2663,0.6836,0.0,0.0754,0.06946,0.1835,2407.58,0.4469,0.4339,0.4016,0.6975,0.6961,0.1045,2.667,1.556,0.444,-0.9804
task-stim01,178.0,178.5,0.01051,0.03476,0.0,2.5,0.8941,0.0,0.1645,1.2221,0.0,0.0771,0.05834,0.269,4494.66,0.1973,0.4237,0.3845,0.516,0.6374,0.1128,4.0,2.815,0.37,-0.95
task-stim01,178.5,179.0,1e-05,2e-05,0.0,3.0,0.894,0.0,0.1645,1.2222,0.0,0.0771,0.07717,0.2166,2982.99,0.4058,0.3831,0.3985,0.3855,0.4805,0.1053,3.704,2.444,0.667,-1.0212
task-stim01,179.0,179.5,0.0,1e-05,0.0,3.5,0.894,0.0,0.1645,1.2221,0.0,0.077,0.03905,0.4229,2370.3,0.4697,0.3913,0.44,0.3718,0.5763,0.1017,3.556,2.37,0.667,-1.0224
task-stim01,179.5,180.0,0.0,1e-05,0.0,4.0,0.894,0.0,0.1645,1.2223,0.0,0.077,0.05055,0.2466,1554.79,0.6479,0.3971,0.448,0.3868,0.4579,0.1042,3.333,2.074,0.296,-0.85
task-stim01,180.0,180.5,0.0009,0.00136,0.0,4.5,0.8945,0.0012,0.1649,1.2367,0.0,0.078,0.07962,0.2956,1727.41,0.7172,0.3906,0.4064,0.4724,0.4823,0.1248,3.556,2.148,0.37,-0.8095
task-stim01,180.5,181.0,0.00252,0.00158,0.0,5.0,0.9067,0.003,0.1718,1.3088,0.0,0.084,0.1241,0.196,1729.52,0.6413,0.4075,0.4084,0.523,0.6281,0.1202,2.963,1.704,0.296,-0.9647
task-stim01,181.0,181.5,0.00383,0.00179,0.0,5.5,0.9033,0.0072,0.1667,1.1158,0.0,0.0771,0.06075,0.2604,1641.28,0.606,0.4285,0.3853,0.6272,0.6409,0.1057,2.667,1.63,0.444,-1.3226
task-stim01,181.5,182.0,0.00192,0.00056,0.0,6.0,0.8903,0.0008,0.1626,1.079,0.0,0.0744,0.05425,0.2609,1222.71,0.7056,0.3834,0.3731,0.536,0.6779,0.0922,2.296,1.481,0.593,-1.6765
task-stim01,182.0,182.5,0.00036,0.00045,0.0,6.5,0.8915,0.0005,0.1647,1.1909,0.0,0.0771,0.02075,0.5679,1496.87,0.5474,0.378,0.3982,0.5662,0.672,0.1133,2.444,1.481,0.444,-1.6996
task-stim01,182.5,183.0,0.00018,0.00018,0.0,7.0,0.8895,0.0005,0.166,1.2147,0.0,0.0779,0.01312,0.7342,595.31,0.4209,0.4019,0.3857,0.5419,0.5758,0.1226,3.704,2.37,0.296,-1.472
task-stim01,183.0,183.5,0.00012,8e-05,0.0,7.5,0.8893,0.0002,0.1661,1.2149,0.0,0.078,0.01136,0.798,734.43,0.3716,0.4715,0.4758,0.5789,0.5763,0.1257,3.778,2.296,0.296,-1.2276
task-stim01,183.5,184.0,0.00019,0.00026,0.0,8.0,0.8913,0.0004,0.1645,1.1947,0.0,0.0767,0.0114,0.7983,371.42,0.2738,0.3396,0.3492,0.4565,0.4761,0.1339,3.778,2.593,0.815,-0.8463
task-stim01,184.0,184.5,4e-05,9e-05,0.0,8.5,0.8916,0.0,0.1644,1.1917,0.0,0.0768,0.01019,0.8679,532.91,0.2455,0.3407,0.3736,0.5028,0.3294,0.1347,3.333,2.889,0.815,-0.589
task-stim02,0.0,0.5,0.0468,0.0821,0.0,0.25,0.7326,0.1076,0.2302,0.1069,0.0,0.0258,0.0016,1.0,1695.99,0.2528,0.3864,0.4339,0.6036,0.566,0.1469,3.259,2.963,0.074,2.8951
task-stim02,0.5,1.0,0.04001,0.04779,0.0,0.75,0.7328,0.0243,0.2822,0.2443,0.0,0.0543,0.00379,1.0,1360.94,0.302,0.5073,0.525,0.5315,0.7358,0.136,4.0,2.593,0.444,1.0364
task-stim02,1.0,1.5,0.04101,0.04726,0.0,1.25,0.7892,0.0231,0.2765,0.5001,0.0,0.0892,0.1949,0.1914,1440.16,0.6577,0.5037,0.5432,0.5091,0.6149,0.109,4.37,3.111,0.37,0.7789
task-stim02,1.5,2.0,0.02804,0.04829,0.0,1.75,0.9026,0.0636,0.1567,0.8115,0.0,0.0746,0.10681,0.1084,3268.14,0.2149,0.4583,0.4657,0.5221,0.6228,0.1186,4.444,3.185,0.593,1.3616
task-stim02,2.0,2.5,3e-05,6e-05,0.0,2.25,0.9381,0.0,0.1096,0.8281,0.0,0.0545,0.10938,0.1309,4289.22,0.182,0.4307,0.4127,0.5217,0.779,0.1253,4.222,3.037,0.815,1.1825
task-stim02,2.5,3.0,0.07113,0.08261,0.0,2.75,0.7422,0.0464,0.2936,0.2916,0.0,0.1032,0.10165,0.2509,2139.08,0.5746,0.4761,0.5169,0.4714,0.5951,0.1264,3.852,2.444,0.519,1.3553
task-stim02,3.0,3.5,0.05978,0.06819,0.0,3.25,0.7589,0.0386,0.2778,0.4562,0.0,0.0927,0.1853,0.159,1515.13,0.7444,0.4459,0.4706,0.4945,0.5223,0.1274,3.852,2.37,0.519,1.6224
task-stim02,3.5,4.0,0.04519,0.06105,0.0,3.75,0.6993,0.0589,0.2761,0.4257,0.0,0.0718,0.07504,0.219,1568.21,0.6198,0.3871,0.4271,0.4977,0.4518,0.1186,4.519,3.185,0.741,1.6748
task-stim02,4.0,4.5,0.02759,0.07056,0.0,4.25,0.8978,0.0963,0.167,0.8703,0.0,0.099,0.07542,0.3215,1465.47,0.6854,0.441,0.4749,0.5193,0.5643,0.1301,4.444,3.259,0.444,1.7353
task-stim02,4.5,5.0,0.0515,0.09174,0.0,4.75,0.7652,0.1299,0.2292,0.5474,0.0,0.0812,0.10209,0.1556,1277.97,0.6972,0.3694,0.4163,0.4978,0.5388,0.1281,3.704,2.444,0.667,1.0815
task-stim02,5.0,5.5,0.03913,0.04164,0.0,5.25,0.6876,0.0182,0.2725,0.3742,0.0,0.0747,0.09124,0.191,1709.75,0.5123,0.4437,0.4498,0.5045,0.7168,0.148,3.704,2.37,0.37,1.3711
task-stim02,5.5,6.0,0.04864,0.04975,0.0,5.75,0.6636,0.0269,0.2813,0.3857,0.0,0.0697,0.08523,0.2124,2181.18,0.5391,0.4531,0.4943,0.5002,0.6024,0.1476,2.741,1.407,0.519,1.6528
task-stim02,6.0,6.5,0.07007,0.08845,0.0,6.25,0.7501,0.1314,0.2267,0.6068,0.0,0.0865,0.09362,0.1535,2867.75,0.2986,0.4456,0.4911,0.4851,0.6892,0.1488,2.963,1.556,0.593,1.6625
task-stim02,6.5,7.0,2e-05,4e-05,0.0,6.75,0.9328,0.0001,0.1473,0.963,0.0,0.1033,0.17548,0.0558,1089.92,0.6179,0.4868,0.579,0.4675,0.6331,0.1484,3.037,1.778,0.444,1.3794
task-stim02,7.0,7.5,0.06546,0.09461,0.0,7.25,0.7461,0.1109,0.2665,0.3815,0.0,0.0953,0.14735,0.0945,1161.9,0.6538,0.4609,0.5028,0.4403,0.7464,0.1463,3.704,2.741,0.444,0.627
task-stim02,7.5,8.0,0.06168,0.08065,0.0,7.75,0.6455,0.0407,0.2889,0.1485,0.0,0.0615,0.11894,0.1356,1809.12,0.5558,0.485,0.5483,0.3313,0.5831,0.1276,3.407,2.296,0.593,0.7153
task-stim02,8.0,8.5,0.05505,0.10458,2.0,0.0,0.8263,0.1638,0.142,0.2772,0.0,0.0296,0.09406,0.2524,1490.6,0.687,0.5501,0.6015,0.5533,0.6133,0.1093,3.556,2.222,0.444,1.259
task-stim02,8.5,9.0,0.04977,0.08471,0.0,0.5,0.7164,0.1381,0.2128,0.2193,0.0,0.0428,0.07975,0.2246,2759.43,0.3938,0.4758,0.4417,0.5467,0.6971,0.1317,3.037,1.852,0.519,0.6273
task-stim02,9.0,9.5,0.05285,0.06486,0.0,1.0,0.6342,0.0344,0.2654,0.3207,0.0,0.05,0.13239,0.1422,2646.82,0.4225,0.5428,0.5614,0.5489,0.6336,0.0885,2.889,1.407,0.37,0.5345
task-stim02,9.5,10.0,0.0379,0.07292,0.0,1.5,0.8778,0.1175,0.1644,0.6003,0.0,0.0464,0.13124,0.1371,2056.01,0.5809,0.3995,0.4186,0.6044,0.3909,0.1036,3.778,2.444,0.815,0.6524
task-stim02,10.0,10.5,0.03597,0.10619,2.0,0.0,0.8355,0.177,0.1586,0.4755,0.0,0.0399,0.12495,0.0865,1951.55,0.4222,0.3398,0.3753,0.4342,0.4868,0.1188,3.852,2.741,1.037,0.0114
task-stim02,10.5,11.0,0.03403,0.03517,0.0,0.5,0.5451,0.0091,0.2625,0.1025,0.0,0.0413,0.14098,0.1062,1212.11,0.7229,0.5318,0.5665,0.6482,0.6549,0.1135,3.852,2.519,0.222,0.2934
task-stim02,11.0,11.5,0.03447,0.11338,2.0,0.0,0.955,0.0007,0.0997,0.6688,0.0,0.0342,0.123,0.1245,1757.17,0.4668,0.5157,0.5807,0.5684,0.7126,0.1342,3.481,2.074,0.37,0.7511
task-stim02,11.5,12.0,0.03339,0.04491,0.0,0.5,0.8295,0.0446,0.239,0.649,0.0,0.0637,0.1578,0.0941,1372.48,0.6445,0.465,0.5054,0.65,0.624,0.127,4.074,2.593,0.222,-0.1831
task-stim02,12.0,12.5,0.02517,0.02954,0.0,1.0,0.831,0.0308,0.2335,0.8706,0.0,0.0683,0.16559,0.084,2221.81,0.4676,0.4433,0.4932,0.6269,0.557,0.1521,4.667,3.185,0.222,0.1929
task-stim02,12.5,13.0,0.03398,0.04902,0.0,1.5,0.8232,0.0496,0.2445,0.8462,0.0,0.0615,0.16649,0.0658,1543.89,0.5847,0.3969,0.4602,0.6141,0.4466,0.1739,3.926,2.444,0.444,0.3526
task-stim02,13.0,13.5,1e-05,3e-05,0.0,2.0,0.9602,0.0,0.1193,1.1915,0.0,0.05,0.12453,0.1494,2248.25,0.5377,0.441,0.5237,0.6082,0.6367,0.1727,3.259,1.852,0.519,0.5195
task-stim02,13.5,14.0,1e-05,3e-05,0.0,2.5,0.9602,0.0,0.1193,1.1931,0.0,0.05,0.07484,0.1841,2265.52,0.4353,0.4183,0.4436,0.6284,0.4817,0.1313,3.926,2.519,0.444,0.1705
task-stim02,14.0,14.5,0.0153,0.04649,0.0,3.0,0.9278,0.0664,0.1429,1.125,0.0,0.0519,0.09002,0.1535,1820.84,0.5008,0.381,0.4076,0.6083,0.5053,0.117,3.704,2.148,0.593,0.335
task-stim02,14.5,15.0,0.00965,0.01097,0.0,3.5,0.7975,0.0064,0.2571,0.7694,0.0,0.0598,0.08707,0.1641,1998.01,0.5249,0.402,0.4032,0.7044,0.6046,0.1604,3.259,2.074,0.444,0.4774
task-stim02,15.0,15.5,0.0124,0.01373,0.0,4.0,0.7836,0.0052,0.2635,0.7588,0.0,0.0574,0.08587,0.2455,1187.19,0.606,0.389,0.3961,0.609,0.6937,0.2004,2.37,1.111,0.37,0.8457
task-stim02,15.5,16.0,0.01762,0.01858,0.0,4.5,0.8018,0.0154,0.253,0.7734,0.0,0.0601,0.12449,0.12,1120.13,0.6917,0.404,0.4088,0.682,0.6753,0.2187,2.148,0.741,0.296,1.0187
task-stim02,16.0,16.5,0.03174,0.04114,0.0,5.0,0.8219,0.0579,0.2308,0.8395,0.0,0.0598,0.06815,0.2394,1834.34,0.4568,0.3412,0.386,0.6908,0.4586,0.2071,2.667,1.333,0.815,0.704
task-stim02,16.5,17.0,7e-05,0.00011,0.0,5.5,0.9475,0.0001,0.1238,1.2523,0.0,0.0546,0.06915,0.2919,1746.04,0.6658,0.3565,0.355,0.7636,0.5346,0.1886,3.111,1.778,0.667,0.5647
task-stim02,17.0,17.5,3e-05,7e-05,0.0,6.0,0.9476,0.0001,0.1238,1.2526,0.0,0.0546,0.10235,0.1756,1253.96,0.641,0.3643,0.3678,0.6987,0.5103,0.1423,3.852,2.741,0.667,-0.2746
task-stim02,17.5,18.0,0.04014,0.07317,0.0,6.5,0.8574,0.0911,0.2111,0.7412,0.0,0.0601,0.13489,0.0851,779.93,0.2109,0.3636,0.3878,0.5723,0.4881,0.127,3.259,2.444,0.741,-0.1687
task-stim02,18.0,18.5,0.06811,0.07804,0.0,7.0,0.7621,0.0627,0.2605,0.4418,0.0,0.0553,0.22087,0.0535,2694.06,0.3289,0.3509,0.3786,0.6864,0.478,0.1502,4.0,2.963,0.889,0.1687
task-stim02,18.5,19.0,0.03964,0.04748,0.0,7.5,0.7303,0.0189,0.2712,0.3248,0.0,0.0519,0.11809,0.1403,2526.49,0.5172,0.423,0.4524,0.7293,0.577,0.1428,2.37,1.333,0.741,0.3387
task-stim02,19.0,19.5,0.06542,0.07448,0.0,8.0,0.8934,0.0803,0.1669,0.6709,0.0,0.0677,0.16124,0.108,1720.52,0.6559,0.4399,0.4596,0.6832,0.6688,0.1555,2.815,1.63,0.815,0.481
task-stim02,19.5,20.0,2e-05,4e-05,0.0,8.5,0.868,0.0,0.205,0.3796,0.0,0.0985,0.0822,0.2167,2507.44,0.4843,0.4609,0.4571,0.398,0.6287,0.0918,5.111,3.704,0.667,-0.2709
task-stim02,20.0,20.5,0.00021,0.00065,0.0,9.0,0.8691,0.0012,0.2056,0.3804,0.0,0.0984,0.09011,0.2188,3846.31,0.2564,0.3564,0.3753,0.2029,0.5454,0.0792,4.519,3.407,1.037,-0.1036
task-stim02,20.5,21.0,0.0,0.0,0.0,9.5,0.8703,0.0,0.2061,0.3797,0.0,0.0982,0.16814,0.0757,1470.51,0.5542,0.3891,0.4215,0.3443,0.4924,0.1088,3.481,2.667,0.667,0.2636
task-stim02,21.0,21.5,0.00013,0.00037,0.0,10.0,0.8704,0.0001,0.206,0.3814,0.0,0.0983,0.1373,0.1034,1104.67,0.5403,0.4099,0.4353,0.3435,0.4919,0.0987,3.778,3.037,0.889,0.3511
task-stim02,21.5,22.0,0.02616,0.05852,0.0,10.5,0.837,0.0784,0.2284,0.4779,0.0,0.0986,0.1677,0.0838,1387.71,0.701,0.3805,0.4037,0.3461,0.5053,0.1186,3.926,2.741,0.815,0.311
task-stim02,22.0,22.5,0.07394,0.13114,2.0,0.0,0.4138,0.0378,0.2873,1.0017,0.0,0.1257,0.12254,0.1196,1644.67,0.5205,0.4583,0.4639,0.3213,0.6559,0.1148,3.407,2.37,0.519,0.5007
task-stim02,22.5,23.0,1e-05,2e-05,0.0,0.5,0.3988,0.0,0.2767,0.9843,0.0,0.1306,0.13987,0.0901,1146.63,0.664,0.3555,0.3504,0.3305,0.4727,0.1325,4.37,3.333,0.667,0.7284
task-stim02,23.0,23.5,6e-05,0.00015,0.0,1.0,0.3988,0.0,0.2767,0.9831,0.0,0.1307,0.15414,0.0882,1183.3,0.5564,0.3403,0.3492,0.3113,0.4646,0.1425,4.37,3.63,0.593,0.8233
task-stim02,23.5,24.0,0.01173,0.02631,0.0,1.5,0.4102,0.0193,0.2793,1.2111,0.0,0.1465,0.12953,0.0703,3859.12,0.2095,0.3251,0.3602,0.2691,0.4979,0.147,4.0,3.037,0.519,0.9378
task-stim02,24.0,24.5,0.0001,0.00015,0.0,2.0,0.4479,0.0,0.289,2.0444,0.0,0.2061,0.14987,0.1391,1589.17,0.6343,0.3499,0.362,0.4666,0.3731,0.1417,4.667,3.259,0.593,0.9763
task-stim02,24.5,25.0,0.01865,0.03739,0.0,2.5,0.453,0.0031,0.2814,2.1215,0.0,0.2336,0.12051,0.1646,2054.32,0.5734,0.4272,0.4309,0.4494,0.5213,0.144,3.704,2.444,0.444,0.749
task-stim02,25.0,25.5,0.00764,0.0126,0.0,3.0,0.4318,0.0323,0.2849,2.1842,0.0,0.2548,0.09114,0.1583,3377.06,0.3704,0.3914,0.4034,0.3833,0.4934,0.1496,4.0,2.667,0.222,0.4992
task-stim02,25.5,26.0,0.0059,0.01259,0.0,3.5,0.3579,0.0158,0.3037,2.0327,0.0,0.2549,0.12595,0.151,1751.02,0.6077,0.3618,0.3708,0.3774,0.4814,0.1333,4.37,3.037,0.37,0.515
task-stim02,26.0,26.5,1e-05,2e-05,0.0,4.0,0.3362,0.0,0.3033,1.9249,0.0,0.2549,0.10311,0.1618,2029.66,0.5323,0.3725,0.3776,0.3931,0.3842,0.1365,4.222,3.185,0.37,0.9436
task-stim02,26.5,27.0,0.02,0.02696,0.0,4.5,0.2942,0.026,0.3028,1.7369,0.0,0.2385,0.10775,0.1524,2572.26,0.4286,0.3819,0.3878,0.5278,0.3643,0.1444,3.704,2.519,0.741,1.1544
task-stim02,27.0,27.5,6e-05,7e-05,0.0,5.0,0.2746,0.0001,0.3065,1.6252,0.0,0.2156,0.09599,0.1691,2228.81,0.5188,0.4354,0.4272,0.5019,0.5294,0.0974,4.074,3.111,0.593,1.1875
task-stim02,27.5,28.0,2e-05,3e-05,0.0,5.5,0.2745,0.0,0.3065,1.6252,0.0,0.2156,0.13545,0.1308,2628.17,0.4906,0.4656,0.4555,0.5834,0.5316,0.1001,3.185,2.074,0.667,1.2595
task-stim02,28.0,28.5,0.07239,0.13174,2.0,0.0,0.4941,0.1858,0.2873,0.8425,0.0,0.1153,0.0856,0.1643,1509.98,0.4852,0.3882,0.358,0.5874,0.4602,0.1109,3.778,2.444,0.667,1.3442
task-stim02,28.5,29.0,0.08196,0.094,0.0,0.5,0.7677,0.0798,0.2541,0.7073,0.0,0.0299,0.17855,0.0624,1910.6,0.4925,0.4218,0.3862,0.5964,0.4512,0.0708,5.185,3.926,0.815,0.5639
task-stim02,29.0,29.5,0.05296,0.07212,0.0,1.0,0.7824,0.1071,0.262,1.0253,0.0,0.0699,0.18668,0.0541,2550.38,0.3323,0.3781,0.3765,0.3942,0.494,0.0765,3.778,2.815,0.667,-0.1774
task-stim02,29.5,30.0,0.03631,0.04263,0.0,1.5,0.7375,0.0152,0.2798,0.8487,0.333,0.0719,0.12339,0.1254,1938.74,0.4709,0.3924,0.3922,0.4369,0.4355,0.103,3.852,2.889,0.593,-0.0899
task-stim02,30.0,30.5,0.01947,0.02056,0.0,2.0,0.7147,0.0071,0.3106,1.1374,0.0,0.0722,0.07914,0.1633,3848.96,0.2082,0.4862,0.5002,0.4388,0.5838,0.1248,3.407,2.296,0.519,0.4564
task-stim02,30.5,31.0,0.03233,0.03861,0.0,2.5,0.7329,0.024,0.3084,1.2421,0.0,0.0877,0.08915,0.2024,2875.12,0.3736,0.494,0.4333,0.7036,0.7262,0.142,2.963,1.778,0.593,0.6403
task-stim02,31.0,31.5,0.0387,0.046,0.0,3.0,0.791,0.0358,0.2762,1.4924,0.0,0.1175,0.08338,0.2235,1526.65,0.5955,0.3529,0.3426,0.5135,0.4139,0.1384,4.37,3.407,0.815,0.8104
task-stim02,31.5,32.0,0.03165,0.05115,0.0,3.5,0.8433,0.0894,0.2289,1.6386,0.0,0.0767,0.12746,0.1725,1708.14,0.6522,0.4556,0.4564,0.5647,0.4896,0.114,4.593,3.481,0.667,0.2979
task-stim02,32.0,32.5,0.03116,0.0493,0.0,4.0,0.856,0.0791,0.2281,1.6689,0.0,0.0804,0.09038,0.2361,933.21,0.5662,0.4319,0.3971,0.6486,0.5192,0.1366,4.074,2.741,0.667,0.0581
task-stim02,32.5,33.0,0.0215,0.02251,0.0,4.5,0.8044,0.0121,0.2628,1.5848,0.0,0.0847,0.13925,0.11,1075.1,0.6029,0.4759,0.4775,0.6168,0.4526,0.1114,4.296,2.741,0.296,-0.245
task-stim02,33.0,33.5,0.03087,0.04606,0.0,5.0,0.8652,0.0639,0.2198,1.666,0.0,0.0811,0.10729,0.1087,1333.27,0.6049,0.4356,0.4246,0.5818,0.5489,0.1174,3.259,1.704,0.519,0.265
task-stim02,33.5,34.0,0.0,1e-05,0.0,5.5,0.9435,0.0,0.159,1.7488,0.0,0.0688,0.11332,0.081,2237.18,0.3686,0.3982,0.4134,0.4014,0.5418,0.1366,3.481,2.296,0.519,-0.1207
task-stim02,34.0,34.5,1e-05,3e-05,0.0,6.0,0.9434,0.0,0.159,1.7488,0.0,0.0688,0.10247,0.1594,1813.27,0.4521,0.3393,0.3478,0.384,0.428,0.1238,4.0,3.037,0.815,-0.4129
task-stim02,34.5,35.0,1e-05,2e-05,0.0,6.5,0.9434,0.0,0.159,1.7487,0.0,0.0688,0.14012,0.0864,2937.44,0.1297,0.3944,0.3847,0.4658,0.4463,0.1114,4.148,3.185,0.444,-0.2542
task-stim02,35.0,35.5,0.0,1e-05,0.0,7.0,0.9434,0.0,0.159,1.7487,0.0,0.0688,0.15813,0.1017,2137.89,0.4388,0.3293,0.365,0.3566,0.4287,0.1116,3.926,3.185,0.963,-0.0806
task-stim02,35.5,36.0,0.01925,0.04333,0.0,7.5,0.9391,0.0104,0.1641,1.7757,0.0,0.0828,0.04782,0.3053,1298.93,0.5645,0.3408,0.337,0.4583,0.4699,0.0923,4.296,3.63,1.037,-0.0512
task-stim02,36.0,36.5,0.03967,0.05694,0.0,8.0,0.926,0.005,0.1624,0.7273,0.0,0.181,0.04998,0.2924,754.38,0.251,0.4321,0.4241,0.4787,0.6183,0.0895,4.074,3.037,0.444,0.0636
task-stim02,36.5,37.0,1e-05,2e-05,0.0,8.5,0.9281,0.0,0.1575,0.5768,0.0,0.1968,0.03615,0.4384,719.97,0.2748,0.3507,0.3872,0.2972,0.3921,0.117,4.37,3.259,0.963,0.0631
task-stim02,37.0,37.5,0.07406,0.08968,0.0,9.0,0.7751,0.0886,0.2699,0.4467,0.0,0.1079,0.12329,0.2659,1585.04,0.6635,0.3637,0.3948,0.336,0.4909,0.1391,4.37,2.963,0.519,0.0779
task-stim02,37.5,38.0,0.05123,0.06549,0.0,9.5,0.6771,0.02,0.2735,0.6047,0.0,0.089,0.17305,0.1016,1575.22,0.6485,0.4388,0.4384,0.395,0.6259,0.1232,5.111,3.481,0.593,0.3505
task-stim02,38.0,38.5,0.05375,0.09536,0.0,10.0,0.8161,0.1297,0.189,0.9033,0.0,0.0976,0.08989,0.1599,4071.5,0.226,0.5458,0.5159,0.6599,0.6514,0.0932,3.556,2.074,0.741,0.8321
task-stim02,38.5,39.0,0.03886,0.05164,0.0,10.5,0.7092,0.0297,0.2635,0.8286,0.0,0.0999,0.10921,0.1373,2572.76,0.4133,0.4423,0.4719,0.3253,0.4503,0.0719,5.111,3.63,0.519,-0.0324
task-stim02,39.0,39.5,0.02774,0.08298,0.0,11.0,0.9576,0.0033,0.1118,1.0388,0.0,0.0905,0.1357,0.1164,1652.42,0.6248,0.4728,0.4803,0.4057,0.62,0.101,4.889,3.481,0.519,0.1624
task-stim02,39.5,40.0,0.00236,0.00429,0.0,11.5,0.9549,0.005,0.1118,1.0403,0.0,0.0904,0.11289,0.1594,1828.85,0.4739,0.4156,0.4176,0.358,0.5387,0.0979,3.778,2.741,0.889,-0.0178
task-stim02,40.0,40.5,6e-05,8e-05,0.0,12.0,0.9583,0.0001,0.1117,1.0427,0.0,0.0905,0.15273,0.0921,2393.67,0.4272,0.373,0.4042,0.3623,0.3029,0.108,3.778,2.889,1.037,0.1531
task-stim02,40.5,41.0,2e-05,2e-05,0.0,12.5,0.9584,0.0,0.1116,1.042,0.0,0.0906,0.15468,0.0665,1271.01,0.548,0.3831,0.3545,0.3297,0.6663,0.1254,4.0,3.037,0.741,0.1005
task-stim02,41.0,41.5,2e-05,4e-05,0.0,13.0,0.9583,0.0,0.1116,1.042,0.0,0.0906,0.10864,0.1499,2096.76,0.461,0.4545,0.4945,0.3017,0.4858,0.0887,3.556,2.222,0.667,0.1287
task-stim02,41.5,42.0,0.08934,0.09199,0.0,13.5,0.6871,0.0437,0.2637,0.6303,0.0,0.0954,0.06086,0.2504,2200.97,0.4543,0.5373,0.5293,0.4889,0.7125,0.0892,2.889,1.407,0.296,0.1202
task-stim02,42.0,42.5,0.02541,0.02654,0.0,14.0,0.8284,0.0149,0.2518,0.9682,0.0,0.1433,0.14594,0.1375,1477.05,0.5858,0.442,0.428,0.5828,0.4882,0.119,4.741,3.407,0.444,0.2626
task-stim02,42.5,43.0,0.04341,0.05687,0.0,14.5,0.8203,0.0534,0.2448,1.0096,0.0,0.1483,0.13845,0.1455,1437.72,0.706,0.4824,0.4585,0.5562,0.6363,0.1199,4.37,3.259,0.296,-0.0372
task-stim02,43.0,43.5,0.02408,0.03479,0.0,15.0,0.8593,0.0364,0.2115,1.1992,0.0,0.1569,0.17141,0.0839,1427.65,0.6192,0.4196,0.4506,0.3299,0.4488,0.1133,4.667,3.407,0.667,0.2235
task-stim02,43.5,44.0,0.01386,0.02931,0.0,15.5,0.8979,0.0537,0.1735,1.3212,0.0,0.1545,0.16341,0.075,1857.85,0.5064,0.4039,0.4005,0.4541,0.5028,0.1303,4.444,3.259,0.519,0.2975
task-stim02,44.0,44.5,4e-05,4e-05,0.0,16.0,0.9417,0.0,0.127,1.3781,0.0,0.148,0.08558,0.1595,3900.36,0.2394,0.3364,0.3293,0.3938,0.502,0.1359,4.074,2.741,0.593,-0.0832
task-stim02,44.5,45.0,1e-05,1e-05,0.0,16.5,0.9417,0.0,0.127,1.3782,0.0,0.148,0.08832,0.1321,1979.65,0.4347,0.3466,0.3861,0.2316,0.5112,0.1188,4.0,2.593,0.593,-0.171
task-stim02,45.0,45.5,0.01309,0.04338,0.0,17.0,0.934,0.0254,0.1388,1.2728,0.0,0.144,0.08767,0.1439,1235.94,0.6482,0.3224,0.3306,0.4384,0.5188,0.1211,4.074,2.963,0.741,-0.0688
task-stim02,45.5,46.0,0.05525,0.06251,0.0,17.5,0.7607,0.0788,0.2647,0.1998,0.0,0.0946,0.13821,0.0902,2305.41,0.3693,0.3616,0.3552,0.4877,0.4664,0.1347,3.63,2.593,0.667,-0.0105
task-stim02,46.0,46.5,0.04883,0.06078,0.0,18.0,0.6266,0.0593,0.2743,0.2382,0.0,0.0682,0.12801,0.1539,1359.21,0.695,0.4488,0.4785,0.3463,0.4714,0.0936,3.556,2.741,0.741,0.1698
task-stim02,46.5,47.0,0.07628,0.0969,0.0,18.5,0.7209,0.1163,0.2468,0.5904,0.0,0.0835,0.10966,0.1411,2320.2,0.5976,0.4741,0.4895,0.3706,0.5659,0.0498,4.593,3.852,0.889,0.5744
task-stim02,47.0,47.5,0.06838,0.10832,2.0,0.0,0.7159,0.1309,0.2463,0.4228,0.0,0.0944,0.13616,0.1425,2166.28,0.5631,0.4349,0.456,0.3697,0.5171,0.0906,3.037,2.222,0.519,0.3217
task-stim02,47.5,48.0,0.02616,0.08668,0.0,0.5,0.9095,0.0818,0.1472,1.0252,0.0,0.1242,0.179,0.057,2165.43,0.5212,0.3914,0.3891,0.3964,0.5507,0.0833,4.667,3.778,0.667,0.1126
task-stim02,48.0,48.5,0.02827,0.03789,0.0,1.0,0.6516,0.0078,0.26,0.5209,0.0,0.0918,0.206,0.0498,2551.66,0.3851,0.3928,0.4206,0.4141,0.3665,0.1023,4.0,2.963,0.667,-0.0254
task-stim02,48.5,49.0,0.0358,0.04304,0.0,1.5,0.6825,0.0301,0.2691,0.7741,0.0,0.1088,0.117,0.1115,2442.14,0.3778,0.4578,0.4682,0.4744,0.6326,0.1404,4.667,3.407,0.37,0.5674
task-stim02,49.0,49.5,0.03667,0.05923,0.0,2.0,0.6586,0.0331,0.2679,0.7158,0.0,0.1125,0.08512,0.2491,1608.4,0.6418,0.463,0.5206,0.2717,0.5447,0.1129,3.926,2.37,0.593,0.6134
task-stim02,49.5,50.0,0.02581,0.07305,0.0,2.5,0.8905,0.1097,0.1724,1.0448,0.0,0.1244,0.0811,0.2121,1167.87,0.6652,0.4738,0.485,0.4406,0.5978,0.0926,4.074,2.667,0.519,0.734
task-stim02,50.0,50.5,1e-05,3e-05,0.0,3.0,0.9538,0.0,0.1378,1.1381,0.0,0.1281,0.10936,0.1688,1739.84,0.507,0.408,0.408,0.3479,0.587,0.097,4.444,2.963,0.741,0.02
task-stim02,50.5,51.0,0.03782,0.05814,0.0,3.5,0.8067,0.0856,0.2391,1.1533,0.0,0.1423,0.11237,0.1452,3349.11,0.2805,0.4195,0.4105,0.5917,0.5832,0.0871,4.296,2.889,0.444,0.0464
task-stim02,51.0,51.5,0.01804,0.02019,0.0,4.0,0.766,0.0108,0.2707,1.0759,0.0,0.1413,0.14742,0.0805,1193.32,0.5963,0.4755,0.454,0.6248,0.5571,0.1179,4.296,2.815,0.37,0.3241
task-stim02,51.5,52.0,0.01306,0.04221,0.0,4.5,0.925,0.041,0.1575,1.27,0.0,0.1392,0.09368,0.1426,2053.1,0.4669,0.4375,0.4114,0.4695,0.6948,0.1494,3.63,2.37,0.815,0.6317
task-stim02,52.0,52.5,2e-05,3e-05,0.0,5.0,0.938,0.0,0.1475,1.2887,0.0,0.1381,0.10464,0.1412,868.24,0.6199,0.3879,0.4181,0.4665,0.429,0.1402,3.852,2.667,0.815,-0.061
task-stim02,52.5,53.0,0.06441,0.10297,2.0,0.0,0.6583,0.1257,0.265,0.7019,0.0,0.1005,0.1345,0.2805,1246.61,0.5986,0.416,0.3709,0.5105,0.6775,0.0963,4.963,3.852,0.519,0.1079
task-stim02,53.0,53.5,0.05792,0.06988,0.0,0.5,0.6995,0.0755,0.2767,1.0432,0.0,0.1207,0.13584,0.1206,1380.17,0.6209,0.4827,0.4778,0.6143,0.4659,0.0943,4.593,3.63,0.444,0.4166
task-stim02,53.5,54.0,0.00113,0.00243,0.0,1.0,0.9398,0.0037,0.1535,1.5166,0.0,0.1397,0.09437,0.1705,1203.82,0.6361,0.4112,0.4002,0.5833,0.4252,0.1053,4.444,3.556,0.593,0.4053
task-stim02,54.0,54.5,0.01298,0.02388,0.0,1.5,0.9141,0.0406,0.1691,1.525,0.0,0.1488,0.16999,0.0666,1741.9,0.5294,0.3698,0.3823,0.4538,0.4101,0.1128,3.333,2.296,0.741,-0.3594
task-stim02,54.5,55.0,0.02836,0.03274,0.0,2.0,0.8517,0.0236,0.2028,1.5932,0.0,0.1687,0.13481,0.1663,2170.08,0.601,0.3667,0.3328,0.5885,0.4787,0.1419,4.148,2.815,0.667,-0.1909
task-stim02,55.0,55.5,0.01408,0.01597,0.0,2.5,0.8594,0.0272,0.211,1.6893,0.0,0.1609,0.09815,0.1383,2728.06,0.417,0.3542,0.3354,0.4229,0.5584,0.1415,3.926,2.963,0.519,-0.191
task-stim02,55.5,56.0,0.00773,0.01445,0.0,3.0,0.9096,0.0242,0.1892,2.031,0.0,0.2039,0.07036,0.2577,1155.63,0.6475,0.3499,0.3625,0.2938,0.4878,0.1591,3.852,2.741,0.741,-0.0625
task-stim02,56.0,56.5,2e-05,3e-05,0.0,3.5,0.9299,0.0,0.1806,2.086,0.0,0.2099,0.08028,0.2435,1436.1,0.4449,0.3994,0.4216,0.4963,0.6768,0.1141,3.481,2.741,0.444,-0.0221
task-stim02,56.5,57.0,0.0,1e-05,0.0,4.0,0.9299,0.0,0.1806,2.0858,0.0,0.2099,0.09678,0.1752,1483.56,0.5029,0.3331,0.3416,0.2749,0.5627,0.1128,3.481,2.667,0.889,-0.2766
task-stim02,57.0,57.5,1e-05,1e-05,0.0,4.5,0.9299,0.0,0.1806,2.0859,0.0,0.2099,0.09473,0.1439,497.71,0.1643,0.3608,0.3659,0.2701,0.5987,0.1171,3.852,2.815,0.593,-0.026
task-stim02,57.5,58.0,0.05869,0.05927,0.0,5.0,0.9207,0.0067,0.1716,1.0785,0.0,0.1441,0.05924,0.3987,444.11,0.1126,0.3624,0.3637,0.3976,0.4374,0.1314,3.852,3.185,0.815,-0.0196
task-stim02,58.0,58.5,2e-05,2e-05,0.0,5.5,0.92,0.0,0.1659,0.6611,0.0,0.1216,0.03938,0.3341,994.58,0.202,0.3309,0.3641,0.3025,0.2614,0.0939,4.37,3.926,1.333,-0.2861
task-stim02,58.5,59.0,0.00015,0.00041,0.0,6.0,0.9203,0.0002,0.1658,0.6606,0.0,0.1221,0.07909,0.3718,629.52,0.1482,0.3367,0.3663,0.2281,0.4008,0.1081,4.519,3.778,0.889,-0.4557
task-stim02,59.0,59.5,0.08722,0.12009,0.0,6.5,0.6848,0.0643,0.2642,0.2883,0.0,0.0481,0.15492,0.1575,2474.88,0.5038,0.3894,0.4327,0.3157,0.4031,0.1018,4.148,3.111,0.667,-0.4738
task-stim02,59.5,60.0,0.07016,0.10213,0.0,7.0,0.7547,0.0958,0.2312,0.4593,0.0,0.0306,0.15579,0.1146,1670.15,0.6104,0.4006,0.4467,0.27,0.428,0.0842,3.852,2.667,0.667,-0.3673
task-stim02,60.0,60.5,0.0676,0.11173,2.0,0.0,0.8096,0.1282,0.1925,0.4546,0.0,0.0289,0.11306,0.1326,2600.83,0.5154,0.3748,0.4047,0.2757,0.4188,0.0897,4.074,2.889,0.741,-0.1682
task-stim02,60.5,61.0,0.03369,0.04858,0.0,0.5,0.8572,0.0846,0.1879,0.5736,0.0,0.0165,0.12461,0.1671,2130.98,0.5707,0.4196,0.4349,0.3413,0.5419,0.0889,4.0,2.889,0.741,0.0339
task-stim02,61.0,61.5,0.0,0.0,0.0,1.0,0.9456,0.0,0.1196,0.6781,0.0,0.0016,0.08855,0.2054,2627.62,0.4238,0.3492,0.3551,0.2335,0.5006,0.0754,3.407,2.296,0.889,-0.4146
task-stim02,61.5,62.0,0.07405,0.10563,0.0,1.5,0.7899,0.0851,0.2364,0.7312,0.0,0.0848,0.08988,0.1449,2005.08,0.4042,0.4013,0.422,0.352,0.4868,0.0819,3.407,2.296,0.741,-0.4099
task-stim02,62.0,62.5,0.06137,0.09948,0.0,2.0,0.7452,0.0586,0.278,0.7788,0.0,0.1112,0.11109,0.1923,1516.73,0.5859,0.4095,0.4497,0.3015,0.3874,0.0926,4.222,3.185,0.741,0.0512
task-stim02,62.5,63.0,0.01797,0.04499,0.0,2.5,0.8778,0.0698,0.1839,1.3926,0.0,0.095,0.09669,0.1835,2324.15,0.5305,0.4209,0.4491,0.2719,0.5721,0.1027,3.852,2.815,0.741,0.2153
task-stim02,63.0,63.5,0.03684,0.04441,0.0,3.0,0.7682,0.0503,0.25,1.1024,0.0,0.0986,0.1349,0.1722,2321.62,0.5591,0.3436,0.3389,0.3428,0.5219,0.102,3.852,2.889,0.593,-0.2184
task-stim02,63.5,64.0,0.04184,0.04786,0.0,3.5,0.6931,0.0496,0.2514,0.7121,0.0,0.0652,0.12805,0.121,1271.04,0.6703,0.432,0.429,0.4049,0.5353,0.1034,4.0,3.259,0.667,0.0215
task-stim02,64.0,64.5,0.03604,0.03719,0.0,4.0,0.6231,0.0115,0.2337,0.3907,0.0,0.0444,0.11547,0.1469,2386.08,0.4885,0.4529,0.4847,0.3668,0.5019,0.0798,3.63,2.593,0.593,0.4632
task-stim02,64.5,65.0,0.03797,0.08852,0.0,4.5,0.7818,0.1511,0.1856,1.0533,0.0,0.0755,0.11721,0.1536,1160.25,0.677,0.4634,0.5209,0.3028,0.5255,0.0837,3.259,2.593,0.741,0.9031
task-stim02,65.0,65.5,1e-05,2e-05,0.0,5.0,0.9094,0.0,0.1582,1.5996,0.0,0.0995,0.17053,0.1139,1327.47,0.6452,0.3504,0.3527,0.3619,0.3983,0.089,3.556,3.185,0.963,-0.0396
task-stim02,65.5,66.0,0.10394,0.10878,0.0,5.5,0.7791,0.0807,0.2495,0.3943,0.0,0.0764,0.16239,0.0736,1209.01,0.6189,0.3926,0.4186,0.4711,0.4225,0.1003,3.778,2.741,0.444,-0.9852
task-stim02,66.0,66.5,0.04806,0.05422,0.0,6.0,0.8432,0.0665,0.2175,0.7408,0.0,0.0737,0.12118,0.1319,1929.02,0.601,0.4493,0.489,0.2994,0.5123,0.075,3.852,2.667,0.667,-0.6994
task-stim02,66.5,67.0,0.0786,0.10539,0.0,6.5,0.8054,0.1035,0.2162,0.9964,0.0,0.0762,0.08007,0.3001,1338.65,0.6909,0.4628,0.5076,0.2534,0.5929,0.089,3.259,2.222,0.519,-0.4454
task-stim02,67.0,67.5,0.05314,0.08625,0.0,7.0,0.7448,0.1167,0.2019,0.8474,0.0,0.0686,0.08571,0.2379,1347.11,0.5659,0.427,0.4426,0.444,0.5418,0.0901,4.667,3.407,0.444,-0.3898
task-stim02,67.5,68.0,0.04992,0.07186,0.0,7.5,0.8233,0.092,0.222,1.1518,0.0,0.0783,0.11652,0.1242,1229.49,0.5797,0.4357,0.4855,0.3231,0.5429,0.0999,4.37,3.185,0.593,-0.3787
task-stim02,68.0,68.5,0.00013,0.00025,0.0,8.0,0.9499,0.0003,0.1217,1.5133,0.0,0.072,0.10106,0.1524,1479.53,0.6365,0.3583,0.3872,0.2551,0.4507,0.1249,4.148,2.889,0.815,-0.0847
task-stim02,68.5,69.0,3e-05,7e-05,0.0,8.5,0.9498,0.0001,0.1217,1.5136,0.0,0.072,0.09834,0.1309,2700.69,0.409,0.352,0.3417,0.3475,0.5071,0.1118,4.37,3.333,0.667,-0.4949
task-stim02,69.0,69.5,0.0001,0.00027,0.0,9.0,0.9498,0.0002,0.1217,1.5137,0.0,0.072,0.10702,0.1206,3103.45,0.3731,0.3668,0.3618,0.3596,0.5185,0.1502,4.296,3.185,0.593,-0.4723
task-stim02,69.5,70.0,0.0,0.0,0.0,9.5,0.95,0.0,0.1216,1.5142,0.0,0.0721,0.10601,0.1568,2329.95,0.5006,0.3438,0.352,0.4294,0.3291,0.091,4.593,3.185,1.037,-0.5349
task-stim02,70.0,70.5,0.11703,0.12105,0.0,10.0,0.7169,0.0929,0.2394,0.7451,0.0,0.0708,0.09069,0.1686,2896.46,0.3584,0.4363,0.4435,0.5226,0.5132,0.1056,3.63,2.519,0.37,-0.5675
task-stim02,70.5,71.0,0.09615,0.09922,0.0,10.5,0.7442,0.0646,0.2538,0.897,0.0,0.0701,0.08073,0.2211,2900.06,0.4365,0.47,0.4748,0.5673,0.4988,0.0746,4.37,3.111,0.37,-0.3615
task-stim02,71.0,71.5,0.04542,0.0825,0.0,11.0,0.8712,0.1041,0.189,1.4674,0.0,0.0848,0.09921,0.2077,3652.84,0.3651,0.5493,0.5706,0.5196,0.5708,0.0744,3.259,2.0,0.222,-0.2694
task-stim02,71.5,72.0,1e-05,1e-05,0.0,11.5,0.9506,0.0,0.1319,1.7549,0.0,0.0865,0.07781,0.5286,1704.06,0.6521,0.339,0.3416,0.3667,0.3836,0.0937,3.926,2.815,0.963,-0.1382
task-stim02,72.0,72.5,1e-05,2e-05,0.0,12.0,0.9506,0.0,0.1319,1.7547,0.0,0.0865,0.09622,0.1689,2428.28,0.4443,0.3325,0.3364,0.4195,0.4203,0.1046,4.148,3.481,0.963,-0.4902
task-stim02,72.5,73.0,0.0,0.0,0.0,12.5,0.9507,0.0,0.1319,1.7547,0.0,0.0865,0.06494,0.2958,2166.81,0.42,0.3335,0.3012,0.3613,0.5667,0.1105,3.63,3.111,0.889,-0.4293
task-stim02,73.0,73.5,0.00174,0.00406,0.0,13.0,0.951,0.0032,0.1318,1.7543,0.0,0.0864,0.12406,0.2241,1487.49,0.6227,0.3965,0.4041,0.4052,0.5843,0.103,3.63,2.741,0.593,-0.4022
task-stim02,73.5,74.0,0.06045,0.0688,0.0,13.5,0.7939,0.0637,0.2407,1.1235,0.0,0.0715,0.16808,0.1348,1670.31,0.659,0.354,0.373,0.4801,0.4116,0.115,3.778,2.519,0.889,-0.3899
task-stim02,74.0,74.5,0.077,0.09792,0.0,14.0,0.7622,0.1252,0.2037,1.1298,0.0,0.0841,0.15242,0.0805,1040.94,0.4185,0.3738,0.3948,0.354,0.4671,0.0889,4.37,3.333,0.593,-0.1011
task-stim02,74.5,75.0,0.06313,0.0802,0.0,14.5,0.8054,0.0724,0.2343,1.5791,0.0,0.1185,0.15308,0.0717,1900.85,0.431,0.3353,0.3641,0.2373,0.4199,0.1013,3.481,2.519,0.741,-0.0586
task-stim02,75.0,75.5,0.06487,0.09717,0.0,15.0,0.7913,0.1432,0.194,1.8238,0.0,0.1275,0.07204,0.1524,1594.82,0.5947,0.3624,0.4144,0.3336,0.427,0.1116,3.259,2.148,0.444,-0.3178
task-stim02,75.5,76.0,0.02912,0.09656,2.0,0.0,0.9071,0.0899,0.1616,2.6221,0.0,0.1518,0.07744,0.2268,2303.28,0.5199,0.34,0.3568,0.252,0.5032,0.0858,3.778,2.815,0.741,-0.4203
task-stim02,76.0,76.5,0.0915,0.09872,0.0,0.5,0.7219,0.055,0.2808,0.7425,0.0,0.0779,0.17204,0.3356,2051.06,0.6123,0.3815,0.4013,0.3782,0.5182,0.0836,2.889,1.63,0.444,-0.6956
task-stim02,76.5,77.0,0.06903,0.07226,0.0,1.0,0.703,0.0502,0.2785,0.8579,0.0,0.0918,0.09485,0.2205,1195.04,0.6402,0.4492,0.4751,0.3471,0.6088,0.0832,3.111,2.0,0.37,-0.213
task-stim02,77.0,77.5,0.07495,0.07946,0.0,1.5,0.6998,0.0967,0.2561,1.0316,0.0,0.0739,0.095,0.1551,3154.71,0.3887,0.4633,0.4635,0.3896,0.6353,0.0768,3.481,2.296,0.667,0.0468
task-stim02,77.5,78.0,0.04138,0.10003,2.0,0.0,0.8491,0.1383,0.1779,1.418,0.0,0.0659,0.13519,0.0902,2472.19,0.4016,0.4134,0.4236,0.4128,0.5687,0.0843,3.926,2.593,0.593,-0.0977
task-stim02,78.0,78.5,0.08519,0.09542,0.0,0.5,0.6591,0.031,0.2675,0.9059,0.0,0.0705,0.12672,0.149,1740.92,0.5476,0.4603,0.4906,0.3951,0.5612,0.0726,4.148,2.593,0.519,-0.5494
task-stim02,78.5,79.0,0.03507,0.06434,0.0,1.0,0.8469,0.1095,0.2066,1.6827,0.0,0.0719,0.1337,0.1129,1430.7,0.6383,0.4004,0.4406,0.3779,0.3646,0.0768,3.926,2.444,0.593,-0.0056
task-stim02,79.0,79.5,0.03388,0.07567,0.0,1.5,0.8533,0.1294,0.1869,1.6978,0.0,0.0674,0.10467,0.1226,1737.22,0.5252,0.3971,0.4062,0.3882,0.5113,0.0815,3.778,2.519,0.741,-0.2424
task-stim02,79.5,80.0,0.04877,0.05638,0.0,2.0,0.6675,0.045,0.2491,1.0926,0.0,0.0632,0.15049,0.0963,1597.72,0.4402,0.3898,0.4138,0.2986,0.4743,0.081,4.222,3.333,0.815,-0.676
task-stim02,80.0,80.5,0.05081,0.05508,0.0,2.5,0.7653,0.0277,0.2673,1.1906,0.0,0.1019,0.16025,0.0633,2300.68,0.4125,0.401,0.4169,0.4204,0.5957,0.1318,4.074,3.111,0.741,-0.4911
task-stim02,80.5,81.0,0.01842,0.05566,0.0,3.0,0.9193,0.0066,0.1586,2.0943,0.0,0.0882,0.12976,0.1175,1803.22,0.5168,0.4141,0.4434,0.299,0.4799,0.1057,4.148,3.111,0.667,-0.2178
task-stim02,81.0,81.5,0.0,1e-05,0.0,3.5,0.9222,0.0,0.1589,2.1095,0.0,0.0883,0.05156,0.2105,2315.07,0.4748,0.3387,0.3685,0.2817,0.4309,0.1005,3.778,2.815,0.963,-0.469
task-stim02,81.5,82.0,2e-05,4e-05,0.0,4.0,0.9221,0.0,0.1589,2.1095,0.0,0.0882,0.08968,0.2571,2658.48,0.4457,0.3997,0.4219,0.3587,0.5732,0.0928,4.0,3.185,0.593,-0.699
task-stim02,82.0,82.5,0.00312,0.0037,0.0,4.5,0.907,0.0152,0.1765,2.1526,0.0,0.0882,0.06505,0.2586,3353.93,0.3258,0.3501,0.3429,0.4188,0.6013,0.0898,3.778,2.889,0.815,-0.7277
task-stim02,82.5,83.0,1e-05,2e-05,0.0,5.0,0.8861,0.0,0.1994,2.1976,0.0,0.0882,0.11374,0.1678,2791.58,0.495,0.4154,0.4311,0.3074,0.5283,0.1028,4.37,3.407,0.519,-0.6858
task-stim02,83.0,83.5,1e-05,2e-05,0.0,5.5,0.8861,0.0,0.1994,2.1975,0.0,0.0883,0.11894,0.2129,3014.11,0.3579,0.3261,0.3851,0.2652,0.4184,0.103,4.148,3.185,0.963,-0.692
task-stim02,83.5,84.0,1e-05,2e-05,0.0,6.0,0.8861,0.0,0.1994,2.1976,0.0,0.0882,0.09388,0.2706,2854.15,0.3753,0.3331,0.3642,0.2522,0.4672,0.1023,4.148,3.259,0.963,-0.2827
task-stim02,84.0,84.5,1e-05,1e-05,0.0,6.5,0.8861,0.0,0.1994,2.1974,0.0,0.0882,0.10019,0.234,1091.12,0.661,0.3128,0.3414,0.4017,0.404,0.1243,4.37,3.333,0.519,-0.3423
task-stim02,84.5,85.0,0.00056,0.00182,0.0,7.0,0.8866,0.0017,0.1989,2.1981,0.0,0.0883,0.07065,0.1899,3490.4,0.1301,0.3624,0.3528,0.4865,0.5085,0.1232,3.778,2.815,0.667,-0.3183
task-stim02,85.0,85.5,0.00275,0.00354,0.0,7.5,0.9185,0.007,0.1634,2.12,0.0,0.0883,0.12729,0.1256,1968.95,0.412,0.3817,0.3631,0.5001,0.5551,0.1187,3.407,2.37,0.667,-0.2607
task-stim02,85.5,86.0,1e-05,2e-05,0.0,8.0,0.9223,0.0,0.1589,2.1119,0.0,0.0883,0.15493,0.0742,2848.56,0.4343,0.3494,0.35,0.4088,0.5161,0.1147,3.63,2.444,0.667,-0.5388
task-stim02,86.0,86.5,3e-05,6e-05,0.0,8.5,0.9222,0.0001,0.1591,2.1129,0.0,0.0884,0.09168,0.1685,1928.71,0.2542,0.361,0.3597,0.4188,0.4608,0.0935,3.778,2.593,0.815,-0.5944
task-stim02,86.5,87.0,0.00725,0.01879,0.0,9.0,0.9052,0.0294,0.1711,2.1172,0.0,0.0929,0.06572,0.2016,2633.62,0.3915,0.3166,0.3303,0.2741,0.5113,0.112,4.148,2.963,1.037,-0.5272
task-stim02,87.0,87.5,0.01396,0.01495,0.0,9.5,0.8701,0.0148,0.2063,2.2067,0.0,0.1253,0.09105,0.1998,2374.48,0.5197,0.4022,0.3982,0.4203,0.485,0.1045,4.667,3.407,0.519,-0.4701
task-stim02,87.5,88.0,0.00985,0.01533,0.0,10.0,0.9012,0.0286,0.1846,2.3077,0.0,0.1325,0.08129,0.2333,1532.78,0.5512,0.5076,0.5251,0.5192,0.5298,0.0729,3.333,2.222,0.667,-0.4155
task-stim02,88.0,88.5,3e-05,5e-05,0.0,10.5,0.9213,0.0,0.171,2.3389,0.0,0.1329,0.10011,0.1737,2472.57,0.2573,0.3984,0.3815,0.4625,0.557,0.0907,4.296,3.259,1.037,-0.3075
task-stim02,88.5,89.0,1e-05,2e-05,0.0,11.0,0.9212,0.0,0.171,2.3389,0.0,0.1329,0.15189,0.0651,2583.3,0.3013,0.4215,0.4271,0.4523,0.5068,0.0976,4.148,2.667,0.519,-0.3075
task-stim02,89.0,89.5,0.00949,0.01846,0.0,11.5,0.88,0.0356,0.1986,2.2545,0.0,0.1288,0.06411,0.1945,1042.05,0.5758,0.4443,0.4275,0.4271,0.5646,0.0811,4.296,3.037,0.667,-0.0882
task-stim02,89.5,90.0,0.00961,0.01339,0.0,12.0,0.8413,0.01,0.2164,2.1979,0.0,0.1283,0.12518,0.1295,2486.83,0.5259,0.5404,0.532,0.6578,0.6317,0.1147,3.778,2.519,0.37,0.0749
task-stim02,90.0,90.5,0.01452,0.01617,0.0,12.5,0.8491,0.0146,0.2046,2.3085,0.0,0.1353,0.14395,0.1276,1854.34,0.5655,0.4501,0.4779,0.5194,0.574,0.1011,4.519,2.889,0.519,0.3548
task-stim02,90.5,91.0,0.01261,0.01268,0.0,13.0,0.8356,0.006,0.2158,2.2175,0.0,0.1245,0.11913,0.1255,2537.65,0.3534,0.6127,0.6013,0.6608,0.7358,0.0762,3.481,1.926,0.296,0.3008
task-stim02,91.0,91.5,0.01192,0.01703,0.0,13.5,0.8656,0.0237,0.2048,2.4578,0.0,0.1338,0.17724,0.0591,2013.45,0.3865,0.6006,0.6071,0.6461,0.6093,0.0652,3.556,2.074,0.296,0.4993
task-stim02,91.5,92.0,1e-05,2e-05,0.0,14.0,0.9171,0.0,0.1799,2.7216,0.0,0.1319,0.14201,0.0973,927.84,0.5421,0.4919,0.4963,0.4853,0.7334,0.08,4.074,2.741,0.667,0.4403
task-stim02,92.0,92.5,2e-05,3e-05,0.0,14.5,0.917,0.0,0.1799,2.7216,0.0,0.1319,0.06943,0.2263,1663.23,0.4468,0.3621,0.3777,0.4204,0.4648,0.1477,3.704,2.444,0.963,-0.1688
task-stim02,92.5,93.0,1e-05,1e-05,0.0,15.0,0.917,0.0,0.1799,2.7218,0.0,0.1319,0.06596,0.2289,1355.05,0.6126,0.4032,0.3976,0.3436,0.7269,0.1374,3.852,2.444,0.741,-0.1884
task-stim02,93.0,93.5,1e-05,1e-05,0.0,15.5,0.917,0.0,0.1799,2.7218,0.0,0.1319,0.03971,0.3182,1040.6,0.493,0.4516,0.4501,0.4943,0.6428,0.101,4.296,2.815,0.37,-0.1272
task-stim02,93.5,94.0,0.07258,0.07371,0.0,16.0,0.9056,0.0127,0.1878,1.9771,0.0,0.184,0.04612,0.2749,709.78,0.2969,0.3941,0.3815,0.4152,0.6616,0.0938,3.63,2.444,0.963,-0.0966
task-stim02,94.0,94.5,4e-05,4e-05,0.0,16.5,0.9001,0.0,0.1828,0.6681,0.0,0.2693,0.04878,0.4786,496.76,0.2225,0.3565,0.3606,0.3315,0.5092,0.1174,5.037,4.37,0.593,-0.2861
task-stim02,94.5,95.0,0.01321,0.02028,0.0,17.0,0.882,0.0202,0.2139,0.5691,0.0,0.1491,0.09304,0.1711,4135.54,0.1494,0.3133,0.3361,0.3167,0.3969,0.099,3.852,3.259,0.889,-0.3722
task-stim02,95.0,95.5,0.0132,0.04371,0.0,17.5,0.818,0.0685,0.2742,0.4174,0.0,0.0025,0.16183,0.074,1337.94,0.5748,0.3466,0.3583,0.279,0.5382,0.0965,4.222,3.185,0.815,-0.4632
task-stim02,95.5,96.0,0.01202,0.03979,0.0,18.0,0.6638,0.0616,0.347,0.566,0.0,0.0362,0.13308,0.1253,1423.11,0.6406,0.3901,0.4173,0.355,0.5707,0.0814,3.63,2.444,0.519,-0.8692
task-stim02,96.0,96.5,0.00032,0.00093,0.0,18.5,0.5579,0.0003,0.3501,0.7632,0.0,0.1391,0.12934,0.1149,1180.99,0.6524,0.3608,0.3908,0.307,0.433,0.1154,4.222,3.259,0.519,-0.3559
task-stim02,96.5,97.0,3e-05,5e-05,0.0,19.0,0.5579,0.0,0.3501,0.7662,0.0,0.1395,0.17301,0.0726,1130.34,0.5972,0.3712,0.41,0.3759,0.4096,0.1103,3.926,2.963,0.667,-0.0016
task-stim02,97.0,97.5,0.15773,0.18753,10.0,0.0,0.5393,0.0418,0.3624,0.8051,0.0,0.1259,0.15052,0.0688,2122.7,0.4581,0.3785,0.3778,0.3503,0.5992,0.1214,3.704,2.593,0.519,0.0101
task-stim02,97.5,98.0,0.02895,0.09584,2.0,0.0,0.49,0.0001,0.4036,0.9517,0.0,0.0791,0.121,0.1688,1320.65,0.7358,0.3805,0.3972,0.3362,0.5488,0.1221,4.148,3.185,0.667,-0.0353
task-stim02,98.0,98.5,1e-05,1e-05,0.0,0.5,0.4899,0.0,0.4037,0.9532,0.0,0.0792,0.10297,0.165,2119.02,0.4043,0.4154,0.4463,0.3611,0.4628,0.0781,3.926,2.963,0.963,0.071
task-stim02,98.5,99.0,4e-05,8e-05,0.0,1.0,0.49,0.0,0.4037,0.9515,0.0,0.0792,0.08194,0.2052,2687.48,0.4596,0.3924,0.4359,0.2348,0.4587,0.0808,3.111,2.296,1.037,0.3442
task-stim02,99.0,99.5,0.01215,0.01537,0.0,1.5,0.5222,0.0226,0.3673,1.1203,0.0,0.1373,0.07879,0.2556,3344.13,0.3363,0.4585,0.4911,0.4161,0.5973,0.0723,3.185,2.074,0.593,0.0081
task-stim02,99.5,100.0,0.02013,0.02692,0.0,2.0,0.6138,0.0888,0.309,2.2291,0.0,0.1572,0.10607,0.1546,1948.33,0.5968,0.4221,0.4356,0.3479,0.6009,0.0723,3.778,2.444,0.593,0.0733
task-stim02,100.0,100.5,0.01033,0.03411,0.0,2.5,0.7258,0.0314,0.2384,3.6669,0.0,0.1461,0.12797,0.1179,2913.35,0.2943,0.4818,0.5186,0.3838,0.544,0.0861,4.296,2.963,0.667,-0.324
task-stim02,100.5,101.0,0.03319,0.0472,0.0,3.0,0.328,0.0877,0.3104,2.2149,0.0,0.2532,0.1376,0.1555,1559.28,0.6284,0.4283,0.4733,0.3301,0.5557,0.0765,3.333,2.148,0.519,-1.1963
task-stim02,101.0,101.5,0.00144,0.00317,0.0,3.5,0.2809,0.0003,0.2939,2.0182,0.0,0.2594,0.11928,0.1014,1465.75,0.6517,0.378,0.3854,0.3595,0.5461,0.1076,3.926,2.815,0.741,-1.0451
task-stim02,101.5,102.0,0.07489,0.15815,2.0,0.0,0.5258,0.2487,0.2741,1.173,0.0,0.1583,0.10013,0.1289,2623.13,0.458,0.3618,0.3986,0.313,0.4701,0.1289,3.407,2.296,0.667,-0.7982
task-stim02,102.0,102.5,0.09878,0.11798,0.0,0.5,0.7646,0.1067,0.246,0.5371,0.0,0.0508,0.11959,0.121,2890.0,0.354,0.3869,0.4147,0.362,0.4476,0.0684,3.259,2.222,0.741,-1.1965
task-stim02,102.5,103.0,0.06032,0.0678,0.0,1.0,0.7244,0.0548,0.2806,0.701,0.0,0.0485,0.18434,0.044,1620.17,0.5403,0.3697,0.4131,0.3618,0.3855,0.0777,3.704,2.593,0.889,-1.2883
task-stim02,103.0,103.5,0.04861,0.06369,0.0,1.5,0.7714,0.055,0.263,0.8571,0.0,0.047,0.09961,0.1467,1314.41,0.5137,0.4766,0.4783,0.4491,0.5932,0.0661,2.519,1.259,0.667,-0.6658
task-stim02,103.5,104.0,0.06566,0.07422,0.0,2.0,0.7857,0.0673,0.2507,0.9926,0.0,0.0848,0.05475,0.2269,1519.88,0.5088,0.5016,0.5104,0.5359,0.5734,0.0638,2.815,1.481,0.37,-0.6707
task-stim02,104.0,104.5,0.01414,0.03188,0.0,2.5,0.918,0.0334,0.1594,1.8447,0.0,0.1137,0.09805,0.195,4158.28,0.259,0.3911,0.3865,0.4657,0.5634,0.0856,4.593,3.481,0.593,-0.6735
task-stim02,104.5,105.0,0.04707,0.08465,0.0,3.0,0.7543,0.1268,0.221,1.1722,0.0,0.0865,0.08842,0.2208,1901.91,0.58,0.34,0.3119,0.3705,0.5914,0.103,3.926,3.037,0.815,-0.9157
task-stim02,105.0,105.5,0.07201,0.07575,0.0,3.5,0.7415,0.0182,0.2662,0.9058,0.0,0.09,0.09894,0.1732,3246.62,0.4299,0.4549,0.4488,0.4625,0.5871,0.0949,3.333,2.296,0.37,-0.6625
task-stim02,105.5,106.0,0.06131,0.06575,0.0,4.0,0.7628,0.0484,0.2688,1.1689,0.0,0.1148,0.07885,0.2306,2656.21,0.4136,0.4172,0.3974,0.4789,0.4877,0.0833,3.704,2.296,0.667,-0.3562
task-stim02,106.0,106.5,0.01373,0.04546,0.0,4.5,0.9447,0.0,0.1464,2.0209,0.0,0.1269,0.10648,0.1593,2542.39,0.3562,0.4603,0.4276,0.5836,0.6778,0.0923,3.63,2.37,0.519,-0.2673
task-stim02,106.5,107.0,0.00013,0.00035,0.0,5.0,0.9448,0.0001,0.1465,2.0286,0.0,0.127,0.11114,0.1552,1243.47,0.621,0.3892,0.3958,0.5632,0.4947,0.092,3.926,2.963,0.741,-0.8447
task-stim02,107.0,107.5,3e-05,8e-05,0.0,5.5,0.9448,0.0,0.1466,2.036,0.0,0.1272,0.13101,0.1462,2049.35,0.5076,0.4232,0.4193,0.5615,0.4268,0.0901,3.185,2.074,0.593,-0.8146
task-stim02,107.5,108.0,1e-05,1e-05,0.0,6.0,0.9447,0.0,0.1467,2.0368,0.0,0.1273,0.1131,0.1398,1458.31,0.5042,0.3712,0.3617,0.3729,0.5684,0.0943,3.185,2.074,0.593,-0.6694
task-stim02,108.0,108.5,1e-05,3e-05,0.0,6.5,0.9446,0.0,0.1467,2.0371,0.0,0.1273,0.15003,0.0789,2009.88,0.3833,0.3336,0.3148,0.4379,0.4657,0.1099,3.926,2.963,0.963,-0.5292
task-stim02,108.5,109.0,1e-05,1e-05,0.0,7.0,0.9446,0.0,0.1467,2.0369,0.0,0.1273,0.12922,0.1082,971.97,0.523,0.39,0.3954,0.4508,0.4826,0.1117,4.0,3.111,0.667,-0.4824
task-stim02,109.0,109.5,0.04858,0.05873,0.0,7.5,0.9315,0.0187,0.1617,2.0064,0.0,0.129,0.04221,0.2589,566.68,0.2602,0.4554,0.4258,0.4845,0.8133,0.1097,3.63,2.519,0.37,-0.5296
task-stim02,109.5,110.0,0.01254,0.04152,0.0,8.0,0.8925,0.0,0.2031,1.9611,0.0,0.2912,0.03817,0.4626,783.64,0.2757,0.4091,0.4024,0.5161,0.5296,0.0913,4.519,3.185,0.444,-0.5806
task-stim02,110.0,110.5,1e-05,1e-05,0.0,8.5,0.8925,0.0,0.2031,1.961,0.0,0.2912,0.03491,0.4806,699.85,0.2504,0.4158,0.4203,0.4652,0.4645,0.0948,4.963,3.778,0.444,-0.6152
task-stim02,110.5,111.0,0.05637,0.10467,0.0,9.0,0.8085,0.1071,0.2288,1.1179,0.0,0.1657,0.06319,0.3661,1834.45,0.4388,0.3629,0.3529,0.4714,0.5669,0.1024,4.222,3.111,0.444,-0.5273
task-stim02,111.0,111.5,0.07675,0.10431,0.0,9.5,0.7882,0.0785,0.2498,0.724,0.0,0.0711,0.2039,0.0606,1359.35,0.5046,0.4293,0.4236,0.5188,0.5551,0.0865,3.852,2.593,0.593,-0.4634
task-stim02,111.5,112.0,0.06704,0.07992,0.0,10.0,0.7808,0.0643,0.2687,1.034,0.0,0.1037,0.19333,0.0673,1749.01,0.4798,0.39,0.3766,0.4999,0.4128,0.0856,3.704,2.37,0.815,-0.2935
task-stim02,112.0,112.5,0.04677,0.05997,0.0,10.5,0.6822,0.0455,0.2583,0.5941,0.0,0.0645,0.14672,0.156,2287.95,0.5369,0.4083,0.3747,0.7009,0.4992,0.1039,3.778,2.444,0.667,-0.1135
task-stim02,112.5,113.0,0.04378,0.05207,0.0,11.0,0.8425,0.0866,0.2081,1.3939,0.0,0.093,0.10975,0.1581,2475.34,0.4697,0.4498,0.4322,0.5525,0.5026,0.082,4.296,3.037,0.667,0.1516
task-stim02,113.0,113.5,2e-05,3e-05,0.0,11.5,0.9396,0.0,0.1363,1.7023,0.0,0.0818,0.10333,0.14,2435.32,0.4084,0.3799,0.3516,0.5803,0.5459,0.0911,4.0,2.963,0.889,-0.102
task-stim02,113.5,114.0,0.02578,0.06867,0.0,12.0,0.8809,0.1016,0.1676,1.4504,0.0,0.0812,0.0824,0.1898,2978.3,0.2547,0.3198,0.3254,0.4535,0.4198,0.1022,3.63,2.444,1.037,-0.2933
task-stim02,114.0,114.5,0.04989,0.05427,0.0,12.5,0.6979,0.0614,0.2454,0.9225,0.0,0.0825,0.12508,0.2905,2522.89,0.544,0.3683,0.377,0.3413,0.5415,0.1379,3.63,2.296,0.519,-0.0983
task-stim02,114.5,115.0,0.04202,0.06549,0.0,13.0,0.8187,0.0841,0.2095,1.5011,0.0,0.0942,0.09729,0.1619,2337.16,0.4954,0.4259,0.4446,0.3801,0.5895,0.097,3.556,2.444,0.593,0.01
task-stim02,115.0,115.5,0.03192,0.07651,0.0,13.5,0.7612,0.1299,0.2422,1.2173,0.0,0.0733,0.1268,0.1071,2350.58,0.5392,0.4161,0.4623,0.2917,0.5433,0.0964,3.704,2.667,0.519,-0.2646
task-stim02,115.5,116.0,0.01914,0.02077,0.0,14.0,0.6745,0.0093,0.2902,0.9352,0.0,0.0688,0.21265,0.0451,2392.1,0.4018,0.5164,0.5526,0.367,0.5958,0.0695,2.963,1.852,0.593,-0.2793
task-stim02,116.0,116.5,0.02496,0.08276,0.0,14.5,0.9474,0.0,0.1448,1.9821,0.0,0.0863,0.17617,0.0639,2958.84,0.3393,0.5147,0.5592,0.4077,0.4795,0.0834,2.296,1.259,0.815,0.2365
task-stim02,116.5,117.0,1e-05,1e-05,0.0,15.0,0.9475,0.0,0.1448,1.9821,0.0,0.0864,0.07936,0.1895,1455.27,0.5574,0.4424,0.4592,0.4182,0.4746,0.1011,2.889,2.074,0.963,-0.6865
task-stim02,117.0,117.5,0.09455,0.1027,0.0,15.5,0.7571,0.0754,0.2325,0.8166,0.0,0.0898,0.10393,0.1354,1437.76,0.6642,0.5186,0.519,0.6614,0.4938,0.0875,2.963,1.778,0.444,-0.6511
task-stim02,117.5,118.0,0.03084,0.05467,0.0,16.0,0.8977,0.0341,0.1451,0.9983,0.0,0.0932,0.0962,0.2465,1379.67,0.6478,0.6052,0.5881,0.7522,0.6463,0.0758,3.111,1.556,0.148,-0.4451
task-stim02,118.0,118.5,3e-05,6e-05,0.0,16.5,0.9451,0.0,0.0972,1.0717,0.0,0.0844,0.15686,0.1557,1049.99,0.7416,0.4619,0.452,0.5676,0.5092,0.0908,3.63,2.519,0.593,-0.5769
task-stim02,118.5,119.0,0.03334,0.06479,0.0,17.0,0.8347,0.0968,0.1871,0.9219,0.0,0.0876,0.11152,0.1985,2244.85,0.385,0.51,0.5231,0.585,0.5242,0.1094,3.111,2.074,0.296,-0.4802
task-stim02,119.0,119.5,0.06562,0.08086,0.0,17.5,0.675,0.0951,0.2517,0.5536,0.0,0.0615,0.16623,0.0786,894.78,0.6792,0.4503,0.5023,0.4731,0.3612,0.1198,4.296,3.111,0.741,-0.1613
task-stim02,119.5,120.0,0.02538,0.08396,0.0,18.0,0.9288,0.0829,0.1247,1.5106,0.0,0.0835,0.07999,0.2213,1322.08,0.6106,0.5375,0.5369,0.5229,0.5793,0.0664,4.074,2.963,0.519,0.1955
task-stim02,120.0,120.5,3e-05,7e-05,0.0,18.5,0.9538,0.0001,0.1102,1.5885,0.0,0.0851,0.0674,0.1961,2989.65,0.2967,0.4733,0.4676,0.5911,0.4935,0.0948,3.111,1.852,0.815,-0.383
task-stim02,120.5,121.0,0.05785,0.10138,0.0,19.0,0.8649,0.0957,0.1875,0.9399,0.0,0.0747,0.07036,0.2839,2897.76,0.2699,0.4366,0.4636,0.4538,0.3595,0.0935,3.259,1.926,0.667,-0.4665
task-stim02,121.0,121.5,0.10271,0.11315,0.0,19.5,0.7815,0.0875,0.2607,0.5793,0.0,0.0618,0.142,0.1123,3648.57,0.3011,0.4197,0.4493,0.4217,0.3431,0.0935,3.037,1.926,0.815,-0.5182
task-stim02,121.5,122.0,0.05766,0.07424,0.0,20.0,0.7073,0.1107,0.2495,0.8708,0.0,0.0417,0.14841,0.0757,3471.31,0.317,0.4516,0.4168,0.6178,0.5777,0.09,4.37,3.407,0.444,-0.3338
task-stim02,122.0,122.5,0.00089,0.00195,0.0,20.5,0.9365,0.0017,0.1393,1.6436,0.0,0.0297,0.13518,0.1108,2278.06,0.4266,0.4725,0.5019,0.3865,0.5926,0.07,5.407,4.074,0.519,-0.2532
task-stim02,122.5,123.0,0.00015,0.00045,0.0,21.0,0.9361,0.0001,0.1393,1.6425,0.0,0.0299,0.09548,0.1725,2013.83,0.5357,0.3996,0.3411,0.6392,0.6099,0.0745,4.37,2.741,0.963,-0.6854
task-stim02,123.0,123.5,0.06428,0.08982,0.0,21.5,0.7517,0.1089,0.2521,1.2085,0.0,0.0563,0.1014,0.1991,2072.16,0.5229,0.4194,0.4465,0.5671,0.4981,0.0788,4.519,3.037,0.519,-0.3429
task-stim02,123.5,124.0,0.03113,0.04528,0.0,22.0,0.6634,0.0075,0.2766,0.9532,0.0,0.0518,0.13633,0.2451,1446.24,0.7384,0.4729,0.489,0.5012,0.4565,0.0835,4.37,2.815,0.444,-0.1952
task-stim02,124.0,124.5,0.06473,0.07451,0.0,22.5,0.6947,0.0375,0.2584,0.9332,0.0,0.0596,0.1378,0.1176,2850.32,0.4459,0.4761,0.468,0.4382,0.7074,0.0561,3.259,2.0,0.593,0.1248
task-stim02,124.5,125.0,0.04685,0.07697,0.0,23.0,0.7538,0.1169,0.2448,1.5098,0.0,0.0546,0.13733,0.1326,1387.83,0.6545,0.4839,0.481,0.4567,0.655,0.0726,3.481,2.296,0.519,0.2864
task-stim02,125.0,125.5,0.02502,0.03635,0.0,23.5,0.8757,0.0459,0.2047,2.1055,0.0,0.0775,0.12721,0.1171,1562.98,0.6088,0.4875,0.4843,0.4189,0.5971,0.0834,3.852,2.593,0.444,-0.0112
task-stim02,125.5,126.0,0.03994,0.0558,0.0,24.0,0.8179,0.0693,0.2422,2.1228,0.0,0.0723,0.15218,0.145,1372.63,0.6444,0.4382,0.4659,0.5771,0.4353,0.1008,3.926,2.667,0.519,-0.3787
task-stim02,126.0,126.5,0.02917,0.03523,0.0,24.5,0.7265,0.0126,0.2867,1.8781,0.0,0.075,0.15732,0.1318,1359.41,0.7191,0.3996,0.3981,0.4736,0.4871,0.0992,4.444,3.185,0.593,-0.4195
task-stim02,126.5,127.0,0.04127,0.05595,0.0,25.0,0.7638,0.0302,0.2777,2.0245,0.0,0.0778,0.10983,0.1732,2066.19,0.4165,0.5238,0.5361,0.3419,0.7242,0.071,2.963,1.704,0.444,-0.0055
task-stim02,127.0,127.5,0.01582,0.01804,0.0,25.5,0.7871,0.013,0.2741,2.2586,0.0,0.0687,0.10593,0.1391,2245.45,0.4589,0.4935,0.5171,0.5015,0.5287,0.0748,4.148,2.815,0.296,0.0101
task-stim02,127.5,128.0,0.03816,0.04905,0.0,26.0,0.8352,0.0556,0.2308,2.5546,0.0,0.0856,0.06442,0.2364,1198.67,0.5745,0.4543,0.4771,0.2683,0.6872,0.0821,3.556,2.296,0.667,-0.2244
task-stim02,128.0,128.5,0.00021,0.00058,0.0,26.5,0.9073,0.0002,0.1659,2.7999,0.0,0.0692,0.11386,0.1771,3141.46,0.4422,0.4231,0.4303,0.3613,0.6323,0.1073,4.667,3.556,0.37,-0.3392
task-stim02,128.5,129.0,0.00296,0.00973,0.0,27.0,0.892,0.0151,0.1768,2.5532,0.0,0.0735,0.09181,0.1747,1458.84,0.64,0.3455,0.3819,0.2307,0.528,0.1125,4.074,3.185,0.593,-0.4466
task-stim02,129.0,129.5,0.00294,0.00971,0.0,27.5,0.8844,0.013,0.1822,2.4281,0.0,0.0756,0.06957,0.2196,2579.86,0.3632,0.3135,0.3567,0.294,0.3504,0.1071,4.815,3.852,1.333,-0.4037
task-stim02,129.5,130.0,1e-05,1e-05,0.0,28.0,0.9069,0.0,0.1662,2.8045,0.0,0.0693,0.06269,0.2532,2011.75,0.5092,0.3713,0.3943,0.3644,0.5817,0.1139,4.074,3.037,0.519,-0.3962
task-stim02,130.0,130.5,0.01451,0.02148,0.0,28.5,0.8796,0.0235,0.1997,2.863,0.0,0.0927,0.07479,0.2364,876.51,0.4646,0.3699,0.3931,0.3165,0.4492,0.1184,4.296,3.333,0.667,-0.272
task-stim02,130.5,131.0,0.027,0.04238,0.0,29.0,0.8375,0.033,0.2429,2.6953,0.0,0.1053,0.14537,0.0955,1444.39,0.5085,0.3566,0.3737,0.3292,0.4038,0.1387,4.0,2.889,0.667,-0.1
task-stim02,131.0,131.5,0.03766,0.04396,0.0,29.5,0.826,0.0313,0.2462,2.7885,0.0,0.1456,0.11621,0.1085,2021.58,0.5255,0.3948,0.3948,0.2968,0.5884,0.1188,4.074,2.815,0.593,-0.0163
task-stim02,131.5,132.0,0.00669,0.02177,0.0,30.0,0.8928,0.02,0.189,3.4405,0.0,0.1594,0.08955,0.1865,2747.6,0.4187,0.4367,0.4724,0.4017,0.4376,0.1039,4.222,3.037,0.444,-0.2342
task-stim02,132.0,132.5,1e-05,1e-05,0.0,30.5,0.8988,0.0,0.1837,3.4642,0.0,0.1588,0.0803,0.2117,3105.26,0.3856,0.3357,0.3416,0.392,0.4702,0.113,4.519,3.259,0.815,-0.5657
task-stim02,132.5,133.0,1e-05,2e-05,0.0,31.0,0.8988,0.0,0.1837,3.4642,0.0,0.1588,0.11454,0.2112,1170.92,0.7041,0.3357,0.3119,0.5943,0.5052,0.1215,4.222,3.259,0.815,-0.4867
task-stim02,133.0,133.5,0.0045,0.00457,0.0,31.5,0.9101,0.0045,0.1826,3.4156,0.0,0.1584,0.16032,0.0703,1771.91,0.4897,0.3701,0.369,0.4149,0.4523,0.1274,4.37,3.556,0.815,-0.6599
task-stim02,133.5,134.0,0.00739,0.00863,0.0,32.0,0.9055,0.0085,0.184,3.4804,0.0,0.159,0.12736,0.1457,2312.2,0.5324,0.5227,0.5326,0.5321,0.568,0.1041,4.815,3.556,0.296,-0.6289
task-stim02,134.0,134.5,0.00011,0.00016,0.0,32.5,0.9023,0.0002,0.1849,3.5033,0.0,0.1587,0.11438,0.1814,3168.91,0.3587,0.4506,0.4366,0.5036,0.5492,0.1101,4.444,3.259,0.667,-0.5257
task-stim02,134.5,135.0,0.00604,0.00706,0.0,33.0,0.912,0.0057,0.1833,3.5337,0.0,0.1616,0.14192,0.0954,2643.98,0.4781,0.4351,0.439,0.5189,0.513,0.1006,3.63,2.074,0.667,-0.3357
task-stim02,135.0,135.5,0.00535,0.00681,0.0,33.5,0.9152,0.0079,0.1863,3.6098,0.0,0.1637,0.19473,0.0628,2127.74,0.4594,0.5252,0.5302,0.559,0.6408,0.1022,3.63,1.926,0.37,-0.3702
task-stim02,135.5,136.0,0.00588,0.0074,0.0,34.0,0.9013,0.0074,0.1859,3.536,0.0,0.1668,0.13181,0.0875,1868.67,0.4983,0.4651,0.4668,0.5944,0.5867,0.1294,4.148,2.667,0.296,-0.4502
task-stim02,136.0,136.5,0.00736,0.00933,0.0,34.5,0.9079,0.0104,0.1859,3.5786,0.0,0.1757,0.12519,0.1656,2172.79,0.6109,0.4501,0.4683,0.4292,0.5107,0.101,4.667,3.704,0.37,-0.1548
task-stim02,136.5,137.0,0.00656,0.00736,0.0,35.0,0.9043,0.0077,0.1862,3.6028,0.0,0.1666,0.08139,0.1875,2682.88,0.444,0.4022,0.4298,0.3904,0.3618,0.0846,4.963,4.0,0.519,-0.3791
task-stim02,137.0,137.5,0.00378,0.00592,0.0,35.5,0.9062,0.0064,0.1877,3.6554,0.0,0.1631,0.07008,0.432,2722.04,0.5002,0.4941,0.4692,0.6923,0.4957,0.0747,4.148,2.815,0.222,-0.626
task-stim02,137.5,138.0,0.00186,0.00613,0.0,36.0,0.8977,0.0063,0.1876,3.6534,0.0,0.1627,0.15624,0.1313,1217.09,0.7329,0.4925,0.4647,0.5711,0.6688,0.0872,3.63,2.296,0.593,-0.4222
task-stim02,138.0,138.5,0.0114,0.01559,0.0,36.5,0.8983,0.016,0.1853,3.5613,0.0,0.163,0.21431,0.0628,1507.92,0.6608,0.496,0.4887,0.4907,0.6916,0.0679,3.778,2.37,0.519,-0.5231
task-stim02,138.5,139.0,0.00619,0.00606,0.0,37.0,0.9157,0.0065,0.1845,3.6228,0.0,0.1638,0.138,0.1025,1836.81,0.3477,0.5188,0.5226,0.6039,0.4789,0.0772,3.259,1.852,0.444,-0.4031
task-stim02,139.0,139.5,0.00164,0.00352,0.0,37.5,0.911,0.0047,0.1882,3.684,0.0,0.1623,0.10429,0.1283,1298.41,0.75,0.4858,0.5195,0.5419,0.3501,0.103,2.963,1.704,0.593,-0.4962
task-stim02,139.5,140.0,7e-05,7e-05,0.0,38.0,0.9085,0.0,0.1889,3.6838,0.0,0.1623,0.11499,0.1709,1162.14,0.5645,0.4406,0.4806,0.3909,0.5305,0.1112,3.704,2.519,0.593,-0.4363
task-stim02,140.0,140.5,0.12177,0.12291,0.0,38.5,0.6072,0.1898,0.2832,2.9189,0.0,0.2209,0.10888,0.1435,1177.97,0.4692,0.4282,0.4758,0.4921,0.5111,0.0942,2.889,1.852,0.519,-0.5019
task-stim02,140.5,141.0,0.00017,0.0002,0.0,39.0,0.4167,0.0001,0.2838,2.6313,0.0,0.2574,0.12431,0.1015,806.43,0.3692,0.5091,0.5635,0.5003,0.3517,0.0791,4.074,3.037,0.519,-0.425
task-stim02,141.0,141.5,0.00012,0.00012,0.0,39.5,0.4168,0.0001,0.284,2.6407,0.0,0.2577,0.10792,0.0688,3030.96,0.1251,0.4957,0.5451,0.3675,0.5001,0.1094,3.704,2.444,0.37,-0.0975
task-stim02,141.5,142.0,0.00011,6e-05,0.0,40.0,0.4169,0.0,0.2841,2.6462,0.0,0.2579,0.06022,0.0998,556.12,0.1266,0.4569,0.4543,0.5279,0.4744,0.1182,3.185,2.815,0.222,0.1259
task-stim03,0.0,0.5,0.00149,0.00043,0.0,0.25,0.8828,0.0001,0.1226,0.4722,0.0,0.0787,0.0,1.0,0.0,0.0,0.47,0.4833,0.5754,0.5232,0.1511,3.926,3.259,0.074,2.1373
task-stim03,0.5,1.0,0.00165,5e-05,0.0,0.75,0.8824,0.0001,0.1228,0.4787,0.0,0.0794,0.14725,0.3139,2896.7,0.3841,0.4189,0.482,0.5662,0.3832,0.1169,4.963,3.481,0.593,0.6984
task-stim03,1.0,1.5,0.00178,8e-05,0.0,1.25,0.882,0.0002,0.1228,0.4847,0.0,0.0791,0.16221,0.1505,1048.3,0.5024,0.4559,0.4532,0.5454,0.5644,0.0969,4.296,2.963,0.519,0.3697
task-stim03,1.5,2.0,0.00185,5e-05,0.0,1.75,0.8816,0.0002,0.1229,0.4915,0.0,0.0788,0.13633,0.1398,1823.82,0.599,0.5105,0.531,0.5982,0.5663,0.0633,4.296,2.889,0.519,0.8396
task-stim03,2.0,2.5,0.00196,6e-05,0.0,2.25,0.8814,0.0001,0.1229,0.4984,0.0,0.0803,0.16515,0.1635,1797.33,0.5872,0.46,0.4976,0.4695,0.5676,0.0997,4.0,2.815,0.667,1.0125
task-stim03,2.5,3.0,0.00201,7e-05,0.0,2.75,0.881,0.0001,0.123,0.5068,0.0,0.0811,0.09248,0.201,2636.28,0.4978,0.536,0.5866,0.5889,0.5666,0.0545,3.852,2.37,0.444,1.0629
task-stim03,3.0,3.5,0.00721,0.00524,0.0,3.25,0.8831,0.0032,0.1184,0.4721,0.0,0.0763,0.03846,0.5116,832.06,0.3872,0.4749,0.4664,0.5514,0.6197,0.0986,4.222,2.815,0.741,1.2397
task-stim03,3.5,4.0,0.00655,0.0052,0.0,3.75,0.9048,0.0044,0.0547,0.148,0.0,0.026,0.13615,0.109,1608.71,0.4755,0.5304,0.5661,0.5401,0.5797,0.087,3.778,2.741,0.444,1.3047
task-stim03,4.0,4.5,0.0015,0.00281,0.0,4.25,0.9047,0.0033,0.049,0.1225,0.0,0.0247,0.10348,0.3723,3057.34,0.3845,0.5665,0.5622,0.5055,0.7455,0.0756,4.074,3.111,0.444,1.0816
task-stim03,4.5,5.0,0.00324,0.00413,0.0,4.75,0.8852,0.0013,0.0977,0.5971,0.0,0.0263,0.16194,0.096,1299.26,0.6732,0.5158,0.5531,0.4394,0.5416,0.1136,4.074,2.815,0.444,0.7276
task-stim03,5.0,5.5,0.0032,0.00291,0.0,5.25,0.8748,0.0023,0.1098,0.7158,0.0,0.0619,0.15819,0.0905,3246.3,0.3047,0.5076,0.5436,0.4194,0.618,0.0984,3.778,2.222,0.222,0.8914
task-stim03,5.5,6.0,0.0012,7e-05,0.0,5.75,0.8737,0.0001,0.1111,0.713,0.0,0.0659,0.13137,0.1456,2008.39,0.5143,0.4799,0.4964,0.4116,0.7021,0.0801,3.63,2.222,0.37,1.1751
task-stim03,6.0,6.5,0.00122,0.00023,0.0,6.25,0.8737,0.0,0.1109,0.7144,0.0,0.0654,0.1403,0.1354,2327.84,0.4495,0.4642,0.4753,0.4621,0.5164,0.1142,3.63,2.148,0.37,1.1059
task-stim03,6.5,7.0,0.00174,0.00131,0.0,6.75,0.8736,0.0001,0.111,0.703,0.0,0.065,0.16515,0.116,1561.41,0.4211,0.4204,0.4362,0.3975,0.5306,0.1147,3.407,2.0,0.667,1.0636
task-stim03,7.0,7.5,0.0184,0.00473,0.0,7.25,0.8848,0.007,0.0929,0.4276,0.0,0.0242,0.14955,0.0865,1391.41,0.5758,0.4589,0.4718,0.5607,0.6105,0.1424,3.111,1.852,0.222,1.1202
task-stim03,7.5,8.0,0.00275,0.00358,0.0,7.75,0.8984,0.0005,0.0708,0.3107,0.0,0.0038,0.11112,0.2479,3215.64,0.2898,0.5306,0.554,0.505,0.6638,0.097,3.704,2.0,0.296,1.0798
task-stim03,8.0,8.5,0.00385,0.00189,0.0,8.25,0.8866,0.0051,0.0957,0.4303,0.0,0.0414,0.1757,0.083,1320.87,0.6007,0.3768,0.3846,0.4325,0.367,0.1459,4.296,2.815,0.667,0.9914
task-stim03,8.5,9.0,0.00415,0.00191,0.0,8.75,0.876,0.004,0.1155,0.6792,0.0,0.0635,0.16703,0.1103,2701.04,0.4393,0.5566,0.5677,0.5216,0.6471,0.1066,4.296,3.037,0.222,0.976
task-stim03,9.0,9.5,0.00237,0.00093,0.0,9.25,0.8699,0.0027,0.1235,0.8869,0.0,0.0847,0.14498,0.1206,3444.83,0.2904,0.4294,0.4308,0.399,0.5508,0.1433,3.704,2.667,0.37,0.7742
task-stim03,9.5,10.0,0.00507,0.00462,0.0,9.75,0.8575,0.0118,0.1416,0.9762,0.0,0.1016,0.1339,0.1224,2030.23,0.5192,0.4828,0.5239,0.4896,0.4526,0.1289,4.074,2.889,0.296,0.6925
task-stim03,10.0,10.5,0.00296,0.00139,0.0,10.25,0.8365,0.0011,0.1754,1.1532,0.0,0.1318,0.14927,0.1014,1204.54,0.5508,0.4372,0.4687,0.4649,0.4316,0.1122,4.074,2.444,0.37,0.6383
task-stim03,10.5,11.0,0.00176,0.00076,0.0,10.75,0.8327,0.0002,0.177,1.2588,0.0,0.1515,0.16872,0.1135,2605.69,0.4574,0.4054,0.426,0.4996,0.4782,0.1479,4.296,2.889,0.148,0.5774
task-stim03,11.0,11.5,0.00074,8e-05,0.0,11.25,0.8329,0.0002,0.1765,1.2867,0.0,0.1531,0.18356,0.1066,2999.32,0.3378,0.3451,0.3652,0.3016,0.6041,0.1594,4.963,4.148,0.593,0.6
task-stim03,11.5,12.0,0.00106,0.00017,0.0,11.75,0.8327,0.0001,0.1765,1.3016,0.0,0.1542,0.13485,0.1779,2750.64,0.4047,0.4189,0.4376,0.4569,0.4317,0.125,4.074,3.185,0.444,0.5005
task-stim03,12.0,12.5,0.00116,9e-05,0.0,12.25,0.8324,0.0002,0.1769,1.2974,0.0,0.1505,0.13098,0.2026,2344.9,0.4895,0.4527,0.4671,0.3895,0.6208,0.1388,4.519,3.037,0.296,0.5775
task-stim03,12.5,13.0,0.00114,0.0001,0.0,12.75,0.8325,0.0001,0.1766,1.2913,0.0,0.1505,0.11598,0.2331,3013.24,0.4269,0.346,0.3702,0.3912,0.7085,0.1498,4.296,3.037,0.519,0.4744
task-stim03,13.0,13.5,0.00105,0.00013,0.0,13.25,0.8322,0.0002,0.177,1.2995,0.0,0.1496,0.15443,0.1905,1711.58,0.5417,0.321,0.3175,0.4435,0.5428,0.1571,4.148,2.963,0.519,0.3806
task-stim03,13.5,14.0,0.00126,0.0004,0.0,13.75,0.8321,0.0003,0.177,1.2896,0.0,0.1513,0.13794,0.1476,2904.67,0.4017,0.4003,0.4147,0.4118,0.5561,0.1492,4.148,2.889,0.37,0.3267
task-stim03,14.0,14.5,0.00096,7e-05,0.0,14.25,0.832,0.0001,0.1768,1.2904,0.0,0.1555,0.14437,0.1571,2596.92,0.4345,0.4031,0.4267,0.4286,0.4111,0.117,3.926,2.667,0.296,0.2916
task-stim03,14.5,15.0,0.00091,9e-05,0.0,14.75,0.832,0.0002,0.1771,1.2794,0.0,0.1538,0.14348,0.1465,2953.0,0.3942,0.3102,0.3244,0.3899,0.3835,0.1334,4.148,2.963,0.741,0.2157
task-stim03,15.0,15.5,0.00116,6e-05,0.0,15.25,0.8322,0.0001,0.1768,1.2934,0.0,0.1529,0.15122,0.3975,1306.97,0.5543,0.358,0.3591,0.4064,0.4389,0.1213,4.37,3.185,0.37,0.2962
task-stim03,15.5,16.0,0.00115,8e-05,0.0,15.75,0.8323,0.0001,0.1767,1.2976,0.0,0.152,0.14768,0.1716,1182.18,0.6003,0.41,0.4026,0.3803,0.5973,0.103,3.556,2.296,0.37,0.4764
task-stim03,16.0,16.5,0.00154,0.00153,0.0,16.25,0.8322,0.0002,0.1769,1.2862,0.0,0.1489,0.13627,0.2535,2058.8,0.5313,0.387,0.4005,0.432,0.4841,0.1,3.63,2.37,0.593,0.4356
task-stim03,16.5,17.0,0.03498,0.0136,0.0,16.75,0.847,0.0094,0.1604,0.4601,0.0,0.0931,0.09549,0.1336,1556.83,0.4683,0.3782,0.4047,0.4211,0.5067,0.1199,2.963,1.852,0.519,0.6528
task-stim03,17.0,17.5,0.04795,0.01048,0.0,17.25,0.8661,0.0099,0.1397,0.3175,0.0,0.0352,0.0662,0.1426,1368.02,0.4112,0.3789,0.4031,0.3151,0.4886,0.1007,3.333,1.926,0.37,0.5644
task-stim03,17.5,18.0,0.01722,0.01375,0.0,17.75,0.8602,0.0022,0.1641,1.8954,0.0,0.083,0.1405,0.1691,1990.47,0.523,0.3885,0.4057,0.3548,0.5419,0.1178,4.444,2.889,0.222,0.3389
task-stim03,18.0,18.5,0.00079,0.00113,0.0,18.25,0.8585,0.0001,0.1705,2.5786,0.0,0.1086,0.19617,0.1013,2551.75,0.4017,0.4457,0.4463,0.3966,0.6448,0.0885,4.741,3.704,0.519,0.2864
task-stim03,18.5,19.0,1e-05,2e-05,0.0,18.75,0.8587,0.0,0.1718,2.7501,0.0,0.1212,0.09462,0.309,1543.15,0.682,0.3407,0.3604,0.3028,0.4165,0.1744,5.111,4.0,0.37,0.2395
task-stim03,19.0,19.5,0.0,0.0,0.0,19.25,0.8587,0.0,0.1718,2.7504,0.0,0.1212,0.20328,0.0829,3046.28,0.311,0.3803,0.4218,0.4067,0.4728,0.1357,5.185,3.778,0.519,0.1626
task-stim03,19.5,20.0,0.0,0.0,0.0,19.75,0.8586,0.0,0.1718,2.751,0.0,0.1212,0.19044,0.0816,1255.57,0.4445,0.4466,0.457,0.4462,0.441,0.132,4.741,3.407,0.222,0.0302
task-stim03,20.0,20.5,0.0,0.0,0.0,20.25,0.8586,0.0,0.1718,2.751,0.0,0.1212,0.2068,0.0897,2815.14,0.3116,0.3833,0.3872,0.4447,0.3073,0.1294,4.741,3.333,0.296,0.0441
task-stim03,20.5,21.0,0.0,0.0,0.0,20.75,0.8586,0.0,0.1718,2.751,0.0,0.1212,0.13736,0.1621,2111.38,0.5718,0.3928,0.3821,0.4121,0.5219,0.132,4.519,3.185,0.222,0.0241
task-stim03,21.0,21.5,0.0,0.0,0.0,21.25,0.8586,0.0,0.1718,2.7514,0.0,0.1212,0.12325,0.123,2562.08,0.4902,0.365,0.3783,0.3495,0.4409,0.1272,4.593,3.481,0.37,0.1262
task-stim03,21.5,22.0,0.0,0.0,0.0,21.75,0.8586,0.0,0.1718,2.7516,0.0,0.1212,0.129,0.1209,2814.59,0.3842,0.3662,0.3763,0.3667,0.4944,0.1324,5.185,3.926,0.296,0.3457
task-stim03,22.0,22.5,3e-05,5e-05,0.0,22.25,0.8587,0.0001,0.1716,2.7491,0.0,0.1212,0.11825,0.1351,2299.2,0.5099,0.3747,0.3968,0.3291,0.5448,0.1497,5.037,3.63,0.593,0.3713
task-stim03,22.5,23.0,5e-05,2e-05,0.0,22.75,0.8589,0.0002,0.171,2.7441,0.0,0.1212,0.12079,0.2174,1714.49,0.6089,0.368,0.3709,0.3078,0.4697,0.158,5.259,4.0,0.593,0.3214
task-stim03,23.0,23.5,4e-05,0.00013,0.0,23.25,0.8587,0.0,0.1718,2.757,0.0,0.1212,0.16384,0.1645,2880.24,0.3396,0.394,0.429,0.3306,0.5167,0.1552,4.296,2.963,0.519,0.208
task-stim03,23.5,24.0,0.00017,8e-05,0.0,23.75,0.8594,0.0004,0.1699,2.7391,0.0,0.1212,0.17404,0.2176,1542.39,0.5056,0.3386,0.3541,0.4536,0.5153,0.1677,4.519,3.407,0.296,0.2116
task-stim03,24.0,24.5,4e-05,6e-05,0.0,24.25,0.8587,0.0001,0.1716,2.7559,0.0,0.1212,0.14376,0.1246,2949.89,0.415,0.4009,0.3942,0.5618,0.5282,0.177,4.593,3.259,0.37,0.2348
task-stim03,24.5,25.0,0.0,0.0,0.0,24.75,0.8587,0.0,0.1718,2.758,0.0,0.1212,0.10679,0.3111,2409.98,0.4863,0.3391,0.3553,0.3464,0.5422,0.1437,3.852,2.889,0.37,0.2652
task-stim03,25.0,25.5,2e-05,5e-05,0.0,25.25,0.8587,0.0,0.1718,2.7561,0.0,0.1212,0.06299,0.1884,1158.96,0.4672,0.3483,0.3333,0.5047,0.4749,0.1694,4.444,3.333,0.296,0.3963
task-stim03,25.5,26.0,0.01765,0.00966,0.0,25.75,0.8677,0.0057,0.1529,1.6799,0.0,0.0862,0.15269,0.1396,1800.03,0.4999,0.3056,0.3466,0.434,0.4764,0.1604,4.0,3.037,0.444,0.1565
task-stim03,26.0,26.5,0.01204,0.00609,0.0,26.25,0.8844,0.0039,0.1243,1.1794,0.0,0.0493,0.15417,0.0849,2089.7,0.4744,0.3114,0.3282,0.4281,0.3626,0.1472,3.704,2.741,0.667,0.2285
task-stim03,26.5,27.0,0.00184,0.00163,0.0,26.75,0.8852,0.0006,0.1246,1.6581,0.0,0.0668,0.15865,0.1181,1845.85,0.4999,0.4152,0.4048,0.5327,0.5903,0.133,4.667,3.333,0.222,-0.0337
task-stim03,27.0,27.5,0.0,0.0,0.0,27.25,0.8848,0.0,0.1254,1.7914,0.0,0.0709,0.19477,0.1415,2672.85,0.4431,0.3427,0.3377,0.422,0.5958,0.1616,4.889,3.259,0.222,-0.183
task-stim03,27.5,28.0,0.0,0.0,0.0,27.75,0.8848,0.0,0.1254,1.793,0.0,0.0709,0.17674,0.1782,1794.44,0.4914,0.3114,0.3142,0.3141,0.5015,0.1628,4.667,3.407,0.444,-0.2182
task-stim03,28.0,28.5,0.0,0.0,0.0,28.25,0.8848,0.0,0.1254,1.7957,0.0,0.0709,0.15013,0.102,2524.53,0.4065,0.3182,0.3519,0.3725,0.4291,0.1371,4.37,2.963,0.444,-0.2639
task-stim03,28.5,29.0,0.0,0.0,0.0,28.75,0.8848,0.0,0.1254,1.7962,0.0,0.0709,0.07825,0.1911,3489.76,0.2972,0.3312,0.3462,0.4015,0.4797,0.1577,5.333,3.704,0.148,-0.37
task-stim03,29.0,29.5,0.0,0.0,0.0,29.25,0.8848,0.0,0.1254,1.796,0.0,0.0709,0.06501,0.2003,1048.82,0.4379,0.3478,0.3739,0.389,0.4291,0.1406,4.444,2.667,0.148,-0.4454
task-stim03,29.5,30.0,0.00323,0.00283,0.0,29.75,0.8827,0.0017,0.126,1.8238,0.0,0.0725,0.14049,0.1081,2286.92,0.4015,0.3491,0.3722,0.4441,0.4095,0.1512,4.37,2.741,0.296,-0.3275
task-stim03,30.0,30.5,0.00538,0.00232,0.0,30.25,0.8759,0.002,0.1295,2.1018,0.0,0.0873,0.15139,0.1144,2665.18,0.4334,0.3479,0.3605,0.4532,0.4105,0.1413,4.074,2.444,0.296,-0.3168
task-stim03,30.5,31.0,0.00012,0.00026,0.0,30.75,0.8733,0.0,0.1313,2.4019,0.0,0.0983,0.14415,0.2329,2015.57,0.5279,0.3665,0.3977,0.4534,0.3918,0.1318,4.593,2.889,0.222,-0.3076
task-stim03,31.0,31.5,0.0,1e-05,0.0,31.25,0.8734,0.0,0.1313,2.4054,0.0,0.0983,0.18157,0.112,2104.52,0.5445,0.3209,0.3486,0.3227,0.3958,0.1269,4.815,3.259,0.444,-0.2178
task-stim03,31.5,32.0,0.0,0.0,0.0,31.75,0.8734,0.0,0.1313,2.4055,0.0,0.0982,0.11357,0.2176,3090.75,0.4541,0.3387,0.337,0.4451,0.4391,0.124,3.63,2.074,0.593,-0.2886
task-stim03,32.0,32.5,0.0,0.0,0.0,32.25,0.8734,0.0,0.1313,2.4055,0.0,0.0982,0.05815,0.4587,1126.31,0.4854,0.3353,0.3373,0.4527,0.4647,0.1325,4.074,2.593,0.296,-0.3701
task-stim03,32.5,33.0,1e-05,1e-05,0.0,32.75,0.8734,0.0,0.1313,2.4064,0.0,0.0983,0.20693,0.0712,2731.61,0.3768,0.3385,0.369,0.3812,0.4091,0.1441,4.593,2.963,0.296,-0.3006
task-stim03,33.0,33.5,0.0009,0.00075,0.0,33.25,0.8695,0.0041,0.1356,2.8211,0.0,0.112,0.09652,0.2271,1624.04,0.5493,0.336,0.353,0.4318,0.5724,0.1407,4.519,2.963,0.296,-0.2648
task-stim03,33.5,34.0,0.00172,0.00029,0.0,33.75,0.8512,0.0061,0.1531,4.7985,0.0,0.1394,0.10062,0.3494,2073.35,0.5105,0.4446,0.4525,0.4779,0.5383,0.1247,4.667,3.556,0.222,-0.2797
task-stim03,34.0,34.5,0.00041,0.0004,0.0,34.25,0.8373,0.0012,0.1646,6.4736,0.0,0.1605,0.18463,0.0836,2117.9,0.4939,0.3968,0.4291,0.3263,0.5174,0.0995,4.593,3.704,0.296,-0.2971
task-stim03,34.5,35.0,7e-05,0.00022,0.0,34.75,0.8361,0.0,0.1656,6.6495,0.0,0.1612,0.15602,0.1472,3154.83,0.4073,0.3397,0.3491,0.4496,0.4681,0.1452,4.296,2.889,0.444,-0.4202
task-stim03,35.0,35.5,0.0,0.0,0.0,35.25,0.8361,0.0,0.1657,6.6736,0.0,0.1616,0.03268,0.4086,2519.09,0.4486,0.323,0.333,0.376,0.3887,0.1464,4.667,3.259,0.37,-0.3204
task-stim03,35.5,36.0,0.0,0.0,0.0,35.75,0.8361,0.0,0.1657,6.6736,0.0,0.1616,0.162,0.2003,1395.66,0.608,0.3195,0.3292,0.3545,0.4511,0.1572,4.815,3.556,0.444,-0.2048
task-stim03,36.0,36.5,0.0,0.0,0.0,36.25,0.8361,0.0,0.1657,6.6735,0.0,0.1616,0.13499,0.2216,2231.84,0.448,0.295,0.3064,0.339,0.448,0.1653,4.519,3.185,0.37,-0.2969
task-stim03,36.5,37.0,0.00057,0.00096,0.0,36.75,0.8372,0.002,0.1648,6.5452,0.0,0.1566,0.16191,0.0899,2520.83,0.4317,0.3023,0.334,0.3331,0.4294,0.1455,4.148,3.111,0.519,-0.2512
task-stim03,37.0,37.5,0.00391,0.00156,0.0,37.25,0.8577,0.0082,0.1469,4.2003,0.0,0.1164,0.14431,0.0906,2465.41,0.4443,0.3094,0.3471,0.279,0.4562,0.1421,3.185,2.148,0.741,-0.2946
task-stim03,37.5,38.0,0.01101,0.00384,0.0,37.75,0.8793,0.0036,0.1226,1.3997,0.0,0.041,0.07509,0.149,1729.05,0.5207,0.3806,0.418,0.335,0.4439,0.1295,3.778,2.37,0.444,-0.1258
task-stim03,38.0,38.5,0.02173,0.00308,0.0,38.25,0.8837,0.0016,0.1151,0.804,0.0,0.0132,0.1074,0.1835,2219.14,0.5137,0.3093,0.3563,0.3264,0.4063,0.1704,3.926,2.37,0.296,-0.1982
task-stim03,38.5,39.0,0.00869,0.00682,0.0,38.75,0.8764,0.002,0.1245,1.5988,0.0,0.0507,0.15939,0.0958,2031.66,0.4782,0.4,0.4519,0.3678,0.3957,0.0955,5.111,3.556,0.37,-0.1086
task-stim03,39.0,39.5,1e-05,3e-05,0.0,39.25,0.8752,0.0,0.1278,2.1427,0.0,0.0699,0.13733,0.1857,2210.87,0.5339,0.4226,0.4248,0.3973,0.4734,0.0926,4.963,3.556,0.815,-0.2711
task-stim03,39.5,40.0,1e-05,1e-05,0.0,39.75,0.8752,0.0,0.1278,2.1531,0.0,0.0701,0.14981,0.1884,2388.75,0.4828,0.4271,0.4487,0.5469,0.53,0.1101,4.593,3.407,0.222,-0.3086
task-stim03,40.0,40.5,0.00283,0.00331,0.0,40.25,0.8774,0.0037,0.1216,1.7872,0.0,0.0684,0.12362,0.1172,2794.25,0.4417,0.4031,0.4396,0.5016,0.3417,0.1134,4.593,3.333,0.444,-0.1639
task-stim03,40.5,41.0,0.01223,0.00155,0.0,40.75,0.8995,0.0034,0.0636,0.1929,0.0,0.0203,0.09002,0.1011,907.29,0.4266,0.404,0.4324,0.3212,0.5214,0.0976,3.926,2.593,0.37,-0.2578
task-stim03,41.0,41.5,0.02758,0.01766,0.0,41.25,0.8541,0.0296,0.1418,0.5165,0.0,0.0111,0.14405,0.0902,1125.85,0.5496,0.4779,0.5043,0.4651,0.5571,0.0768,3.704,2.519,0.296,-0.1515
task-stim03,41.5,42.0,0.00057,0.00104,0.0,41.75,0.8269,0.0001,0.1718,1.0549,0.0,0.0175,0.15351,0.0889,2637.61,0.3891,0.4939,0.5041,0.5286,0.5496,0.1078,5.259,3.704,0.296,-0.1183
task-stim03,42.0,42.5,2e-05,6e-05,0.0,42.25,0.827,0.0,0.1718,1.0694,0.0,0.0176,0.12073,0.21,3640.93,0.311,0.3896,0.427,0.3438,0.4624,0.136,4.296,2.963,0.444,-0.3504
task-stim03,42.5,43.0,0.0,0.0,0.0,42.75,0.827,0.0,0.1718,1.072,0.0,0.0177,0.13268,0.2541,2787.13,0.4114,0.3696,0.3808,0.4046,0.3847,0.1275,4.741,3.407,0.519,-0.7355
task-stim03,43.0,43.5,0.0,0.0,0.0,43.25,0.827,0.0,0.1718,1.0722,0.0,0.0177,0.01702,0.6282,1610.81,0.6308,0.4207,0.4112,0.4304,0.5596,0.1334,4.815,3.259,0.222,-0.6184
task-stim03,43.5,44.0,0.00027,0.00031,0.0,43.75,0.8262,0.001,0.1728,1.0725,0.0,0.0178,0.14836,0.25,2638.48,0.402,0.3394,0.3256,0.5398,0.5594,0.1541,4.519,3.185,0.444,-0.6029
task-stim03,44.0,44.5,0.00055,0.00028,0.0,44.25,0.8241,0.0016,0.1758,1.072,0.0,0.0183,0.16933,0.0941,1728.16,0.5895,0.3906,0.3906,0.4548,0.4617,0.1403,4.0,2.889,0.815,-0.6385
task-stim03,44.5,45.0,1e-05,3e-05,0.0,44.75,0.8269,0.0,0.1718,1.0687,0.0,0.018,0.15689,0.0911,2672.62,0.4097,0.4398,0.4496,0.4677,0.5227,0.1231,3.407,2.37,0.815,-0.5229
task-stim03,45.0,45.5,0.0,1e-05,0.0,45.25,0.8269,0.0,0.1718,1.0688,0.0,0.018,0.16973,0.0799,2340.89,0.477,0.3924,0.4322,0.4697,0.2192,0.1149,4.222,2.815,0.889,-0.4798
task-stim03,45.5,46.0,1e-05,1e-05,0.0,45.75,0.8269,0.0,0.1718,1.0688,0.0,0.018,0.1433,0.1212,2644.17,0.4399,0.4402,0.4608,0.4641,0.5646,0.1194,4.148,2.741,0.444,-0.3814
task-stim03,46.0,46.5,0.00018,0.00036,0.0,46.25,0.8266,0.0006,0.1718,1.0686,0.0,0.018,0.03714,0.5425,1319.69,0.6347,0.4053,0.4577,0.3442,0.5314,0.1353,4.148,3.037,0.37,-0.388
task-stim03,46.5,47.0,0.00104,0.0004,0.0,46.75,0.8203,0.0018,0.1729,1.069,0.0,0.0189,0.18754,0.0696,2513.35,0.4501,0.4038,0.4437,0.4031,0.4739,0.1513,3.778,2.444,0.444,-0.3623
task-stim03,47.0,47.5,0.00034,0.0005,0.0,47.25,0.8265,0.0008,0.1719,1.0685,0.0,0.018,0.21059,0.0569,1930.0,0.4749,0.4589,0.5074,0.3052,0.4875,0.1151,4.148,2.741,0.222,-0.2488
task-stim03,47.5,48.0,0.0,0.0,0.0,47.75,0.8269,0.0,0.1718,1.0689,0.0,0.0179,0.08861,0.423,2646.94,0.463,0.3463,0.3714,0.4201,0.3426,0.1201,4.148,2.741,0.37,-0.3934
task-stim03,48.0,48.5,1e-05,1e-05,0.0,48.25,0.8269,0.0,0.1718,1.069,0.0,0.0179,0.16594,0.0877,3065.06,0.3233,0.3195,0.3161,0.4876,0.4352,0.142,4.074,2.741,0.593,-0.376
task-stim03,48.5,49.0,0.0,0.0,0.0,48.75,0.8269,0.0,0.1718,1.0691,0.0,0.0179,0.15035,0.1134,2207.12,0.4701,0.3551,0.4091,0.4605,0.3968,0.1504,4.074,2.889,0.296,-0.3831
task-stim03,49.0,49.5,0.0019,0.00195,0.0,49.25,0.8286,0.0028,0.1687,0.7473,0.0,0.0179,0.0872,0.2225,3652.1,0.3126,0.3049,0.3138,0.3989,0.489,0.1443,4.222,3.111,0.667,-0.3424
task-stim03,49.5,50.0,0.00756,0.00483,0.0,49.75,0.8456,0.0031,0.1452,0.1203,0.0,0.0144,0.06316,0.1845,880.99,0.4807,0.3622,0.3932,0.248,0.4029,0.1401,3.704,2.37,0.593,-0.0461
task-stim03,50.0,50.5,0.01303,0.00278,0.0,50.25,0.8718,0.0103,0.1106,0.2197,0.0,0.0048,0.22802,0.0611,1197.02,0.5339,0.4537,0.474,0.5134,0.5048,0.1056,3.704,2.222,0.296,-0.1018
task-stim03,50.5,51.0,0.01798,0.00992,0.0,50.75,0.8802,0.0014,0.095,0.351,0.0,0.0324,0.18514,0.0694,2677.79,0.2977,0.4331,0.4409,0.5305,0.4773,0.1026,4.519,3.111,0.296,-0.2587
task-stim03,51.0,51.5,2e-05,5e-05,0.0,51.25,0.88,0.0,0.0995,0.4776,0.0,0.0409,0.15514,0.2244,2776.62,0.3447,0.4639,0.5092,0.4449,0.5015,0.1071,4.444,3.259,0.444,-0.4071
task-stim03,51.5,52.0,1e-05,0.0,0.0,51.75,0.88,0.0,0.0995,0.4776,0.0,0.0409,0.11568,0.3051,2076.17,0.5686,0.3619,0.3645,0.3056,0.5493,0.0939,4.519,3.259,0.667,-0.4998
task-stim03,52.0,52.5,6e-05,9e-05,0.0,52.25,0.8799,0.0002,0.0995,0.4791,0.0,0.0413,0.08354,0.2041,4045.11,0.1866,0.3821,0.4036,0.4082,0.4692,0.096,4.667,3.556,0.667,-0.3969
task-stim03,52.5,53.0,0.00038,0.00011,0.0,52.75,0.8773,0.0014,0.1003,0.5296,0.0,0.0474,0.04313,0.2644,2359.22,0.5335,0.3791,0.3963,0.3665,0.5163,0.1354,4.519,3.259,0.593,-0.4199
task-stim03,53.0,53.5,0.00032,5e-05,0.0,53.25,0.8732,0.0011,0.1012,0.6008,0.0,0.054,0.18208,0.1013,1715.85,0.5534,0.5066,0.5037,0.4615,0.6269,0.0895,4.519,3.111,0.222,-0.4483
task-stim03,53.5,54.0,0.00036,8e-05,0.0,53.75,0.8691,0.0013,0.1023,0.6816,0.0,0.0599,0.1573,0.1269,2644.8,0.5196,0.3451,0.4031,0.3311,0.2899,0.1285,4.593,3.259,0.667,-0.4559
task-stim03,54.0,54.5,0.00015,0.00032,0.0,54.25,0.8665,0.0002,0.1034,0.7517,0.0,0.0659,0.06559,0.3791,3929.42,0.2586,0.4034,0.4262,0.3136,0.4933,0.1359,4.37,3.037,0.148,-0.4711
task-stim03,54.5,55.0,0.0,0.0,0.0,54.75,0.8664,0.0,0.1034,0.7551,0.0,0.0667,0.01783,0.6446,1607.63,0.7543,0.3266,0.3426,0.3657,0.4475,0.118,4.296,3.259,0.593,-0.4002
task-stim03,55.0,55.5,0.0,0.0,0.0,55.25,0.8664,0.0,0.1034,0.7552,0.0,0.0667,0.17063,0.1156,3011.83,0.3481,0.3623,0.3584,0.4887,0.4358,0.1357,4.296,3.185,0.296,-0.3736
task-stim03,55.5,56.0,0.0,0.0,0.0,55.75,0.8664,0.0,0.1034,0.7552,0.0,0.0667,0.13767,0.2,1879.83,0.566,0.3316,0.3503,0.3458,0.4539,0.1448,4.074,2.815,0.519,-0.5617
task-stim03,56.0,56.5,0.0,0.0,0.0,56.25,0.8664,0.0,0.1034,0.7552,0.0,0.0667,0.18026,0.065,2796.1,0.3877,0.3871,0.4252,0.4191,0.5508,0.1195,3.852,2.593,0.074,-0.5799
task-stim03,56.5,57.0,0.0,0.0,0.0,56.75,0.8664,0.0,0.1034,0.7552,0.0,0.0667,0.20608,0.0749,2624.71,0.4391,0.339,0.3389,0.2785,0.6266,0.1514,4.296,3.111,0.519,-0.454
task-stim03,57.0,57.5,0.0,0.0,0.0,57.25,0.8664,0.0,0.1034,0.7552,0.0,0.0667,0.02939,0.5435,977.24,0.4973,0.3285,0.3584,0.4272,0.299,0.1444,4.296,3.185,0.519,-0.3546
task-stim03,57.5,58.0,0.0,0.0,0.0,57.75,0.8664,0.0,0.1034,0.7552,0.0,0.0667,0.02109,0.5397,1817.95,0.6339,0.3764,0.3939,0.411,0.497,0.1189,3.926,2.889,0.519,-0.3744
task-stim03,58.0,58.5,0.0,0.0,0.0,58.25,0.8664,0.0,0.1034,0.7553,0.0,0.0667,0.01732,0.6256,1652.67,0.6916,0.321,0.3225,0.4124,0.5295,0.1427,3.481,2.296,0.519,-0.4651
task-stim03,58.5,59.0,0.0,0.0,0.0,58.75,0.8664,0.0,0.1034,0.7553,0.0,0.0667,0.08031,0.4515,1841.2,0.4965,0.3739,0.4043,0.2869,0.5178,0.1211,4.593,3.333,0.593,-0.4676
task-stim03,59.0,59.5,0.00029,0.00023,0.0,59.25,0.8678,0.0013,0.1032,0.7324,0.0,0.062,0.15953,0.1206,2564.07,0.4161,0.3364,0.3692,0.4151,0.3022,0.1355,4.074,2.593,0.519,-0.5987
task-stim03,59.5,60.0,0.00035,6e-05,0.0,59.75,0.8724,0.0012,0.1027,0.6577,0.0,0.0539,0.15582,0.1017,1323.89,0.5002,0.3598,0.3718,0.3356,0.4827,0.1344,4.148,2.963,0.444,-0.6396
task-stim03,60.0,60.5,0.00043,0.00041,0.0,60.25,0.8765,0.0017,0.1004,0.5869,0.0,0.0446,0.18749,0.0936,1846.54,0.4814,0.3805,0.3913,0.3793,0.5986,0.1021,3.63,2.667,0.519,-0.7069
task-stim03,60.5,61.0,0.0003,0.00049,0.0,60.75,0.8798,0.001,0.0973,0.546,0.0,0.0383,0.15715,0.1273,1493.47,0.5352,0.4227,0.4261,0.3801,0.579,0.102,4.222,2.963,0.444,-0.6727
task-stim03,61.0,61.5,0.00027,0.00067,0.0,61.25,0.8856,0.0003,0.087,0.4858,0.0,0.031,0.14615,0.1164,3349.96,0.3388,0.4229,0.4588,0.3912,0.3987,0.0994,4.444,3.407,0.37,-0.5438
task-stim03,61.5,62.0,0.0,0.0,0.0,61.75,0.8857,0.0,0.0869,0.4844,0.0,0.0307,0.14847,0.2484,1396.66,0.5865,0.3392,0.3761,0.3066,0.42,0.1261,4.37,3.63,0.519,-0.5477
task-stim03,62.0,62.5,0.0,0.0,0.0,62.25,0.8857,0.0,0.0869,0.4844,0.0,0.0308,0.11059,0.1856,3071.18,0.3954,0.329,0.3691,0.3922,0.3979,0.1481,4.222,3.556,0.593,-0.5955
task-stim03,62.5,63.0,0.0,0.0,0.0,62.75,0.8857,0.0,0.0869,0.4843,0.0,0.0307,0.01655,0.6673,1505.96,0.7247,0.3454,0.3816,0.4217,0.3624,0.1311,4.593,3.407,0.296,-0.5743
task-stim03,63.0,63.5,0.0,0.0,0.0,63.25,0.8857,0.0,0.0869,0.4843,0.0,0.0307,0.14602,0.3134,2792.63,0.3825,0.3389,0.3491,0.2777,0.5142,0.1374,4.593,3.407,0.37,-0.7153
task-stim03,63.5,64.0,0.0,1e-05,0.0,63.75,0.8857,0.0,0.0869,0.4843,0.0,0.0307,0.18579,0.1025,1672.65,0.5721,0.3205,0.3327,0.3781,0.4155,0.1394,4.148,3.407,0.593,-0.7687
task-stim03,64.0,64.5,0.0,0.0,0.0,64.25,0.8857,0.0,0.0869,0.4844,0.0,0.0307,0.16144,0.1316,2657.22,0.3463,0.3197,0.3539,0.3469,0.3604,0.1424,4.0,3.111,0.815,-0.7975
task-stim03,64.5,65.0,0.0,1e-05,0.0,64.75,0.8857,0.0,0.0869,0.4844,0.0,0.0307,0.13633,0.1207,2960.64,0.358,0.332,0.3515,0.3576,0.49,0.1198,4.222,3.037,0.667,-0.8088
task-stim03,65.0,65.5,0.04912,0.02106,0.0,65.25,0.5901,0.2115,0.0536,0.2204,0.0,0.0187,0.17563,0.1589,2613.98,0.4529,0.3223,0.3471,0.3225,0.3898,0.1458,3.63,2.519,0.593,-0.7951
task-stim03,65.5,66.0,0.01882,0.02303,0.0,65.75,0.0954,0.031,0.0628,0.3159,0.0,0.0121,0.07078,0.5605,808.97,0.7516,0.4085,0.4544,0.4074,0.4515,0.1133,3.852,2.667,0.444,-0.5977
task-stim03,66.0,66.5,0.01473,0.01484,0.0,66.25,0.1084,0.0231,0.1402,0.7865,0.0,0.0429,0.18156,0.2434,1461.77,0.4725,0.538,0.4966,0.5915,0.8688,0.0581,3.259,2.074,0.593,0.0895
task-stim03,66.5,67.0,0.02607,0.01261,0.0,66.75,0.1476,0.0002,0.2167,1.5679,0.0,0.1172,0.17013,0.0756,1935.06,0.464,0.5365,0.5403,0.5432,0.6919,0.0914,3.111,2.222,0.444,0.4982
task-stim03,67.0,67.5,0.01221,7e-05,0.0,67.25,0.1469,0.0001,0.2184,1.9222,0.0,0.1171,0.1755,0.2029,2381.4,0.3704,0.3896,0.4109,0.4216,0.447,0.1181,4.667,3.407,0.519,0.6772
task-stim03,67.5,68.0,0.01212,3e-05,0.0,67.75,0.147,0.0,0.2183,1.9314,0.0,0.1064,0.24189,0.0343,1526.66,0.4303,0.3772,0.3662,0.4693,0.522,0.121,4.0,2.741,0.593,0.9086
task-stim03,68.0,68.5,0.01202,5e-05,0.0,68.25,0.1471,0.0,0.2181,1.9327,0.0,0.1055,0.07228,0.1561,1642.41,0.7454,0.4067,0.4335,0.4276,0.5094,0.1057,4.296,3.259,0.444,1.2136
task-stim03,68.5,69.0,0.0121,0.00068,0.0,68.75,0.1492,0.0011,0.2229,1.9497,0.0,0.1173,0.12142,0.1231,1188.21,0.5319,0.3839,0.3877,0.3677,0.5009,0.1267,4.667,3.185,0.37,1.1777
task-stim03,69.0,69.5,0.01219,0.00142,0.0,69.25,0.1528,0.0013,0.2294,2.1493,0.0,0.1264,0.16935,0.15,1113.14,0.5026,0.5273,0.5283,0.4355,0.7072,0.0935,4.222,2.667,0.296,1.3096
task-stim03,69.5,70.0,0.01249,0.00301,0.0,69.75,0.1587,0.0016,0.2383,2.4164,0.0,0.1176,0.17262,0.0877,1015.89,0.4373,0.5402,0.5322,0.5661,0.6668,0.1061,4.222,3.037,0.37,1.2652
task-stim03,70.0,70.5,0.01141,5e-05,0.0,70.25,0.1576,0.0005,0.2377,2.3369,0.0,0.1039,0.05632,0.5005,469.95,0.2573,0.4027,0.4232,0.3407,0.4948,0.115,4.741,3.556,0.593,1.2065
task-stim03,70.5,71.0,0.01135,0.0001,0.0,70.75,0.157,0.0,0.237,2.304,0.333,0.1013,0.00266,1.0,961.09,0.5129,0.4329,0.4645,0.3988,0.4746,0.139,4.741,3.481,0.296,1.1377
task-stim03,71.0,71.5,0.02702,0.0215,0.0,71.25,0.1252,0.0344,0.1516,1.1407,0.0,0.0591,0.00362,0.9831,4210.68,0.2469,0.4461,0.4545,0.4496,0.575,0.116,4.148,2.667,0.37,1.0206
task-stim03,71.5,72.0,0.0535,0.03105,0.0,71.75,0.5701,0.203,0.1831,0.1787,0.0,0.0248,0.00748,0.937,3205.33,0.604,0.443,0.4384,0.4068,0.5755,0.1265,3.926,2.889,0.519,0.8968
task-stim03,72.0,72.5,0.00014,0.00022,0.0,72.25,0.7845,0.0006,0.2634,0.3213,0.0,0.0354,0.00011,1.0,2115.84,0.3025,0.3278,0.3235,0.4304,0.3798,0.1355,4.0,3.259,0.815,-0.4658
task-stim03,72.5,73.0,0.0,1e-05,0.0,72.75,0.7841,0.0,0.2632,0.3211,0.0,0.0353,0.08809,0.8264,1665.43,0.6134,0.3478,0.3586,0.3291,0.4337,0.1486,3.556,2.593,0.741,-1.0161
task-stim03,73.0,73.5,0.0004,0.00076,0.0,73.25,0.7837,0.001,0.2631,0.3204,0.0,0.0354,0.1385,0.2175,3069.32,0.3517,0.3487,0.3865,0.3529,0.3818,0.1274,3.778,2.741,0.815,-0.7712
task-stim03,73.5,74.0,0.0042,0.00026,0.0,73.75,0.7795,0.0005,0.2616,0.3208,0.0,0.0357,0.1317,0.1735,1384.34,0.5465,0.3452,0.3591,0.3138,0.5325,0.1192,4.296,2.963,0.593,-0.4786
task-stim03,74.0,74.5,0.0032,0.00062,0.0,74.25,0.779,0.0003,0.2608,0.385,0.0,0.0426,0.15135,0.1502,2928.07,0.3709,0.4643,0.4827,0.4018,0.5797,0.0745,4.593,3.185,0.37,-0.2771
task-stim03,74.5,75.0,0.00193,0.0049,0.0,74.75,0.7656,0.0043,0.2633,2.036,0.0,0.0978,0.18137,0.1703,1288.51,0.5921,0.3587,0.3802,0.3843,0.4852,0.1396,5.037,3.852,0.222,-0.1544
task-stim03,75.0,75.5,6e-05,0.00016,0.0,75.25,0.7665,0.0,0.2616,2.4825,0.0,0.129,0.16462,0.1268,1363.3,0.5043,0.4415,0.4055,0.5649,0.5464,0.1071,5.481,4.074,0.148,-0.0502
task-stim03,75.5,76.0,1e-05,3e-05,0.0,75.75,0.7665,0.0,0.2616,2.4841,0.0,0.1291,0.14168,0.1562,2505.42,0.4022,0.461,0.4515,0.4802,0.4825,0.1051,5.111,3.556,0.37,0.0983
task-stim03,76.0,76.5,0.0,0.0,0.0,76.25,0.7664,0.0,0.2616,2.4842,0.0,0.1292,0.16069,0.1146,1559.37,0.5246,0.3699,0.3931,0.4526,0.331,0.1066,5.259,4.074,0.593,0.1637
task-stim03,76.5,77.0,0.00093,0.00165,0.0,76.75,0.763,0.0013,0.2648,1.9742,0.0,0.0822,0.14529,0.3216,2626.18,0.4061,0.3863,0.4129,0.4224,0.4075,0.1029,4.593,3.407,0.37,0.154
task-stim03,77.0,77.5,0.00049,0.00027,0.0,77.25,0.7682,0.0013,0.26,2.717,0.0,0.1572,0.15297,0.1484,2867.15,0.4357,0.374,0.3768,0.4297,0.4992,0.1074,4.741,3.704,0.37,0.2226
task-stim03,77.5,78.0,0.00026,7e-05,0.0,77.75,0.7693,0.0,0.2589,2.8681,0.0,0.1727,0.12345,0.1547,2970.19,0.4159,0.382,0.4071,0.3668,0.4786,0.1382,4.815,3.778,0.444,0.1747
task-stim03,78.0,78.5,0.00024,9e-05,0.0,78.25,0.7703,0.0008,0.2592,2.8698,0.0,0.1727,0.02384,0.5604,1742.53,0.6359,0.3895,0.4305,0.3149,0.4276,0.1377,4.37,3.111,0.37,0.2405
task-stim03,78.5,79.0,0.00032,0.00018,0.0,78.75,0.7702,0.0005,0.2591,2.8702,0.0,0.1728,0.18453,0.1363,1814.81,0.562,0.356,0.3839,0.2786,0.474,0.1296,4.741,3.481,0.296,0.2722
task-stim03,79.0,79.5,0.00025,0.0001,0.0,79.25,0.7704,0.0007,0.2591,2.8711,0.0,0.1728,0.17669,0.1021,1141.6,0.6585,0.478,0.489,0.4262,0.5133,0.0996,4.148,2.815,0.148,0.1702
task-stim03,79.5,80.0,0.00104,0.00253,0.0,79.75,0.7698,0.0029,0.2599,2.7675,0.0,0.1616,0.17291,0.0861,2992.63,0.3107,0.4692,0.5,0.4813,0.4201,0.1188,3.926,2.444,0.296,0.1562
task-stim03,80.0,80.5,0.00045,0.00024,0.0,80.25,0.763,0.0015,0.2647,2.002,0.0,0.0811,0.17831,0.1076,2473.55,0.419,0.4481,0.4614,0.5019,0.4792,0.1079,4.074,2.444,0.296,-0.0273
task-stim03,80.5,81.0,0.00016,1e-05,0.0,80.75,0.7646,0.0,0.2631,2.2583,0.0,0.1076,0.11758,0.2664,3447.17,0.4069,0.4658,0.4664,0.5574,0.5385,0.1202,4.37,2.741,0.148,-0.0135
task-stim03,81.0,81.5,0.00014,3e-05,0.0,81.25,0.7645,0.0,0.263,2.2756,0.0,0.1106,0.15528,0.1586,3048.16,0.3603,0.4643,0.458,0.4289,0.583,0.1293,4.444,2.963,0.296,-0.1061
task-stim03,81.5,82.0,0.04072,0.02876,0.0,81.75,0.8096,0.0534,0.1848,0.7427,0.0,0.0474,0.05522,0.2709,1145.48,0.3468,0.4968,0.5166,0.4006,0.5565,0.0915,4.148,2.519,0.148,-0.1781
task-stim03,82.0,82.5,0.01685,0.00125,0.0,82.25,0.7958,0.0326,0.0975,0.0592,0.0,0.0111,0.09906,0.1062,832.32,0.2546,0.5915,0.6097,0.5012,0.7311,0.0544,2.667,1.037,0.148,-0.3557
task-stim03,82.5,83.0,0.00381,0.00421,0.0,82.75,0.7386,0.0026,0.1141,0.1279,0.0,0.0078,0.20302,0.0648,1288.44,0.5558,0.5546,0.6031,0.4195,0.6481,0.0612,3.556,2.0,0.444,-0.2184
task-stim03,83.0,83.5,0.00023,0.00018,0.0,83.25,0.7364,0.0005,0.1154,0.1518,0.0,0.0086,0.16505,0.1222,2297.96,0.4835,0.4417,0.4794,0.3207,0.5622,0.1212,4.667,3.407,0.519,-0.0903
task-stim03,83.5,84.0,0.00089,0.00013,0.0,83.75,0.7347,0.0004,0.1152,0.1545,0.0,0.0139,0.21051,0.0815,2672.6,0.3892,0.4723,0.4928,0.5311,0.6771,0.1307,3.556,2.37,0.37,-0.1547
task-stim03,84.0,84.5,0.00151,0.00016,0.0,84.25,0.7348,0.0007,0.1138,0.1603,0.0,0.0169,0.18283,0.1241,3063.13,0.3933,0.5971,0.6213,0.5953,0.6165,0.0857,3.185,1.852,0.222,-0.351
task-stim03,84.5,85.0,0.00177,6e-05,0.0,84.75,0.7334,0.0007,0.1142,0.1599,0.0,0.0166,0.14267,0.2096,1449.47,0.6363,0.5399,0.5163,0.5899,0.7669,0.0758,2.815,1.333,0.519,-0.2861
task-stim03,85.0,85.5,0.00229,0.00013,0.0,85.25,0.7362,0.0005,0.1108,0.1597,0.0,0.0152,0.19534,0.0716,2030.23,0.4291,0.5316,0.5496,0.546,0.5341,0.0715,3.333,1.926,0.222,-0.1927
task-stim03,85.5,86.0,0.01136,0.00908,0.0,85.75,0.768,0.0391,0.1145,0.1283,0.0,0.0153,0.09342,0.1944,2868.5,0.3641,0.4663,0.49,0.4507,0.5407,0.0687,2.889,1.481,0.296,0.0184
task-stim03,86.0,86.5,0.00658,0.00579,0.0,86.25,0.8983,0.0163,0.0582,0.0163,0.0,0.0069,0.15264,0.098,2744.01,0.4187,0.4848,0.501,0.4518,0.5532,0.0648,3.037,1.63,0.593,-0.0633
task-stim03,86.5,87.0,0.0004,0.00026,0.0,86.75,0.9106,0.0004,0.0337,0.0103,0.0,0.0038,0.18752,0.1098,2009.78,0.4634,0.55,0.5655,0.4563,0.6792,0.0619,3.111,1.556,0.444,-0.7177
task-stim03,87.0,87.5,0.00023,0.00017,0.0,87.25,0.9098,0.0005,0.0361,0.0152,0.0,0.0038,0.17317,0.1492,1872.02,0.4494,0.5334,0.5475,0.52,0.5359,0.0583,3.778,2.37,0.815,-0.8377
task-stim03,87.5,88.0,0.00085,0.00063,0.0,87.75,0.9076,0.0001,0.0415,0.0235,0.0,0.0041,0.19096,0.0761,3133.82,0.3373,0.5959,0.5978,0.5686,0.7079,0.0596,2.963,1.63,0.444,-0.8315
task-stim03,88.0,88.5,0.00122,0.00102,0.0,88.25,0.9049,0.002,0.0472,0.0322,0.0,0.0061,0.12937,0.216,3181.72,0.37,0.554,0.5704,0.5589,0.5798,0.0631,2.741,1.037,0.444,-0.6901
task-stim03,88.5,89.0,0.00063,0.00047,0.0,88.75,0.9018,0.0008,0.0532,0.0505,0.0,0.011,0.17995,0.0979,1267.8,0.5753,0.5714,0.5919,0.468,0.7056,0.0691,3.407,1.852,0.37,-0.5118
task-stim03,89.0,89.5,0.00389,0.0021,0.0,89.25,0.8914,0.0044,0.0647,0.0776,0.0,0.0186,0.17631,0.119,2432.97,0.4081,0.5521,0.5549,0.5023,0.7814,0.0792,2.444,0.963,0.37,-0.4015
task-stim03,89.5,90.0,0.00468,0.00355,0.0,89.75,0.8678,0.013,0.0681,0.096,0.0,0.0213,0.1424,0.2886,1805.97,0.5104,0.5409,0.5311,0.4746,0.6995,0.0648,3.333,1.556,0.296,-0.3887
task-stim03,90.0,90.5,0.00806,0.00435,0.0,90.25,0.8282,0.0098,0.0675,0.1095,0.0,0.0283,0.13954,0.1171,2732.77,0.4083,0.5113,0.5373,0.3974,0.5786,0.0791,3.037,1.407,0.296,-0.3575
task-stim03,90.5,91.0,0.00527,0.00189,0.0,90.75,0.7868,0.0132,0.0558,0.0753,0.0,0.0259,0.10944,0.2137,3406.63,0.3224,0.5186,0.5178,0.4699,0.7628,0.089,2.593,0.889,0.222,-0.3497
task-stim03,91.0,91.5,0.00333,0.00151,0.0,91.25,0.7466,0.0118,0.0386,0.0373,0.0,0.0205,0.09861,0.4059,1478.11,0.6398,0.5103,0.5494,0.4612,0.5659,0.0936,3.185,1.481,0.148,-0.2006
task-stim03,91.5,92.0,0.00315,0.00192,0.0,91.75,0.7071,0.0107,0.0214,0.0091,0.0,0.01,0.16949,0.126,2278.84,0.5169,0.4875,0.5192,0.4869,0.4259,0.073,3.111,1.63,0.667,-0.2806
task-stim03,92.0,92.5,0.00252,0.00151,0.0,92.25,0.6742,0.0089,0.0191,0.0041,0.0,0.0064,0.16851,0.1654,1865.38,0.5728,0.4318,0.4402,0.3961,0.5837,0.0728,3.778,2.296,0.593,-0.5486
task-stim03,92.5,93.0,0.00251,0.00175,0.0,92.75,0.6499,0.0059,0.0263,0.0094,0.0,0.0112,0.17038,0.0954,1271.18,0.6045,0.4388,0.494,0.3346,0.3855,0.076,3.778,2.296,0.741,-0.6036
task-stim03,93.0,93.5,0.0032,0.00085,0.0,93.25,0.6355,0.0021,0.031,0.0166,0.0,0.014,0.17614,0.0879,944.07,0.6033,0.4138,0.427,0.4152,0.5174,0.119,3.111,1.778,0.296,-0.501
task-stim03,93.5,94.0,0.00392,0.00015,0.0,93.75,0.6306,0.0012,0.0304,0.0161,0.0,0.0129,0.18923,0.0688,2635.27,0.4092,0.3804,0.4069,0.4474,0.4256,0.1211,3.481,2.074,0.519,-0.4993
task-stim03,94.0,94.5,0.0044,0.00032,0.0,94.25,0.6272,0.0007,0.0279,0.0141,0.0,0.0109,0.16679,0.077,1705.45,0.4521,0.3394,0.35,0.3027,0.4665,0.1193,3.333,2.074,0.815,-0.4808
task-stim03,94.5,95.0,0.00566,0.0004,0.0,94.75,0.6252,0.0006,0.0256,0.0136,0.0,0.0104,0.16706,0.0749,1094.06,0.5851,0.4113,0.4336,0.4224,0.3602,0.1079,3.481,2.074,0.444,-0.2147
task-stim03,95.0,95.5,0.00841,0.00171,0.0,95.25,0.6249,0.0016,0.0269,0.0152,0.0,0.0117,0.17504,0.0831,2864.65,0.3798,0.4373,0.4535,0.3853,0.4637,0.0886,3.185,1.556,0.37,-0.259
task-stim03,95.5,96.0,0.01946,0.00436,0.0,95.75,0.6678,0.0327,0.0894,0.0418,0.0,0.0181,0.15314,0.0993,3351.57,0.3329,0.3849,0.3906,0.4085,0.5081,0.1012,3.556,2.222,0.296,-0.2952
task-stim03,96.0,96.5,0.01602,0.00321,0.0,96.25,0.7891,0.0271,0.1417,0.0669,0.0,0.0159,0.18238,0.0776,2425.18,0.4319,0.4074,0.4186,0.4387,0.5125,0.0807,3.704,2.519,0.444,-0.5005
task-stim03,96.5,97.0,0.00275,0.00326,0.0,96.75,0.8344,0.0021,0.1328,0.1251,0.0,0.0139,0.17553,0.1017,1272.76,0.5899,0.4575,0.5219,0.3954,0.3823,0.1034,3.926,2.741,0.222,-1.0231
task-stim03,97.0,97.5,0.00059,0.00022,0.0,97.25,0.834,0.0008,0.1332,0.1345,0.0,0.0142,0.159,0.0932,2623.09,0.3538,0.4143,0.4562,0.2951,0.552,0.0942,4.0,2.815,0.37,-1.069
task-stim03,97.5,98.0,0.00111,0.00016,0.0,97.75,0.8298,0.0015,0.1349,0.1366,0.0,0.0147,0.17894,0.0774,2027.48,0.4543,0.3806,0.4187,0.2738,0.4224,0.1206,3.63,2.444,0.593,-0.7067
task-stim03,98.0,98.5,0.00162,0.00016,0.0,98.25,0.8232,0.0023,0.1375,0.1393,0.0,0.0156,0.17453,0.071,1068.49,0.5485,0.4221,0.442,0.3504,0.5212,0.0948,3.63,2.444,0.593,-0.6045
task-stim03,98.5,99.0,0.0021,0.00013,0.0,98.75,0.8146,0.0026,0.1402,0.1428,0.0,0.0165,0.19902,0.0665,2652.85,0.3814,0.3705,0.4272,0.2387,0.422,0.1323,3.704,2.222,0.519,-0.4957
task-stim03,99.0,99.5,0.00245,0.0001,0.0,99.25,0.8046,0.0031,0.1426,0.1459,0.0,0.0177,0.17225,0.0806,958.07,0.5124,0.3793,0.3563,0.4247,0.5363,0.1366,4.148,2.444,0.444,-0.4291
task-stim03,99.5,100.0,0.00269,5e-05,0.0,99.75,0.794,0.003,0.1443,0.1501,0.0,0.0192,0.20808,0.0762,1583.11,0.4812,0.4212,0.4052,0.4788,0.5476,0.105,3.556,1.778,0.296,-0.5785
task-stim03,100.0,100.5,0.00274,5e-05,0.0,100.25,0.7835,0.003,0.1453,0.1532,0.0,0.0205,0.06999,0.1568,919.1,0.3694,0.4408,0.4372,0.4668,0.4823,0.1009,3.407,1.926,0.519,-0.4833
task-stim03,100.5,101.0,0.00262,5e-05,0.0,100.75,0.7738,0.0026,0.1455,0.1566,0.0,0.0218,0.22484,0.0602,1143.87,0.4284,0.4401,0.482,0.3097,0.6564,0.1075,3.185,1.852,0.519,-0.4694
task-stim03,101.0,101.5,0.00238,0.00011,0.0,101.25,0.7652,0.0023,0.1452,0.1606,0.0,0.0232,0.17223,0.076,2780.7,0.3563,0.4373,0.4844,0.3863,0.418,0.0952,3.185,1.926,0.593,-0.4932
task-stim03,101.5,102.0,0.002,0.00013,0.0,101.75,0.7582,0.0017,0.1445,0.1641,0.0,0.0244,0.16176,0.1061,2845.8,0.3746,0.3574,0.4156,0.2568,0.3668,0.1276,3.481,2.519,0.889,-0.5296
task-stim03,102.0,102.5,0.00154,0.00021,0.0,102.25,0.7528,0.0014,0.1438,0.1656,0.0,0.0249,0.15979,0.1236,2348.05,0.3918,0.2953,0.3452,0.2754,0.5056,0.1481,3.63,2.593,0.741,-0.7023
task-stim03,102.5,103.0,0.001,0.00015,0.0,102.75,0.7492,0.0008,0.1432,0.166,0.0,0.0254,0.16724,0.111,2778.13,0.3801,0.4039,0.458,0.2756,0.5803,0.1355,3.481,2.148,0.296,-0.5928
task-stim03,103.0,103.5,0.00058,7e-05,0.0,103.25,0.7468,0.0007,0.143,0.1677,0.0,0.0256,0.13406,0.1769,2130.71,0.4595,0.3673,0.385,0.4869,0.4403,0.1478,3.333,2.222,0.444,-0.4992
task-stim03,103.5,104.0,0.00146,0.00027,0.0,103.75,0.7402,0.0016,0.1461,0.264,0.0,0.0261,0.06747,0.1545,637.27,0.447,0.532,0.5055,0.6192,0.561,0.103,4.815,3.63,0.148,-0.4795
task-stim03,104.0,104.5,0.00082,7e-05,0.0,104.25,0.7382,0.0007,0.1461,0.273,0.0,0.0287,0.06018,0.3342,1368.79,0.4123,0.5862,0.5531,0.6741,0.7044,0.0977,3.778,2.444,0.37,-0.6828
task-stim03,104.5,105.0,0.00173,0.00057,0.0,104.75,0.7338,0.0011,0.147,0.279,0.0,0.0354,0.19251,0.0839,2110.44,0.4374,0.444,0.4794,0.3512,0.4776,0.1338,3.556,2.296,0.519,-0.4513
task-stim03,105.0,105.5,0.00149,0.00048,0.0,105.25,0.7327,0.0002,0.1462,0.285,0.0,0.0391,0.19693,0.0884,949.11,0.6005,0.3023,0.3373,0.345,0.32,0.1375,4.074,2.815,0.889,-0.1636
task-stim03,105.5,106.0,0.00101,0.00032,0.0,105.75,0.7294,0.0018,0.1466,0.2974,0.0,0.0393,0.13696,0.158,2896.1,0.377,0.3495,0.3839,0.1861,0.5322,0.1106,3.926,2.593,0.519,-0.4525
task-stim03,106.0,106.5,0.00138,0.00037,0.0,106.25,0.7269,0.0,0.1464,0.3034,0.0,0.0394,0.21065,0.0803,2142.93,0.4435,0.3748,0.4436,0.3809,0.3915,0.1077,3.926,2.519,0.519,-0.5762
task-stim03,106.5,107.0,0.00032,0.00019,0.0,106.75,0.7269,0.0,0.1465,0.3093,0.0,0.0394,0.1653,0.1101,1473.3,0.5381,0.3874,0.399,0.3925,0.5721,0.147,3.704,2.37,0.519,-0.4941
task-stim03,107.0,107.5,1e-05,1e-05,0.0,107.25,0.7269,0.0,0.1465,0.3094,0.0,0.0394,0.1523,0.0984,2760.12,0.3864,0.4926,0.5005,0.433,0.4336,0.1209,3.778,2.593,0.444,-0.3952
task-stim03,107.5,108.0,0.0,0.0,0.0,107.75,0.7269,0.0,0.1465,0.3094,0.0,0.0393,0.10538,0.262,1451.08,0.65,0.3721,0.4152,0.354,0.3078,0.1529,3.407,2.296,0.815,-0.3166
task-stim03,108.0,108.5,0.0115,0.01135,0.0,108.25,0.7308,0.0061,0.1468,0.2125,0.0,0.037,0.1246,0.4304,1351.45,0.6259,0.3432,0.3814,0.449,0.4592,0.1542,4.074,2.889,0.444,-0.1767
task-stim03,108.5,109.0,0.03223,0.00418,0.0,108.75,0.8019,0.0391,0.1484,0.0413,0.0,0.0306,0.1528,0.0819,2693.3,0.4493,0.351,0.3636,0.2487,0.4585,0.1216,3.926,2.815,0.741,-0.2243
task-stim03,109.0,109.5,0.00827,0.00484,0.0,109.25,0.84,0.011,0.1521,0.0422,0.0,0.0171,0.19802,0.0585,2970.53,0.3375,0.449,0.4437,0.3534,0.676,0.073,3.407,2.148,0.519,-0.3797
task-stim03,109.5,110.0,0.00151,0.00084,0.0,109.75,0.8202,0.0038,0.1699,0.3197,0.0,0.0389,0.13517,0.1416,1763.95,0.5154,0.4507,0.4755,0.2749,0.5638,0.1166,4.667,3.407,0.37,-0.5833
task-stim03,110.0,110.5,5e-05,0.00011,0.0,110.25,0.8151,0.0,0.1759,0.576,0.0,0.0654,0.17666,0.1115,1266.81,0.6473,0.5421,0.5279,0.5842,0.8297,0.1534,4.444,3.556,0.593,-0.6088
task-stim03,110.5,111.0,1e-05,2e-05,0.0,110.75,0.8151,0.0,0.1759,0.5772,0.0,0.0654,0.18452,0.0742,851.44,0.5539,0.522,0.5382,0.4747,0.6309,0.1495,4.296,3.259,0.815,-0.5911
task-stim03,111.0,111.5,0.0,0.0,0.0,111.25,0.8152,0.0,0.1758,0.5779,0.0,0.0655,0.15122,0.0973,1576.11,0.531,0.4228,0.4344,0.5217,0.6993,0.1385,4.593,3.407,0.519,-0.5006
task-stim03,111.5,112.0,0.0,0.0,0.0,111.75,0.8151,0.0,0.1758,0.5779,0.0,0.0655,0.05355,0.403,2201.55,0.5249,0.4106,0.3991,0.473,0.665,0.1364,3.926,2.593,0.667,-0.3437
task-stim03,112.0,112.5,8e-05,3e-05,0.0,112.25,0.815,0.0001,0.1759,0.5792,0.0,0.0658,0.07826,0.3236,713.42,0.3775,0.4462,0.4712,0.4234,0.5538,0.1307,4.296,2.889,0.222,-0.2716
task-stim03,112.5,113.0,0.00019,5e-05,0.0,112.75,0.8148,0.0001,0.1759,0.5816,0.0,0.0661,0.1759,0.1395,2087.68,0.4558,0.3539,0.3478,0.392,0.4781,0.1608,4.37,3.259,0.667,-0.4147
task-stim03,113.0,113.5,0.00041,9e-05,0.0,113.25,0.8145,0.0001,0.176,0.5861,0.0,0.0668,0.11937,0.1663,2166.24,0.4346,0.3371,0.3438,0.3577,0.4156,0.1565,3.926,2.963,0.444,-0.5976
task-stim03,113.5,114.0,0.00097,0.00034,0.0,113.75,0.8149,0.0007,0.1751,0.5786,0.0,0.0685,0.22662,0.0615,1242.81,0.514,0.3382,0.3483,0.4863,0.3719,0.151,3.556,2.296,0.519,-0.5011
task-stim03,114.0,114.5,0.00189,0.001,0.0,114.25,0.823,0.0026,0.1651,0.2194,0.0,0.0348,0.13845,0.0984,3134.98,0.3004,0.3513,0.3623,0.2992,0.6406,0.1458,3.63,2.444,0.37,-0.2536
task-stim03,114.5,115.0,0.00093,7e-05,0.0,114.75,0.8248,0.0002,0.1628,0.1009,0.0,0.0227,0.14892,0.1271,2798.92,0.3766,0.3087,0.3105,0.3796,0.4867,0.1553,4.148,3.111,0.519,-0.2614
task-stim03,115.0,115.5,0.0012,0.00017,0.0,115.25,0.8243,0.0001,0.1628,0.1103,0.0,0.0237,0.11658,0.2549,1554.26,0.6331,0.3393,0.3622,0.3701,0.354,0.1328,3.926,2.741,0.444,-0.4253
task-stim03,115.5,116.0,0.00146,0.0001,0.0,115.75,0.8238,0.0002,0.1628,0.123,0.0,0.025,0.16664,0.1802,1794.96,0.5373,0.3528,0.3603,0.4723,0.4623,0.1285,4.074,2.963,0.37,-0.099
task-stim03,116.0,116.5,0.00176,0.00011,0.0,116.25,0.8231,0.0003,0.1629,0.1351,0.0,0.0289,0.17926,0.0741,1128.1,0.5869,0.3641,0.4054,0.4928,0.5588,0.1159,4.0,2.889,0.444,-0.0606
task-stim03,116.5,117.0,0.00199,8e-05,0.0,116.75,0.8226,0.0002,0.1628,0.1426,0.0,0.0347,0.1642,0.1056,1559.03,0.5329,0.4037,0.44,0.4902,0.5051,0.113,3.63,2.148,0.296,-0.0339
task-stim03,117.0,117.5,0.00222,9e-05,0.0,117.25,0.822,0.0002,0.1629,0.1534,0.0,0.0365,0.22101,0.0838,1185.91,0.4495,0.3681,0.4151,0.3177,0.4314,0.1167,3.333,1.926,0.37,-0.1019
task-stim03,117.5,118.0,0.00247,6e-05,0.0,117.75,0.8215,0.0002,0.163,0.1623,0.0,0.036,0.19627,0.081,2490.21,0.4384,0.3671,0.4135,0.3848,0.4024,0.1156,3.481,2.296,0.37,-0.1531
task-stim03,118.0,118.5,0.01142,0.00871,0.0,118.25,0.7897,0.0363,0.1758,0.1186,0.0,0.0366,0.08573,0.1931,3464.27,0.368,0.3614,0.3779,0.4009,0.5,0.1025,3.111,1.926,0.519,-0.1362
task-stim03,118.5,119.0,0.02376,0.02439,0.0,118.75,0.4862,0.084,0.0703,0.0123,0.0,0.0112,0.15424,0.0971,3023.86,0.342,0.4399,0.4565,0.2965,0.6262,0.0954,3.63,2.296,0.519,-0.1194
task-stim03,119.0,119.5,0.00397,0.00089,0.0,119.25,0.4386,0.0057,0.0796,0.6001,0.0,0.0022,0.17871,0.0843,1847.99,0.5181,0.3857,0.4008,0.2964,0.5173,0.1074,5.037,3.63,0.667,-0.0309
task-stim03,119.5,120.0,0.00508,0.00032,0.0,119.75,0.4504,0.0006,0.1097,0.6845,0.0,0.003,0.21336,0.0691,1047.87,0.5639,0.4243,0.4252,0.3256,0.5913,0.0977,4.444,3.111,0.667,-0.2015
task-stim03,120.0,120.5,0.00565,0.00015,0.0,120.25,0.4545,0.0011,0.1141,0.7128,0.0,0.0101,0.13052,0.1291,2079.43,0.5345,0.4047,0.4394,0.3254,0.4738,0.0991,3.63,2.444,0.593,0.1735
task-stim03,120.5,121.0,0.00505,0.00032,0.0,120.75,0.4558,0.0003,0.1163,0.7304,0.0,0.0216,0.16765,0.1004,2804.16,0.3529,0.3623,0.3954,0.2466,0.4838,0.1094,4.296,3.185,0.519,0.2372
task-stim03,121.0,121.5,0.00374,0.00041,0.0,121.25,0.4561,0.0001,0.1168,0.7418,0.0,0.0236,0.16171,0.0874,883.94,0.52,0.4188,0.4568,0.3185,0.5156,0.0947,3.481,2.37,0.519,0.0287
task-stim03,121.5,122.0,0.00248,0.00031,0.0,121.75,0.456,0.0001,0.1168,0.7525,0.0,0.0239,0.08866,0.1432,1175.71,0.6461,0.5033,0.5501,0.3281,0.5564,0.0683,3.556,2.37,0.444,-0.0099
task-stim03,122.0,122.5,0.00108,0.00045,0.0,122.25,0.4551,0.0007,0.1161,0.7438,0.0,0.0194,0.14548,0.1118,1470.14,0.5723,0.4413,0.5289,0.2351,0.5892,0.1152,4.593,3.333,0.37,-0.1913
task-stim03,122.5,123.0,0.0004,0.00018,0.0,122.75,0.4525,0.0006,0.1116,0.7343,0.0,0.0151,0.14108,0.1037,2414.37,0.4669,0.4937,0.5633,0.2588,0.6614,0.0953,3.926,2.519,0.37,-0.3208
task-stim03,123.0,123.5,0.00142,0.00156,0.0,123.25,0.4558,0.0018,0.1153,0.922,0.0,0.0133,0.14495,0.1328,1491.79,0.6535,0.4684,0.5106,0.3495,0.4432,0.1012,4.741,3.333,0.37,-0.3623
task-stim03,123.5,124.0,0.0002,0.00012,0.0,123.75,0.454,0.0006,0.1086,0.983,0.0,0.0119,0.15874,0.1129,1150.21,0.6074,0.5197,0.583,0.4094,0.3918,0.0837,4.148,2.889,0.444,-0.3652
task-stim03,124.0,124.5,7e-05,2e-05,0.0,124.25,0.453,0.0002,0.1062,0.985,0.0,0.0117,0.18246,0.1105,2802.44,0.404,0.4704,0.5094,0.2865,0.5998,0.0918,3.111,2.222,0.593,-0.074
task-stim03,124.5,125.0,0.00535,0.00518,0.0,124.75,0.4492,0.0034,0.0948,0.7648,0.0,0.0116,0.16156,0.1075,2703.19,0.388,0.414,0.4438,0.3697,0.5427,0.1211,3.407,2.296,0.667,-0.1087
task-stim03,125.0,125.5,0.04317,0.01948,0.0,125.25,0.6065,0.1328,0.1395,0.0269,0.0,0.024,0.05936,0.1839,2136.28,0.5191,0.4789,0.5285,0.2491,0.5621,0.1023,3.556,2.444,0.296,0.0192
task-stim03,125.5,126.0,0.04533,0.01016,0.0,125.75,0.765,0.0194,0.1644,0.1111,0.0,0.0455,0.19169,0.0719,1575.0,0.575,0.4932,0.4871,0.3957,0.713,0.0914,2.889,1.704,0.37,-0.3468
task-stim03,126.0,126.5,0.00372,0.00021,0.0,126.25,0.7349,0.0002,0.1756,0.5683,0.0,0.0835,0.13569,0.1986,2373.36,0.5055,0.3786,0.4064,0.2625,0.4221,0.1265,4.667,3.259,0.593,-0.9573
task-stim03,126.5,127.0,0.00438,0.00043,0.0,126.75,0.7327,0.0009,0.1741,0.6825,0.0,0.0847,0.17325,0.1163,2084.21,0.4914,0.3932,0.4227,0.3789,0.473,0.1425,5.037,3.556,0.222,-0.845
task-stim03,127.0,127.5,0.00401,4e-05,0.0,127.25,0.7316,0.0002,0.1734,0.7068,0.0,0.084,0.17018,0.0853,2314.9,0.48,0.4027,0.4479,0.3449,0.4711,0.1493,4.963,3.407,0.37,-0.6648
task-stim03,127.5,128.0,0.00383,8e-05,0.0,127.75,0.7312,0.0002,0.1722,0.7024,0.0,0.0832,0.19204,0.091,935.79,0.5667,0.3858,0.4263,0.4728,0.4308,0.1143,4.074,2.593,0.37,-0.3468
task-stim03,128.0,128.5,0.0036,5e-05,0.0,128.25,0.7302,0.0003,0.1716,0.6998,0.0,0.0827,0.16634,0.0991,2205.67,0.4543,0.399,0.4131,0.47,0.5258,0.1166,4.37,2.963,0.444,-0.0641
task-stim03,128.5,129.0,0.0035,3e-05,0.0,128.75,0.7291,0.0004,0.1711,0.6996,0.0,0.0829,0.16195,0.1001,2616.19,0.3694,0.4356,0.4572,0.411,0.6022,0.1132,3.778,2.37,0.519,0.0454
task-stim03,129.0,129.5,0.00352,3e-05,0.0,129.25,0.7281,0.0003,0.1707,0.6997,0.0,0.083,0.16901,0.0946,2117.15,0.4719,0.4399,0.4261,0.4706,0.5885,0.1314,3.926,2.519,0.444,-0.0455
task-stim03,129.5,130.0,0.0035,3e-05,0.0,129.75,0.7272,0.0004,0.1703,0.6947,0.0,0.0826,0.17356,0.0974,1443.38,0.5666,0.4113,0.4261,0.4166,0.4805,0.1372,4.222,2.889,0.519,-0.0327
task-stim03,130.0,130.5,0.00351,4e-05,0.0,130.25,0.7262,0.0003,0.1698,0.6915,0.0,0.0824,0.15257,0.1226,2196.26,0.4645,0.4118,0.445,0.3218,0.6307,0.12,4.0,2.815,0.444,0.1534
task-stim03,130.5,131.0,0.00352,2e-05,0.0,130.75,0.725,0.0003,0.1694,0.6948,0.0,0.0824,0.12975,0.1285,2113.18,0.4916,0.4115,0.4219,0.3748,0.66,0.1107,3.852,2.667,0.519,0.1785
task-stim03,131.0,131.5,0.00351,1e-05,0.0,131.25,0.724,0.0003,0.1689,0.6923,0.0,0.0839,0.1673,0.0955,2377.49,0.3916,0.372,0.4303,0.5921,0.5497,0.1275,4.148,2.741,0.37,0.2111
task-stim03,131.5,132.0,0.01236,0.00852,0.0,131.75,0.7303,0.0081,0.166,0.5988,0.0,0.0843,0.11621,0.137,2628.32,0.4275,0.3586,0.3888,0.3406,0.4051,0.1073,3.407,2.0,0.667,0.1766
task-stim03,132.0,132.5,0.00581,0.00381,0.0,132.25,0.7435,0.0005,0.1629,0.4281,0.0,0.09,0.167,0.1265,1207.02,0.4989,0.4306,0.455,0.3303,0.4758,0.1227,4.593,3.333,0.593,0.1634
task-stim03,132.5,133.0,0.00313,5e-05,0.0,132.75,0.7427,0.0002,0.1626,0.4299,0.0,0.0903,0.1546,0.0875,3127.12,0.3451,0.4885,0.4809,0.5248,0.6443,0.1273,2.889,1.481,0.667,0.1442
task-stim03,133.0,133.5,0.00316,4e-05,0.0,133.25,0.7421,0.0002,0.1624,0.4312,0.0,0.0888,0.14711,0.101,2288.68,0.458,0.3981,0.431,0.3986,0.545,0.1507,3.407,1.926,0.815,-0.0277
task-stim03,133.5,134.0,0.00314,2e-05,0.0,133.75,0.7415,0.0002,0.1621,0.4284,0.0,0.0876,0.17722,0.0701,973.9,0.625,0.4307,0.4482,0.2709,0.599,0.1317,3.704,2.296,0.667,0.0686
task-stim03,134.0,134.5,0.00413,0.00265,0.0,134.25,0.7408,0.0003,0.1619,0.4154,0.0,0.0869,0.12454,0.1101,2532.72,0.4603,0.4516,0.4565,0.4811,0.5328,0.1418,3.481,2.0,0.444,0.003
task-stim03,134.5,135.0,0.02865,0.00415,0.0,134.75,0.7615,0.0195,0.1558,0.181,0.0,0.0577,0.06097,0.1842,1196.46,0.5524,0.4853,0.4682,0.5443,0.6793,0.1369,2.667,0.963,0.444,0.0331
task-stim03,135.0,135.5,0.02164,0.01199,0.0,135.25,0.7927,0.0145,0.1523,0.0736,0.0,0.0224,0.21736,0.075,1195.36,0.539,0.5067,0.5268,0.4029,0.7311,0.121,3.407,2.074,0.296,-0.0354
task-stim03,135.5,136.0,0.0011,0.00168,0.0,135.75,0.7641,0.0009,0.1674,0.09,0.0,0.0163,0.14421,0.1275,2531.69,0.4133,0.4114,0.4819,0.4269,0.5551,0.1239,3.704,2.963,0.889,-0.0376
task-stim03,136.0,136.5,0.0006,0.00057,0.0,136.25,0.7635,0.0003,0.1678,0.1392,0.0,0.0163,0.15538,0.127,2374.03,0.4917,0.4191,0.4622,0.2182,0.6143,0.0877,4.741,3.481,0.667,-0.0675
task-stim03,136.5,137.0,9e-05,2e-05,0.0,136.75,0.7626,0.0002,0.1683,0.2583,0.0,0.0163,0.17065,0.269,1184.42,0.6429,0.4873,0.4923,0.4595,0.7224,0.1434,4.889,3.111,0.37,-0.1186
task-stim03,137.0,137.5,9e-05,2e-05,0.0,137.25,0.7617,0.0003,0.1678,0.26,0.0,0.0163,0.20745,0.0815,1196.94,0.6074,0.3702,0.4029,0.3101,0.4681,0.1254,4.0,2.444,0.741,-0.0859
task-stim03,137.5,138.0,0.00021,0.00019,0.0,137.75,0.7609,0.0002,0.1673,0.2625,0.0,0.0163,0.1746,0.1271,1271.13,0.585,0.3563,0.3722,0.4767,0.4138,0.1232,3.852,2.37,0.593,0.1342
task-stim03,138.0,138.5,0.00036,0.00022,0.0,138.25,0.7596,0.0002,0.1666,0.2789,0.0,0.0163,0.12595,0.1417,1527.9,0.6332,0.4189,0.4336,0.413,0.5195,0.1331,4.667,3.407,0.296,0.1463
task-stim03,138.5,139.0,0.00015,2e-05,0.0,138.75,0.7593,0.0,0.1665,0.2799,0.0,0.0163,0.15544,0.0886,2994.19,0.3197,0.4446,0.4944,0.6108,0.435,0.1737,4.519,3.111,0.222,-0.0649
task-stim03,139.0,139.5,0.00014,1e-05,0.0,139.25,0.7593,0.0,0.1665,0.2797,0.0,0.0163,0.16042,0.1301,2617.49,0.3975,0.356,0.3611,0.4916,0.5724,0.1543,3.185,1.852,0.444,0.1274
task-stim03,139.5,140.0,0.00013,1e-05,0.0,139.75,0.7593,0.0,0.1665,0.28,0.0,0.0163,0.16006,0.1204,1700.64,0.506,0.3849,0.3911,0.3423,0.5311,0.1347,4.074,3.037,0.593,0.2175
task-stim03,140.0,140.5,0.00014,1e-05,0.0,140.25,0.7593,0.0,0.1665,0.28,0.0,0.0163,0.16257,0.1251,1317.72,0.4812,0.3596,0.3475,0.4126,0.4892,0.0988,3.704,2.519,0.815,0.0932
task-stim03,140.5,141.0,0.00022,0.00024,0.0,140.75,0.7594,0.0001,0.1665,0.2799,0.0,0.0164,0.15464,0.1325,2985.22,0.4485,0.4011,0.4767,0.2878,0.4632,0.1061,3.852,2.222,0.37,0.0657
task-stim03,141.0,141.5,0.02496,0.01707,0.0,141.25,0.7436,0.024,0.1484,0.1699,0.0,0.026,0.17987,0.121,1223.82,0.6057,0.43,0.4629,0.4321,0.475,0.1032,3.704,2.222,0.222,-0.0501
task-stim03,141.5,142.0,0.03556,0.01356,0.0,141.75,0.6445,0.0164,0.1013,0.1304,0.0,0.0743,0.17141,0.0798,3061.06,0.3402,0.445,0.4433,0.4443,0.6359,0.1025,2.963,1.556,0.296,-0.068
task-stim03,142.0,142.5,0.01439,0.00024,0.0,142.25,0.6324,0.0012,0.1006,0.2522,0.0,0.0814,0.08934,0.1156,541.67,0.2813,0.4113,0.4395,0.3457,0.528,0.1,4.074,2.667,0.519,0.1268
task-stim03,142.5,143.0,0.01355,0.00054,0.0,142.75,0.6367,0.0024,0.105,0.2725,0.0,0.0812,0.17989,0.0975,1724.61,0.3264,0.4226,0.4499,0.3278,0.4848,0.087,3.704,2.593,0.593,-0.0866
task-stim03,143.0,143.5,0.01291,0.00048,0.0,143.25,0.6459,0.0012,0.1105,0.2623,0.0,0.0895,0.15207,0.0866,2228.0,0.4821,0.4017,0.4341,0.3494,0.5378,0.1019,3.556,2.667,0.444,-0.2303
task-stim03,143.5,144.0,0.01318,0.00021,0.0,143.75,0.6439,0.002,0.1009,0.2402,0.0,0.0874,0.18719,0.0735,1280.35,0.4678,0.4079,0.4313,0.3249,0.5869,0.0937,3.926,2.667,0.519,-0.3465
task-stim03,144.0,144.5,0.01356,0.00019,0.0,144.25,0.6342,0.0021,0.1013,0.2437,0.0,0.0852,0.15316,0.0949,2148.82,0.4528,0.4142,0.4305,0.404,0.5252,0.0965,4.0,2.593,0.37,-0.1588
task-stim03,144.5,145.0,0.01417,0.00016,0.0,144.75,0.6362,0.0016,0.0954,0.2448,0.0,0.0864,0.1697,0.0841,2245.04,0.4104,0.4078,0.4236,0.2787,0.5762,0.0874,3.704,2.37,0.741,-0.1244
task-stim03,145.0,145.5,0.01525,0.00081,0.0,145.25,0.6367,0.0013,0.0938,0.2286,0.0,0.082,0.16767,0.0931,1679.69,0.4454,0.4404,0.4841,0.4703,0.4621,0.0963,3.63,2.222,0.37,-0.0606
task-stim03,145.5,146.0,0.01671,0.00035,0.0,145.75,0.6324,0.0005,0.0986,0.2138,0.0,0.0734,0.18398,0.0684,1843.42,0.4262,0.3644,0.3925,0.3201,0.4693,0.096,3.111,1.926,0.667,0.1307
task-stim03,146.0,146.5,0.01569,0.00099,0.0,146.25,0.6355,0.0016,0.0936,0.2057,0.0,0.0738,0.1382,0.0838,1701.73,0.4935,0.3657,0.3716,0.3338,0.5303,0.1,2.519,1.481,0.593,0.2387
task-stim03,146.5,147.0,0.03369,0.01448,0.0,146.75,0.6689,0.0357,0.1058,0.081,0.0,0.049,0.09109,0.1338,2529.46,0.3239,0.3865,0.4195,0.2169,0.5149,0.1098,3.185,2.0,0.593,0.3461
task-stim03,147.0,147.5,0.01515,0.01114,0.0,147.25,0.8284,0.0353,0.1246,0.088,0.0,0.0219,0.1932,0.093,1778.3,0.4221,0.4561,0.483,0.3615,0.5515,0.0874,3.704,2.444,0.444,0.2241
task-stim03,147.5,148.0,0.00203,0.00038,0.0,147.75,0.8593,0.003,0.1108,0.2695,0.0,0.0347,0.13171,0.1981,2451.58,0.4837,0.403,0.4116,0.3123,0.6034,0.0947,4.148,3.037,0.519,-0.5725
task-stim03,148.0,148.5,0.00228,0.00107,0.0,148.25,0.853,0.0018,0.1173,0.4374,0.0,0.0553,0.14044,0.1275,2610.0,0.4449,0.447,0.4499,0.3473,0.6356,0.1166,4.222,3.037,0.444,-0.7528
task-stim03,148.5,149.0,0.00582,0.00066,0.0,148.75,0.8446,0.0021,0.1267,0.6261,0.0,0.0718,0.18601,0.1226,2411.51,0.4952,0.3441,0.3544,0.4161,0.4718,0.1499,4.222,2.963,0.444,-0.8982
task-stim03,149.0,149.5,0.00314,0.00053,0.0,149.25,0.8396,0.0008,0.1325,0.7365,0.333,0.0878,0.14275,0.2182,1600.48,0.617,0.3561,0.389,0.3254,0.5036,0.1456,3.63,2.37,0.444,-0.6144
task-stim03,149.5,150.0,0.00263,2e-05,0.0,149.75,0.838,0.0003,0.1341,0.7596,0.667,0.0918,0.19534,0.083,2061.95,0.4754,0.3179,0.3465,0.2554,0.3725,0.1416,4.444,3.185,0.741,-0.3284
task-stim03,150.0,150.5,0.00285,0.0002,0.0,150.25,0.8363,0.0013,0.1357,0.7653,0.0,0.0915,0.14237,0.1096,2687.51,0.4308,0.344,0.3839,0.3675,0.3936,0.1409,4.222,2.815,0.444,-0.4648
task-stim03,150.5,151.0,0.00457,0.00374,0.0,150.75,0.8301,0.0019,0.1424,0.7751,0.0,0.0958,0.16574,0.1249,2953.95,0.3837,0.3461,0.3927,0.3334,0.5554,0.1453,4.667,3.333,0.37,-0.4793
task-stim03,151.0,151.5,0.05718,0.01586,0.0,151.25,0.8271,0.0051,0.1322,0.1472,0.0,0.075,0.11245,0.2074,928.3,0.6205,0.3371,0.3641,0.3616,0.5275,0.1432,4.148,2.963,0.593,-0.2258
task-stim03,151.5,152.0,0.01242,0.01514,0.0,151.75,0.8284,0.0004,0.1362,0.5692,0.0,0.0435,0.15189,0.0932,2253.91,0.4927,0.4078,0.4416,0.2867,0.5403,0.0914,3.556,2.667,0.593,-0.0686
task-stim03,152.0,152.5,0.00146,3e-05,0.0,152.25,0.8273,0.0004,0.1377,0.6734,0.0,0.0465,0.13794,0.1867,1218.45,0.6148,0.4299,0.4332,0.3212,0.698,0.0843,3.704,2.667,0.444,-0.1328
task-stim03,152.5,153.0,0.00139,8e-05,0.0,152.75,0.8261,0.0003,0.1382,0.6986,0.0,0.0489,0.17787,0.1475,1898.3,0.5732,0.4212,0.4233,0.3107,0.5815,0.1214,3.481,2.074,0.593,-0.2577
task-stim03,153.0,153.5,0.00114,8e-05,0.0,153.25,0.8253,0.0002,0.1386,0.7218,0.0,0.0492,0.14073,0.1285,1717.06,0.5817,0.3905,0.4194,0.3103,0.5155,0.1216,3.63,2.37,0.296,-0.1903
task-stim03,153.5,154.0,0.00086,7e-05,0.0,153.75,0.8247,0.0002,0.1389,0.7395,0.0,0.0488,0.12743,0.1331,2339.5,0.4723,0.3769,0.4168,0.2607,0.4247,0.1178,3.556,2.444,0.889,-0.1991
task-stim03,154.0,154.5,0.00062,8e-05,0.0,154.25,0.8242,0.0002,0.1394,0.7602,0.0,0.049,0.14334,0.1547,1403.92,0.6254,0.3931,0.425,0.2314,0.5848,0.1161,3.481,2.222,0.444,-0.1781
task-stim03,154.5,155.0,0.00642,0.01187,0.0,154.75,0.8237,0.0001,0.1394,0.7567,0.0,0.048,0.12757,0.1807,2210.08,0.5315,0.3529,0.3443,0.4626,0.5884,0.1106,3.704,2.519,0.741,-0.2237
task-stim03,155.0,155.5,0.05478,0.01045,0.0,155.25,0.8136,0.0117,0.1335,0.0654,0.0,0.0338,0.08992,0.1865,1084.46,0.5684,0.3445,0.3566,0.4073,0.5412,0.1405,3.111,1.852,0.444,-0.2008
task-stim03,155.5,156.0,0.00676,0.00878,0.0,155.75,0.7956,0.0007,0.1551,0.2126,0.0,0.0419,0.15402,0.0939,1268.49,0.6486,0.3967,0.4293,0.3705,0.4503,0.1259,4.148,2.667,0.444,-0.1373
task-stim03,156.0,156.5,0.00253,0.00033,0.0,156.25,0.7932,0.0006,0.1558,0.3226,0.0,0.0438,0.1594,0.1055,2434.77,0.4603,0.4054,0.4314,0.3416,0.588,0.0869,4.667,3.333,0.667,-0.1775
task-stim03,156.5,157.0,0.00301,0.00014,0.0,156.75,0.7912,0.0005,0.1565,0.4264,0.0,0.0463,0.15981,0.1314,1793.56,0.5491,0.4666,0.4732,0.3191,0.7148,0.1182,4.296,2.963,0.296,-0.3736
task-stim03,157.0,157.5,0.00305,6e-05,0.0,157.25,0.7894,0.0006,0.1566,0.4275,0.0,0.0467,0.18747,0.1254,1418.24,0.634,0.3827,0.4194,0.3032,0.436,0.1234,4.37,3.185,0.593,-0.1639
task-stim03,157.5,158.0,0.00304,5e-05,0.0,157.75,0.7879,0.0004,0.1567,0.4407,0.0,0.0457,0.16985,0.116,2357.26,0.4367,0.3509,0.37,0.2841,0.5202,0.0948,4.0,2.889,0.519,-0.1134
task-stim03,158.0,158.5,0.00306,7e-05,0.0,158.25,0.7867,0.0003,0.1567,0.432,0.0,0.0446,0.17295,0.0866,2941.27,0.3204,0.382,0.4127,0.3295,0.4507,0.1145,4.444,2.963,0.444,-0.1555
task-stim03,158.5,159.0,0.00306,6e-05,0.0,158.75,0.7859,0.0001,0.1567,0.4437,0.0,0.0449,0.17196,0.0756,2619.42,0.46,0.3799,0.4079,0.5018,0.5002,0.1373,3.926,2.296,0.296,-0.2025
task-stim03,159.0,159.5,0.00309,7e-05,0.0,159.25,0.7857,0.0001,0.1568,0.4371,0.0,0.0469,0.12561,0.1069,2154.5,0.5178,0.3559,0.3957,0.4816,0.3468,0.1218,4.444,3.037,0.667,-0.0738
task-stim03,159.5,160.0,0.00324,9e-05,0.0,159.75,0.7856,0.0002,0.1569,0.451,0.0,0.0483,0.13308,0.1551,2926.05,0.3981,0.4073,0.4457,0.3614,0.5883,0.1047,3.852,2.593,0.444,0.1289
task-stim03,160.0,160.5,0.00343,7e-05,0.0,160.25,0.7847,0.0003,0.1568,0.457,0.0,0.0499,0.21444,0.0754,1858.77,0.4985,0.3766,0.4033,0.4275,0.3994,0.0937,4.148,2.889,0.519,0.1052
task-stim03,160.5,161.0,0.00357,5e-05,0.0,160.75,0.7842,0.0002,0.1565,0.4628,0.0,0.0512,0.18114,0.0922,1239.24,0.5844,0.4158,0.4339,0.34,0.5334,0.0862,4.0,2.519,0.37,0.0029
task-stim03,161.0,161.5,0.0037,0.00018,0.0,161.25,0.7831,0.0006,0.1565,0.4444,0.0,0.0506,0.21012,0.0902,2389.62,0.4099,0.4534,0.44,0.5183,0.4666,0.0857,4.148,2.593,0.222,0.017
task-stim03,161.5,162.0,0.00287,0.00029,0.0,161.75,0.7808,0.0008,0.1561,0.3302,0.0,0.0501,0.13432,0.1326,2709.76,0.5164,0.4464,0.4486,0.5631,0.5734,0.0733,4.222,2.593,0.222,0.0735
task-stim03,162.0,162.5,0.00209,0.0003,0.0,162.25,0.7789,0.0002,0.156,0.2486,0.0,0.0494,0.07341,0.2554,3235.47,0.4615,0.4165,0.4417,0.4415,0.4992,0.0786,4.148,2.889,0.667,0.195
task-stim03,162.5,163.0,0.00178,4e-05,0.0,162.75,0.7787,0.0,0.156,0.2376,0.0,0.0482,0.19642,0.0834,2263.31,0.4251,0.3893,0.3981,0.3757,0.4575,0.0786,4.074,3.63,0.889,0.1791
task-stim03,163.0,163.5,0.00169,5e-05,0.0,163.25,0.7786,0.0001,0.156,0.2391,0.0,0.0481,0.19615,0.0774,2120.1,0.4483,0.3519,0.3568,0.3471,0.5527,0.0953,3.852,3.259,1.037,-0.0368
task-stim03,163.5,164.0,0.01383,0.0154,0.0,163.75,0.7812,0.0042,0.1557,0.1822,0.0,0.0441,0.17219,0.1146,2510.49,0.4279,0.3251,0.3101,0.4075,0.5282,0.1155,3.778,2.667,0.889,-0.2202
task-stim03,164.0,164.5,0.02449,0.00866,0.0,164.25,0.8201,0.0096,0.1531,0.1454,0.0,0.0297,0.19913,0.0876,1835.95,0.4913,0.4074,0.4172,0.4536,0.5292,0.1034,4.148,3.111,0.519,-0.2561
task-stim03,164.5,165.0,0.00049,0.00081,0.0,164.75,0.8277,0.0002,0.1592,0.2941,0.0,0.0464,0.19112,0.084,1226.75,0.6238,0.4284,0.4577,0.3817,0.393,0.1087,4.963,4.0,0.37,-0.3553
task-stim03,165.0,165.5,0.00122,0.00137,0.0,165.25,0.8259,0.0008,0.1607,0.4871,0.0,0.0465,0.12442,0.1084,1537.71,0.5029,0.5646,0.5668,0.5698,0.6025,0.0797,4.741,3.481,0.296,-0.629
task-stim03,165.5,166.0,0.00041,0.00033,0.0,165.75,0.8242,0.0003,0.1631,0.7606,0.0,0.0466,0.1261,0.1128,3186.2,0.3364,0.3415,0.326,0.3927,0.4588,0.1832,4.667,3.333,0.296,-0.658
task-stim03,166.0,166.5,8e-05,3e-05,0.0,166.25,0.8233,0.0002,0.1636,0.8111,0.0,0.0466,0.10688,0.1566,3203.7,0.3509,0.3398,0.3253,0.617,0.4144,0.1698,5.333,3.926,0.444,-0.507
task-stim03,166.5,167.0,2e-05,1e-05,0.0,166.75,0.8231,0.0,0.1636,0.8122,0.0,0.0466,0.07092,0.1559,1057.87,0.5193,0.3493,0.3594,0.3959,0.498,0.1759,5.63,4.148,0.37,-0.096
task-stim03,167.0,167.5,1e-05,1e-05,0.0,167.25,0.8231,0.0,0.1636,0.8141,0.0,0.0466,0.2006,0.059,1596.29,0.5102,0.3299,0.3489,0.2987,0.5017,0.1731,4.593,3.481,0.444,0.0638
task-stim03,167.5,168.0,1e-05,1e-05,0.0,167.75,0.8231,0.0,0.1636,0.8143,0.0,0.0466,0.17004,0.0958,2812.21,0.418,0.3189,0.3248,0.4324,0.3391,0.1781,4.667,3.704,0.741,0.01
task-stim03,168.0,168.5,0.00157,0.00081,0.0,168.25,0.8234,0.0003,0.1621,0.6327,0.0,0.0465,0.10802,0.1608,2697.13,0.4422,0.3766,0.3826,0.3535,0.4887,0.1519,4.741,3.778,0.593,-0.1565
task-stim03,168.5,169.0,0.00181,0.00116,0.0,168.75,0.8264,0.0024,0.1575,0.279,0.0,0.0388,0.08151,0.3756,2635.59,0.4753,0.2968,0.3344,0.3294,0.3977,0.1676,4.296,3.111,0.37,-0.2347
task-stim03,169.0,169.5,0.00444,0.00056,0.0,169.25,0.8369,0.0035,0.1528,0.0936,0.0,0.025,0.17818,0.1752,1363.23,0.6078,0.266,0.2852,0.2697,0.4458,0.1871,4.074,2.741,0.889,-0.1181
task-stim03,169.5,170.0,0.00474,0.00022,0.0,169.75,0.8532,0.0051,0.1369,0.0733,0.0,0.0205,0.12275,0.1216,3377.31,0.2634,0.3857,0.3929,0.3148,0.5658,0.1218,4.074,2.667,0.593,-0.0689
task-stim03,170.0,170.5,0.0028,0.00101,0.0,170.25,0.8645,0.0011,0.1133,0.0761,0.0,0.0171,0.15979,0.091,2762.57,0.2894,0.426,0.4361,0.4553,0.4961,0.0842,3.63,2.296,0.815,-0.0172
task-stim03,170.5,171.0,0.00106,0.00013,0.0,170.75,0.8645,0.0002,0.1123,0.0771,0.0,0.0159,0.17879,0.1074,3045.98,0.3536,0.4499,0.4845,0.4328,0.4753,0.0694,3.704,2.519,0.889,-0.1236
task-stim03,171.0,171.5,0.00063,0.00014,0.0,171.25,0.8653,0.0002,0.1117,0.0776,0.0,0.016,0.17029,0.1089,2477.3,0.4486,0.4546,0.443,0.4397,0.6064,0.0775,4.148,2.815,0.889,-0.2396
task-stim03,171.5,172.0,0.00024,9e-05,0.0,171.75,0.8658,0.0001,0.1113,0.0771,0.0,0.016,0.14822,0.1424,2232.73,0.4214,0.4578,0.4768,0.5854,0.4069,0.0864,4.148,2.815,0.741,-0.303
task-stim03,172.0,172.5,0.0135,0.00955,0.0,172.25,0.8715,0.0065,0.1055,0.0387,0.0,0.0206,0.16476,0.0841,2616.95,0.3628,0.4464,0.4492,0.4065,0.5965,0.1078,3.704,2.37,0.667,-0.3256
task-stim03,172.5,173.0,0.00699,0.0039,0.0,172.75,0.9197,0.0139,0.0588,0.0053,0.0,0.0134,0.16899,0.0813,2309.76,0.3802,0.5529,0.554,0.5229,0.647,0.0725,3.556,2.074,0.148,-0.3622
task-stim03,173.0,173.5,0.00019,0.00025,0.0,173.25,0.936,0.0001,0.0411,0.0171,0.0,0.0078,0.0722,0.295,3533.57,0.3384,0.5762,0.5944,0.5526,0.6623,0.078,3.852,2.148,0.148,-0.6943
task-stim03,173.5,174.0,5e-05,1e-05,0.0,173.75,0.9359,0.0,0.0415,0.0234,0.0,0.0092,0.11728,0.3817,1218.54,0.5826,0.5545,0.5365,0.6008,0.7448,0.0581,2.519,0.889,0.37,-0.9372
task-stim03,174.0,174.5,5e-05,1e-05,0.0,174.25,0.936,0.0,0.0416,0.022,0.0,0.0093,0.14511,0.1512,1761.64,0.5472,0.53,0.5247,0.5221,0.643,0.0849,3.704,2.148,0.222,-1.2055
task-stim03,174.5,175.0,4e-05,0.0,0.0,174.75,0.936,0.0,0.0416,0.022,0.0,0.0093,0.14924,0.2336,3255.8,0.3125,0.429,0.4489,0.4538,0.5069,0.0774,3.037,1.63,0.667,-1.2997
task-stim03,175.0,175.5,3e-05,1e-05,0.0,175.25,0.936,0.0,0.0416,0.0234,0.0,0.0092,0.17362,0.1411,1780.15,0.4918,0.4938,0.4924,0.5243,0.6382,0.0745,2.963,1.481,0.37,-1.3089
task-stim03,175.5,176.0,2e-05,1e-05,0.0,175.75,0.936,0.0,0.0416,0.0229,0.0,0.009,0.12619,0.1864,2188.96,0.4609,0.4011,0.3636,0.5705,0.563,0.1147,3.778,2.148,0.593,-1.3987
task-stim03,176.0,176.5,1e-05,1e-05,0.0,176.25,0.936,0.0,0.0415,0.0228,0.0,0.009,0.15069,0.1141,1743.07,0.4926,0.3527,0.3576,0.3911,0.5605,0.1292,2.963,1.704,0.519,-1.454
task-stim03,176.5,177.0,0.0,0.0,0.0,176.75,0.936,0.0,0.0416,0.0229,0.0,0.0091,0.13659,0.3806,1207.86,0.6055,0.3868,0.3971,0.491,0.5339,0.121,3.481,2.444,0.519,-1.3462
task-stim03,177.0,177.5,0.0,0.0,0.0,177.25,0.936,0.0,0.0416,0.0231,0.0,0.0091,0.13455,0.1837,1127.17,0.6024,0.3989,0.4464,0.5066,0.4904,0.1303,3.63,2.519,0.667,-1.2284
task-stim03,177.5,178.0,0.00015,0.00021,0.0,177.75,0.9359,0.0002,0.0416,0.0234,0.0,0.0091,0.15878,0.2612,1400.68,0.5957,0.334,0.3996,0.3297,0.3948,0.1106,3.556,2.593,1.185,-1.2384
task-stim03,178.0,178.5,0.00124,0.00028,0.0,178.25,0.932,0.0025,0.0431,0.0247,0.0,0.0098,0.17721,0.0964,2856.48,0.3853,0.4035,0.4538,0.3785,0.4349,0.0987,3.037,1.852,0.519,-1.2044
task-stim03,178.5,179.0,0.00148,0.00014,0.0,178.75,0.9208,0.0034,0.0469,0.0173,0.0,0.0113,0.16568,0.1017,2370.31,0.3964,0.4138,0.425,0.4297,0.5688,0.1261,3.926,2.37,0.296,-1.1163
task-stim03,179.0,179.5,0.001,0.00015,0.0,179.25,0.9115,0.0016,0.0446,0.0112,0.0,0.0134,0.17196,0.0979,2900.42,0.4081,0.5042,0.518,0.458,0.6906,0.0782,3.111,1.852,0.593,-1.194
task-stim03,179.5,180.0,0.0002,0.00025,0.0,179.75,0.9095,0.0,0.041,0.0102,0.0,0.0142,0.15769,0.0991,3096.07,0.3197,0.5484,0.5446,0.4976,0.7101,0.0609,3.185,1.778,0.296,-1.0645
task-stim03,180.0,180.5,3e-05,2e-05,0.0,180.25,0.9096,0.0001,0.0408,0.0106,0.0,0.0143,0.05578,0.3091,2902.33,0.5201,0.5183,0.5039,0.6007,0.6658,0.0517,4.148,2.889,0.741,-0.8402
task-stim03,180.5,181.0,4e-05,0.0,0.0,180.75,0.91,0.0001,0.0412,0.0115,0.0,0.0156,0.17291,0.1264,2392.82,0.485,0.4878,0.4838,0.5039,0.6201,0.0852,4.444,3.481,0.37,-0.847
task-stim03,181.0,181.5,0.0035,0.0045,0.0,181.25,0.9025,0.0088,0.0631,0.1492,0.0,0.0166,0.17093,0.077,1950.82,0.4337,0.453,0.4725,0.3581,0.5169,0.092,5.185,3.704,0.222,-0.9995
task-stim03,181.5,182.0,0.00095,6e-05,0.0,181.75,0.8891,0.0001,0.0979,0.4983,0.0,0.0166,0.15908,0.0861,2162.74,0.4716,0.5336,0.5289,0.5752,0.6509,0.1159,2.889,1.407,0.444,-0.9324
task-stim03,182.0,182.5,0.00092,0.00014,0.0,182.25,0.8895,0.0002,0.0978,0.4915,0.0,0.0174,0.16481,0.1024,2836.42,0.3702,0.4413,0.447,0.3699,0.6595,0.1356,3.037,1.926,0.37,-0.3581
task-stim03,182.5,183.0,0.00237,0.00175,0.0,182.75,0.8871,0.0027,0.0998,0.5375,0.0,0.0188,0.16166,0.0922,1542.35,0.6249,0.3686,0.3813,0.3337,0.4803,0.1149,4.074,2.963,0.37,-0.241
task-stim03,183.0,183.5,0.00118,0.00055,0.0,183.25,0.8839,0.0001,0.1036,0.6335,0.0,0.0189,0.12924,0.1185,1973.26,0.4807,0.4342,0.4301,0.4506,0.4771,0.0913,4.889,3.704,0.37,-0.4637
task-stim03,183.5,184.0,0.00106,0.00015,0.0,183.75,0.8837,0.0001,0.1042,0.6475,0.0,0.0189,0.17922,0.0965,2498.89,0.4413,0.3549,0.3965,0.2079,0.4909,0.1315,3.704,2.667,0.815,-0.5673
task-stim03,184.0,184.5,0.00115,0.00014,0.0,184.25,0.8836,0.0001,0.1042,0.6659,0.0,0.0189,0.14399,0.3479,2310.85,0.5289,0.3997,0.385,0.4483,0.5472,0.1156,4.074,3.037,0.667,-0.719
task-stim03,184.5,185.0,0.00114,0.00012,0.0,184.75,0.8832,0.0001,0.1048,0.6933,0.0,0.0188,0.20153,0.1441,1143.75,0.6743,0.3245,0.3061,0.4348,0.4798,0.1125,3.704,2.519,1.111,-0.4095
task-stim03,185.0,185.5,0.00114,0.00022,0.0,185.25,0.8832,0.0,0.1046,0.6736,0.0,0.0188,0.17533,0.0896,2348.98,0.4832,0.4303,0.435,0.3753,0.5529,0.0825,4.148,2.889,0.37,-0.4573
task-stim03,185.5,186.0,0.00098,0.0001,0.0,185.75,0.8828,0.0001,0.1053,0.6887,0.0,0.0188,0.15694,0.1339,1896.5,0.5616,0.3959,0.4085,0.3845,0.4978,0.0922,4.37,2.889,0.593,-0.284
task-stim03,186.0,186.5,0.00289,0.0023,0.0,186.25,0.8842,0.002,0.1025,0.6362,0.0,0.0189,0.0551,0.484,4083.98,0.282,0.3893,0.4002,0.41,0.495,0.1119,3.704,2.296,0.296,-0.0888
task-stim03,186.5,187.0,0.00368,0.00338,0.0,186.75,0.8972,0.0031,0.0692,0.265,0.0,0.0168,0.15499,0.2156,1371.07,0.4711,0.3607,0.3632,0.4328,0.4481,0.1182,4.222,2.963,0.519,0.1058
task-stim03,187.0,187.5,0.00049,1e-05,0.0,187.25,0.896,0.0,0.0687,0.2713,0.0,0.0166,0.13138,0.1314,3027.74,0.3599,0.4083,0.3858,0.4159,0.5768,0.0824,4.222,2.889,0.741,-0.1374
task-stim03,187.5,188.0,0.0005,2e-05,0.0,187.75,0.8958,0.0,0.0689,0.2713,0.0,0.0166,0.15095,0.1546,1582.31,0.5121,0.3217,0.3434,0.3541,0.3073,0.0829,3.63,2.667,1.333,0.0425
task-stim03,188.0,188.5,0.0005,2e-05,0.0,188.25,0.8957,0.0,0.0692,0.2725,0.0,0.0166,0.15274,0.1439,2055.36,0.5512,0.4105,0.4119,0.4055,0.5161,0.1017,3.407,2.593,0.815,-0.2562
task-stim03,188.5,189.0,0.0005,1e-05,0.0,188.75,0.8956,0.0,0.0694,0.2741,0.0,0.0166,0.12407,0.1224,2887.35,0.3805,0.4182,0.4406,0.4888,0.4426,0.0971,3.778,2.519,0.593,-0.156
task-stim03,189.0,189.5,0.0005,1e-05,0.0,189.25,0.8954,0.0,0.0696,0.2744,0.0,0.0166,0.11454,0.1484,3035.55,0.4223,0.4487,0.4341,0.4609,0.6523,0.0883,3.852,2.444,0.519,-0.2749
task-stim03,189.5,190.0,0.05385,0.03277,0.0,189.75,0.713,0.1273,0.1302,0.2302,0.0,0.0448,0.08515,0.3971,1490.54,0.6803,0.4332,0.4194,0.5095,0.5939,0.0976,3.556,2.593,0.37,-0.362
task-stim03,190.0,190.5,0.00231,0.00678,0.0,190.25,0.5667,0.0001,0.0987,0.9109,0.0,0.1076,0.1781,0.0871,1972.12,0.5612,0.4079,0.4289,0.3727,0.5736,0.112,4.296,3.259,0.667,0.0193
task-stim03,190.5,191.0,0.00021,3e-05,0.0,190.75,0.5668,0.0,0.0988,0.9227,0.0,0.1077,0.16659,0.0846,2187.91,0.4503,0.5142,0.4895,0.4285,0.7891,0.1057,4.148,2.741,0.593,0.2936
task-stim03,191.0,191.5,0.00035,0.00034,0.0,191.25,0.5671,0.0001,0.0993,0.9411,0.0,0.1086,0.14695,0.1414,2953.39,0.3738,0.437,0.4317,0.3828,0.7644,0.0869,3.926,2.667,0.741,0.4956
task-stim03,191.5,192.0,0.00021,1e-05,0.0,191.75,0.5672,0.0,0.0994,0.9446,0.0,0.1092,0.1869,0.1343,1140.48,0.6875,0.4881,0.5137,0.54,0.5966,0.0763,3.926,2.741,0.37,0.5649
task-stim03,192.0,192.5,0.00021,4e-05,0.0,192.25,0.5672,0.0,0.0994,0.9463,0.0,0.1096,0.11708,0.176,2100.99,0.5177,0.5008,0.5081,0.525,0.5774,0.0852,3.852,2.593,0.296,0.6751
task-stim03,192.5,193.0,0.00018,1e-05,0.0,192.75,0.5672,0.0,0.0995,0.9479,0.0,0.1094,0.03497,0.3699,1532.71,0.6757,0.415,0.4348,0.4816,0.6013,0.0891,3.926,2.37,0.593,0.7706
task-stim03,193.0,193.5,0.00018,1e-05,0.0,193.25,0.5672,0.0,0.0995,0.9476,0.0,0.1084,0.16067,0.2159,1645.65,0.5963,0.4523,0.4478,0.4814,0.5851,0.0809,3.926,2.444,0.37,0.8056
task-stim03,193.5,194.0,0.00019,7e-05,0.0,193.75,0.5672,0.0,0.0995,0.95,0.0,0.1076,0.16705,0.1066,2027.32,0.4334,0.4294,0.4539,0.4352,0.4567,0.0853,3.926,2.593,0.815,0.8627
task-stim03,194.0,194.5,0.00015,1e-05,0.0,194.25,0.5672,0.0,0.0995,0.949,0.0,0.1072,0.16478,0.0917,1309.44,0.621,0.3967,0.4037,0.3874,0.7345,0.1433,3.704,2.296,0.37,0.7329
task-stim03,194.5,195.0,0.00014,3e-05,0.0,194.75,0.5672,0.0,0.0995,0.9483,0.0,0.1066,0.1634,0.1017,2080.84,0.4178,0.4323,0.5166,0.4505,0.6514,0.1165,3.407,2.0,0.37,0.7239
task-stim03,195.0,195.5,0.00011,1e-05,0.0,195.25,0.5672,0.0,0.0995,0.9483,0.0,0.1068,0.13246,0.1071,2758.36,0.4207,0.4263,0.5315,0.4123,0.43,0.1208,3.037,1.852,0.519,0.6833
task-stim03,195.5,196.0,8e-05,1e-05,0.0,195.75,0.5672,0.0,0.0996,0.948,0.0,0.1067,0.15228,0.0919,2324.99,0.4376,0.3903,0.4636,0.4298,0.4327,0.1138,3.407,1.852,0.741,0.5566
task-stim03,196.0,196.5,4e-05,2e-05,0.0,196.25,0.5672,0.0,0.0996,0.9479,0.0,0.1062,0.17155,0.1065,2093.6,0.4452,0.4551,0.4657,0.5728,0.5565,0.1154,3.407,1.778,0.37,0.6959
task-stim03,196.5,197.0,0.02154,0.01846,0.0,196.75,0.5705,0.0056,0.0897,0.5704,0.0,0.0794,0.08698,0.2627,3183.66,0.4052,0.4348,0.4634,0.4628,0.5067,0.1202,3.185,1.778,0.37,0.7171
task-stim03,197.0,197.5,0.03232,0.0298,0.0,197.25,0.6933,0.0339,0.1455,0.3966,0.0,0.0187,0.11727,0.3259,1495.05,0.5673,0.4363,0.5205,0.399,0.4847,0.1077,3.852,2.667,0.444,0.758
task-stim03,197.5,198.0,0.00145,0.00011,0.0,197.75,0.7151,0.0006,0.1558,0.6621,0.0,0.0306,0.17675,0.0944,2862.01,0.373,0.3921,0.3749,0.4379,0.5385,0.1037,4.519,3.63,0.741,0.0344
task-stim03,198.0,198.5,0.00092,0.00013,0.0,198.25,0.7161,0.0002,0.1557,0.676,0.0,0.0366,0.14307,0.1069,2245.04,0.4749,0.3554,0.3599,0.3268,0.5191,0.1436,4.519,3.778,0.444,0.0647
task-stim03,198.5,199.0,0.00069,5e-05,0.0,198.75,0.7168,0.0002,0.1561,0.6813,0.0,0.0366,0.17338,0.1164,1940.99,0.4426,0.3856,0.4138,0.3718,0.6035,0.1268,3.926,3.111,0.444,0.1571
task-stim03,199.0,199.5,0.0004,7e-05,0.0,199.25,0.7175,0.0002,0.1565,0.678,0.0,0.0367,0.15906,0.1323,2229.64,0.4519,0.4136,0.447,0.412,0.5217,0.115,4.074,2.963,0.444,0.2527
task-stim03,199.5,200.0,0.00027,6e-05,0.0,199.75,0.7183,0.0002,0.1568,0.6751,0.0,0.0366,0.13478,0.1727,2364.66,0.484,0.3813,0.4407,0.4811,0.374,0.1487,4.593,3.333,0.296,0.3566
task-stim03,200.0,200.5,0.00017,1e-05,0.0,200.25,0.7184,0.0,0.1569,0.6741,0.0,0.0367,0.14158,0.1077,2022.91,0.4847,0.3499,0.3675,0.5804,0.5609,0.1685,4.0,2.519,0.593,0.4269
task-stim03,200.5,201.0,0.00018,2e-05,0.0,200.75,0.7184,0.0,0.1569,0.6727,0.0,0.0367,0.1402,0.1086,2513.51,0.4652,0.3497,0.3879,0.3763,0.395,0.1599,4.296,2.815,0.593,0.5597
task-stim03,201.0,201.5,0.00016,1e-05,0.0,201.25,0.7184,0.0,0.1569,0.6712,0.0,0.0367,0.1403,0.1589,2907.66,0.3986,0.4079,0.4497,0.4102,0.4971,0.1375,3.407,2.37,0.444,0.5198
task-stim03,201.5,202.0,0.00013,1e-05,0.0,201.75,0.7184,0.0,0.1569,0.6708,0.0,0.0367,0.1918,0.163,1248.22,0.5958,0.3842,0.4115,0.3976,0.5654,0.1333,3.926,2.889,0.519,0.5568
task-stim03,202.0,202.5,0.00017,2e-05,0.0,202.25,0.7184,0.0,0.1569,0.6711,0.0,0.0367,0.17818,0.0862,1989.98,0.4946,0.3326,0.3279,0.4348,0.5052,0.1625,3.778,2.519,0.963,0.5283
task-stim03,202.5,203.0,0.00029,0.00025,0.0,202.75,0.7181,0.0001,0.1567,0.6759,0.0,0.0374,0.16175,0.0986,2458.52,0.4209,0.359,0.3597,0.4103,0.5244,0.1509,4.519,3.037,0.148,0.5416
task-stim03,203.0,203.5,0.00026,2e-05,0.0,203.25,0.7177,0.0001,0.1565,0.6807,0.0,0.0381,0.05669,0.2336,3561.22,0.2848,0.3846,0.3863,0.299,0.5914,0.1299,3.556,2.222,0.889,0.3936
task-stim03,203.5,204.0,0.00028,2e-05,0.0,203.75,0.7174,0.0,0.1563,0.6796,0.0,0.0382,0.1854,0.076,2360.9,0.4197,0.37,0.3762,0.3285,0.6389,0.1402,3.63,2.593,0.667,0.4065
task-stim03,204.0,204.5,0.00037,0.00021,0.0,204.25,0.7175,0.0001,0.1566,0.6966,0.0,0.0382,0.14773,0.0886,2789.98,0.3929,0.3486,0.3991,0.2721,0.4224,0.1289,3.778,2.963,0.593,0.5821
task-stim03,204.5,205.0,0.00017,6e-05,0.0,204.75,0.7177,0.0,0.1572,0.7567,0.0,0.0382,0.14267,0.1269,1589.96,0.6413,0.4753,0.5103,0.3792,0.5613,0.1075,3.63,2.815,0.593,0.5132
task-stim03,205.0,205.5,0.00013,2e-05,0.0,205.25,0.7177,0.0,0.1572,0.7613,0.0,0.0382,0.16212,0.0914,3104.98,0.3334,0.3945,0.4194,0.2688,0.6035,0.099,3.778,2.667,0.815,0.4854
task-stim03,205.5,206.0,0.00017,1e-05,0.0,205.75,0.7177,0.0,0.1572,0.7602,0.0,0.0382,0.14207,0.1095,3069.99,0.3355,0.3428,0.3275,0.4589,0.5115,0.103,4.0,2.667,0.815,0.6161
task-stim03,206.0,206.5,0.00438,0.00605,0.0,206.25,0.7177,0.0,0.1569,0.7082,0.0,0.0381,0.17313,0.0744,1753.04,0.5032,0.348,0.367,0.4293,0.3708,0.122,4.296,3.037,0.37,0.6011
task-stim03,206.5,207.0,0.01321,0.00742,0.0,206.75,0.7314,0.0146,0.1465,0.3063,0.0,0.0326,0.07285,0.1464,1502.64,0.4649,0.3667,0.3998,0.4517,0.4041,0.1284,3.704,2.519,0.296,0.505
task-stim03,207.0,207.5,0.00215,0.00046,0.0,207.25,0.7546,0.0033,0.144,0.212,0.0,0.0302,0.18355,0.0726,1611.15,0.5393,0.4125,0.4354,0.3048,0.5945,0.1337,4.37,3.037,0.296,0.2905
task-stim03,207.5,208.0,0.00214,0.00016,0.0,207.75,0.7663,0.003,0.1549,0.2141,0.0,0.0303,0.1948,0.0621,2671.39,0.4117,0.3607,0.37,0.4104,0.5462,0.1208,3.556,2.519,1.037,0.17
task-stim03,208.0,208.5,0.00162,0.0003,0.0,208.25,0.7745,0.002,0.1621,0.2317,0.0,0.0302,0.19409,0.075,1988.11,0.4477,0.4362,0.4642,0.2765,0.579,0.071,3.407,2.593,0.667,0.1346
task-stim03,208.5,209.0,0.00095,0.00013,0.0,208.75,0.7804,0.0013,0.167,0.2388,0.0,0.0303,0.14627,0.0969,1812.0,0.5341,0.5998,0.6616,0.368,0.6368,0.0698,4.0,2.963,0.519,-0.1546
task-stim03,209.0,209.5,0.00062,9e-05,0.0,209.25,0.7841,0.0009,0.1699,0.2413,0.0,0.0302,0.15646,0.0905,1551.31,0.5682,0.498,0.5876,0.3398,0.5123,0.0704,3.852,2.741,0.667,-0.2044
task-stim03,209.5,210.0,0.00032,8e-05,0.0,209.75,0.7862,0.0004,0.1715,0.2428,0.0,0.0303,0.17712,0.079,2709.13,0.3812,0.3642,0.4154,0.296,0.2799,0.1577,3.481,2.222,0.519,-0.1838
task-stim03,210.0,210.5,8e-05,4e-05,0.0,210.25,0.7869,0.0001,0.1721,0.2431,0.0,0.0303,0.14273,0.1245,1138.09,0.5951,0.3938,0.3735,0.3957,0.7052,0.1483,4.0,2.963,0.815,-0.164
task-stim03,210.5,211.0,5e-05,1e-05,0.0,210.75,0.787,0.0,0.1721,0.2433,0.0,0.0302,0.15227,0.1133,2446.33,0.4639,0.4019,0.3792,0.3796,0.6654,0.1519,3.185,2.296,0.593,-0.239
task-stim03,211.0,211.5,0.00018,0.00016,0.0,211.25,0.7866,0.0004,0.1722,0.2426,0.0,0.0338,0.12056,0.1311,3443.69,0.4087,0.3623,0.3852,0.2861,0.4717,0.1466,3.481,2.667,0.519,-0.3073
task-stim03,211.5,212.0,0.00096,0.00022,0.0,211.75,0.7842,0.0007,0.1727,0.2514,0.0,0.0515,0.14336,0.0881,2277.43,0.4412,0.4706,0.4784,0.4004,0.5864,0.1111,3.259,2.519,0.37,-0.1464
task-stim03,212.0,212.5,0.00151,0.00018,0.0,212.25,0.779,0.0022,0.1729,0.2356,0.0,0.0543,0.08331,0.1442,1056.92,0.5028,0.4593,0.4646,0.3774,0.5799,0.0865,3.63,2.519,0.815,-0.0741
task-stim03,212.5,213.0,0.00112,9e-05,0.0,212.75,0.7725,0.0015,0.1727,0.2323,0.0,0.0405,0.19092,0.0696,2408.83,0.4426,0.5486,0.5435,0.4462,0.7424,0.0526,3.111,1.852,0.593,-0.0363
task-stim03,213.0,213.5,0.00087,0.00021,0.0,213.25,0.7678,0.0013,0.1727,0.2519,0.0,0.0346,0.18449,0.0775,1249.88,0.5841,0.5444,0.5602,0.4852,0.6182,0.0736,3.037,2.074,0.444,-0.0471
task-stim03,213.5,214.0,0.00032,9e-05,0.0,213.75,0.7652,0.0004,0.1727,0.2666,0.0,0.0342,0.19493,0.0602,2476.36,0.382,0.4836,0.5014,0.4982,0.5679,0.0796,3.556,2.444,0.37,-0.1145
task-stim03,214.0,214.5,8e-05,5e-05,0.0,214.25,0.7646,0.0,0.1726,0.2668,0.0,0.0338,0.17975,0.0683,1168.3,0.5376,0.5102,0.5324,0.4986,0.6738,0.0681,3.556,2.148,0.296,-0.2302
task-stim03,214.5,215.0,3e-05,1e-05,0.0,214.75,0.7646,0.0,0.1726,0.2669,0.0,0.0338,0.16367,0.1019,1553.0,0.4914,0.4567,0.4682,0.492,0.5396,0.1029,3.63,2.148,0.519,-0.2706
task-stim03,215.0,215.5,8e-05,0.00011,0.0,215.25,0.7646,0.0001,0.1726,0.2661,0.0,0.0338,0.17506,0.0906,2574.46,0.3976,0.5456,0.5625,0.4875,0.6711,0.0885,2.667,1.259,0.444,-0.2491
task-stim03,215.5,216.0,0.00044,0.00018,0.0,215.75,0.7644,0.0003,0.1727,0.2601,0.0,0.0334,0.22142,0.0648,2606.04,0.3416,0.4908,0.5214,0.4879,0.5482,0.0931,3.037,1.778,0.519,-0.387
task-stim03,216.0,216.5,0.00044,0.00036,0.0,216.25,0.7626,0.0008,0.1732,0.2486,0.0,0.0321,0.17972,0.0989,2248.32,0.4228,0.4364,0.4598,0.3867,0.5019,0.0786,3.926,2.889,0.815,-0.4668
task-stim03,216.5,217.0,0.00035,0.00021,0.0,216.75,0.7606,0.0004,0.1739,0.2508,0.0,0.0319,0.17237,0.0919,2440.38,0.4684,0.4477,0.4772,0.4279,0.5764,0.0645,3.704,2.593,0.667,-0.585
task-stim03,217.0,217.5,0.00044,0.00017,0.0,217.25,0.7603,0.0002,0.1738,0.2534,0.0,0.0306,0.19396,0.0953,2174.82,0.4125,0.4445,0.4815,0.2585,0.5634,0.0747,4.074,3.037,0.519,-0.8639
task-stim03,217.5,218.0,0.00044,0.00012,0.0,217.75,0.7605,0.0004,0.1727,0.2322,0.0,0.0235,0.22026,0.0521,2063.73,0.3889,0.4423,0.4834,0.4127,0.4279,0.0878,3.111,2.0,0.519,-1.0283
task-stim03,218.0,218.5,0.00378,0.00646,0.0,218.25,0.7572,0.0041,0.1727,0.2017,0.0,0.0208,0.12071,0.1386,1084.24,0.6061,0.3968,0.4459,0.2307,0.4014,0.0938,3.704,2.593,1.037,-0.7607
task-stim03,218.5,219.0,0.0291,0.01613,0.0,218.75,0.6767,0.0336,0.1383,0.0882,0.0,0.0137,0.16977,0.0929,1212.71,0.491,0.4303,0.4496,0.3282,0.4513,0.0806,2.963,1.704,0.667,-0.7783
task-stim03,219.0,219.5,0.00154,2e-05,0.0,219.25,0.6415,0.0001,0.1326,0.1103,0.0,0.0136,0.21655,0.0836,1610.3,0.4889,0.4146,0.4311,0.3884,0.5761,0.0713,4.296,3.111,0.815,-0.5369
task-stim03,219.5,220.0,0.00152,1e-05,0.0,219.75,0.6416,0.0,0.1327,0.1111,0.0,0.0144,0.20225,0.08,2003.85,0.4768,0.4709,0.5354,0.4594,0.4996,0.109,3.407,2.296,0.593,-0.498
task-stim03,220.0,220.5,0.002,0.00114,0.0,220.25,0.6441,0.0036,0.1326,0.1057,0.0,0.0159,0.16094,0.1613,2673.03,0.4284,0.5136,0.5917,0.5153,0.6106,0.106,2.444,1.037,0.37,-0.4785
task-stim03,220.5,221.0,0.00329,0.00079,0.0,220.75,0.6635,0.0029,0.1332,0.0935,0.0,0.0214,0.20767,0.08,2271.98,0.4472,0.556,0.6009,0.474,0.5684,0.0489,2.667,1.407,0.667,-0.373
task-stim03,221.0,221.5,0.00464,0.00078,0.0,221.25,0.6588,0.0044,0.1313,0.092,0.0,0.0237,0.13372,0.1256,3125.58,0.3787,0.4771,0.5507,0.4559,0.3964,0.0896,3.778,2.519,0.741,-0.2386
task-stim03,221.5,222.0,0.00506,0.00034,0.0,221.75,0.645,0.002,0.1312,0.0848,0.0,0.0243,0.17604,0.0688,2831.15,0.3553,0.4839,0.5193,0.3721,0.5215,0.0677,3.778,2.444,0.519,-0.0394
task-stim03,222.0,222.5,0.00428,0.0007,0.0,222.25,0.6349,0.0042,0.123,0.0695,0.0,0.0246,0.10669,0.1529,1440.24,0.6425,0.426,0.4612,0.3587,0.5844,0.1017,3.704,2.519,0.889,0.0771
task-stim03,222.5,223.0,0.00384,9e-05,0.0,222.75,0.6243,0.0025,0.1074,0.0497,0.0,0.0215,0.21025,0.0486,2432.82,0.4135,0.4363,0.436,0.3754,0.6399,0.0927,3.185,2.0,0.593,0.1076
task-stim03,223.0,223.5,0.00334,0.00062,0.0,223.25,0.6119,0.0046,0.0897,0.0382,0.0,0.021,0.15769,0.114,2477.11,0.4947,0.3853,0.4385,0.3209,0.2924,0.0925,3.556,2.37,0.741,0.1749
task-stim03,223.5,224.0,0.00225,0.0001,0.0,223.75,0.6028,0.001,0.0696,0.0234,0.0,0.0145,0.13211,0.1074,2284.32,0.4722,0.3654,0.4289,0.4318,0.4305,0.1526,3.037,1.556,0.519,0.4039
task-stim03,224.0,224.5,0.00222,0.00025,0.0,224.25,0.6094,0.0014,0.0709,0.0191,0.0,0.0085,0.06548,0.2152,2836.07,0.4207,0.354,0.4211,0.2811,0.3819,0.1327,3.259,2.0,0.815,0.6368
task-stim03,224.5,225.0,0.00117,0.00059,0.0,224.75,0.6132,0.0031,0.0738,0.0239,0.0,0.0123,0.16112,0.1046,1418.26,0.596,0.4366,0.4767,0.39,0.4896,0.0973,3.333,2.148,0.741,0.7152
task-stim03,225.0,225.5,0.00374,0.00075,0.0,225.25,0.6309,0.0046,0.0843,0.0284,0.0,0.0218,0.15854,0.0833,2336.29,0.4636,0.4458,0.5207,0.514,0.4117,0.1014,3.778,2.37,0.593,0.793
task-stim03,225.5,226.0,0.00184,0.00133,0.0,225.75,0.6337,0.0006,0.0845,0.0351,0.0,0.0254,0.1618,0.0826,2448.25,0.4427,0.3807,0.4232,0.3111,0.4383,0.0847,4.222,3.111,1.037,0.8294
task-stim03,226.0,226.5,0.00265,0.00206,0.0,226.25,0.6403,0.0035,0.0871,0.0366,0.333,0.0264,0.15198,0.1128,2191.08,0.4566,0.3607,0.3615,0.331,0.6758,0.1163,3.333,2.296,0.741,0.7898
task-stim03,226.5,227.0,0.00981,0.00236,0.0,226.75,0.6434,0.002,0.0859,0.0348,0.0,0.0337,0.08786,0.1539,3551.29,0.2554,0.3678,0.4073,0.4825,0.4301,0.1148,3.556,2.37,0.444,0.7532
task-stim03,227.0,227.5,0.02641,0.00704,0.0,227.25,0.6479,0.0027,0.0885,0.0698,0.0,0.0487,0.1532,0.117,2342.85,0.389,0.3606,0.3746,0.2903,0.5181,0.1085,4.0,2.889,0.593,0.7147
task-stim03,227.5,228.0,0.03765,0.00339,0.0,227.75,0.6467,0.0008,0.0934,0.2072,0.0,0.0703,0.19173,0.0844,982.84,0.5379,0.3771,0.4075,0.246,0.4769,0.1022,4.889,3.704,0.667,0.6563
task-stim03,228.0,228.5,0.02329,0.00177,0.0,228.25,0.6462,0.0004,0.097,0.3894,0.0,0.0875,0.16777,0.0815,2733.79,0.3802,0.4813,0.5352,0.3304,0.6095,0.0877,4.519,3.407,0.296,0.4907
task-stim03,228.5,229.0,0.02254,0.00013,0.0,228.75,0.6453,0.0009,0.098,0.4097,0.0,0.0887,0.15619,0.1231,2374.04,0.4422,0.3648,0.3893,0.3324,0.4315,0.0942,4.296,3.481,0.815,0.4973
task-stim03,229.0,229.5,0.02184,0.00038,0.0,229.25,0.645,0.0004,0.0987,0.4185,0.0,0.0952,0.22183,0.0606,1134.67,0.4772,0.3689,0.4107,0.3298,0.4651,0.1105,4.0,3.407,0.889,0.6054
task-stim03,229.5,230.0,0.02,0.00067,0.0,229.75,0.6437,0.001,0.0968,0.3928,0.0,0.1038,0.16623,0.1042,1453.9,0.5627,0.3073,0.3361,0.3001,0.5312,0.1386,3.778,2.889,0.963,0.7216
task-stim03,230.0,230.5,0.01794,0.00054,0.0,230.25,0.6383,0.0015,0.0949,0.3878,0.0,0.1065,0.20055,0.0706,1491.82,0.5138,0.3096,0.3364,0.3985,0.42,0.1529,3.926,2.889,0.667,0.8687
task-stim03,230.5,231.0,0.01547,0.00103,0.0,230.75,0.6353,0.0005,0.0935,0.3521,0.0,0.106,0.16591,0.0891,1896.64,0.4278,0.2984,0.3233,0.3058,0.5293,0.1601,3.852,3.037,0.741,0.8813
task-stim03,231.0,231.5,0.0113,0.00092,0.0,231.25,0.6322,0.0017,0.0893,0.1766,0.0,0.1042,0.15277,0.0919,2149.52,0.3548,0.3319,0.3478,0.3093,0.5514,0.1443,4.074,3.333,0.593,0.9432
task-stim03,231.5,232.0,0.00877,0.00068,0.0,231.75,0.626,0.0014,0.0856,0.1528,0.0,0.1062,0.17097,0.0803,2455.63,0.3632,0.3678,0.3764,0.3793,0.5395,0.1272,3.852,2.815,0.741,1.0449
task-stim03,232.0,232.5,0.00647,0.00071,0.0,232.25,0.622,0.0013,0.0824,0.1373,0.0,0.1,0.05323,0.2256,4142.94,0.1595,0.3922,0.3867,0.3867,0.5977,0.1028,3.63,2.519,0.593,1.051
task-stim03,232.5,233.0,0.00439,0.00053,0.0,232.75,0.6174,0.0014,0.0791,0.1235,0.0,0.0902,0.18482,0.0769,2198.06,0.4771,0.3995,0.4482,0.328,0.5485,0.0933,3.63,2.519,0.667,0.8297
task-stim03,233.0,233.5,0.00257,0.0004,0.0,233.25,0.6136,0.0008,0.0753,0.11,0.0,0.0789,0.18348,0.0757,1791.63,0.4712,0.3593,0.4049,0.3795,0.3685,0.072,3.333,2.444,0.963,0.8617
task-stim03,233.5,234.0,0.00173,0.00016,0.0,233.75,0.6117,0.0003,0.0728,0.0995,0.0,0.0685,0.14183,0.1133,1564.93,0.5467,0.3774,0.3965,0.285,0.4355,0.0928,3.778,2.815,0.741,0.7382
task-stim03,234.0,234.5,0.00161,0.00072,0.0,234.25,0.611,0.0007,0.0722,0.0967,0.0,0.0657,0.17992,0.0755,1435.47,0.5394,0.4178,0.4623,0.2934,0.5271,0.1005,3.481,2.37,0.667,0.8897
task-stim03,234.5,235.0,0.03323,0.00593,0.0,234.75,0.5627,0.0174,0.0744,0.0706,0.0,0.0568,0.06097,0.3385,3553.09,0.2692,0.417,0.4559,0.2514,0.5966,0.0927,3.259,2.074,0.667,1.0024
task-stim03,235.0,235.5,0.00603,0.0119,0.0,235.25,0.5392,0.0002,0.0795,0.4509,0.0,0.0858,0.16758,0.1729,1681.96,0.5322,0.4092,0.4192,0.4129,0.6254,0.0765,3.852,2.593,0.593,1.0714
task-stim03,235.5,236.0,0.00172,0.00237,0.0,235.75,0.5393,0.0004,0.0799,0.485,0.0,0.0862,0.18643,0.301,1398.53,0.5954,0.3983,0.4102,0.4816,0.4803,0.1032,3.63,2.593,0.593,1.011
task-stim03,236.0,236.5,0.01505,0.0037,0.0,236.25,0.5442,0.0025,0.0795,0.4166,0.0,0.0791,0.18936,0.0849,2184.89,0.4643,0.4157,0.4621,0.2586,0.518,0.0936,3.407,2.296,0.667,1.1858
task-stim03,236.5,237.0,0.02265,0.0013,0.0,236.75,0.5593,0.0057,0.0753,0.2894,0.0,0.0678,0.1766,0.0834,2702.4,0.3168,0.3908,0.4324,0.3791,0.4548,0.1079,4.074,3.037,0.593,0.9856
task-stim03,237.0,237.5,0.02427,0.00053,0.0,237.25,0.5743,0.0027,0.0681,0.1923,0.0,0.0608,0.19628,0.0581,1583.28,0.4955,0.3237,0.3798,0.341,0.4742,0.1241,4.222,3.407,0.667,1.0068
task-stim03,237.5,238.0,0.02169,0.00049,0.0,237.75,0.5834,0.0032,0.062,0.1339,0.0,0.0637,0.16423,0.1009,1900.58,0.4908,0.4183,0.4345,0.4282,0.5565,0.0739,4.0,3.037,0.444,1.0424
task-stim03,238.0,238.5,0.01588,0.0024,0.0,238.25,0.5896,0.0002,0.0528,0.094,0.0,0.0409,0.19635,0.079,1976.18,0.4844,0.4208,0.4413,0.4214,0.4993,0.0961,3.63,2.667,0.519,0.6942
task-stim03,238.5,239.0,0.01133,0.00106,0.0,238.75,0.5892,0.0005,0.0517,0.0707,0.0,0.0476,0.15256,0.1077,1855.33,0.4833,0.462,0.5093,0.3242,0.5297,0.0906,3.778,2.741,0.519,0.6348
task-stim03,239.0,239.5,0.00741,0.00092,0.0,239.25,0.5871,0.0006,0.0492,0.0545,0.0,0.0381,0.12568,0.1244,1407.07,0.589,0.4897,0.525,0.4442,0.4559,0.0761,2.963,1.778,0.741,0.5649
task-stim03,239.5,240.0,0.00419,0.00077,0.0,239.75,0.5867,0.0004,0.0458,0.0372,0.0,0.0217,0.15671,0.1016,2371.18,0.4201,0.4123,0.4436,0.3374,0.5264,0.1198,3.333,2.148,0.667,0.791
task-stim03,240.0,240.5,0.00213,0.00049,0.0,240.25,0.5857,0.0007,0.0404,0.0265,0.0,0.0113,0.10577,0.1825,2224.39,0.5613,0.3532,0.3892,0.3639,0.3826,0.0802,4.148,3.185,0.963,0.9803
task-stim03,240.5,241.0,0.00084,0.00033,0.0,240.75,0.5851,0.0002,0.0424,0.0431,0.0,0.0145,0.09875,0.2545,881.95,0.2291,0.4199,0.4244,0.3687,0.5748,0.0793,4.963,3.926,0.667,1.1252
task-stim03,241.0,241.5,0.00048,0.00031,0.0,241.25,0.5849,0.0001,0.0433,0.0454,0.0,0.0147,0.19773,0.0948,2062.51,0.4452,0.5358,0.5627,0.3613,0.7283,0.0817,4.444,3.259,0.667,1.012
task-stim03,241.5,242.0,0.00026,4e-05,0.0,241.75,0.5849,0.0,0.0437,0.0472,0.0,0.0149,0.14491,0.1185,2425.15,0.5042,0.4437,0.4577,0.4179,0.4846,0.0805,3.778,2.593,0.815,0.8921
task-stim03,242.0,242.5,0.00017,2e-05,0.0,242.25,0.5849,0.0,0.0438,0.0476,0.0,0.0142,0.18209,0.1032,1207.85,0.5316,0.4346,0.4384,0.4976,0.518,0.0646,4.074,2.963,0.519,0.8208
task-stim03,242.5,243.0,0.00011,2e-05,0.0,242.75,0.5849,0.0,0.0438,0.0477,0.0,0.0138,0.12693,0.1774,3558.82,0.2518,0.4611,0.5075,0.4149,0.5273,0.0977,4.0,2.741,0.593,0.7963
task-stim03,243.0,243.5,7e-05,1e-05,0.0,243.25,0.5849,0.0,0.0438,0.0478,0.0,0.0135,0.09576,0.2304,2967.22,0.3903,0.5676,0.5753,0.4673,0.7506,0.0755,2.667,1.333,0.37,0.7942
task-stim03,243.5,244.0,4e-05,1e-05,0.0,243.75,0.5849,0.0,0.0438,0.0477,0.0,0.0134,0.09288,0.5315,1558.53,0.6158,0.5579,0.5724,0.4784,0.7469,0.0696,2.667,1.259,0.37,0.7864
task-stim03,244.0,244.5,0.00072,0.00074,0.0,244.25,0.5856,0.0012,0.0447,0.0465,0.0,0.0135,0.14968,0.1035,2327.0,0.4179,0.5048,0.5037,0.4699,0.6909,0.0708,3.259,1.704,0.593,0.7333
task-stim03,244.5,245.0,0.00288,0.00134,0.0,244.75,0.6048,0.0069,0.0656,0.0375,0.0,0.0139,0.17344,0.0823,2186.87,0.4614,0.5329,0.5452,0.4999,0.6751,0.081,3.852,2.296,0.296,0.7429
task-stim03,245.0,245.5,0.00161,0.00044,0.0,245.25,0.6068,0.0034,0.0672,0.0319,0.0,0.013,0.16325,0.0901,2878.44,0.3547,0.4368,0.4775,0.426,0.398,0.0935,4.074,2.741,0.741,0.6678
task-stim03,245.5,246.0,0.00168,0.00056,0.0,245.75,0.5922,0.0039,0.0526,0.034,0.0,0.0121,0.15861,0.095,2584.2,0.4115,0.353,0.3793,0.5433,0.3566,0.1264,4.0,2.815,0.741,0.45
task-stim03,246.0,246.5,0.00065,0.00058,0.0,246.25,0.5839,0.0007,0.0453,0.0426,0.0,0.0121,0.17316,0.1015,2336.37,0.4546,0.3437,0.359,0.4606,0.3994,0.1527,3.63,2.593,0.963,0.5596
task-stim03,246.5,247.0,0.00205,0.00058,0.0,246.75,0.5846,0.001,0.0505,0.0487,0.0,0.012,0.05083,0.3945,3701.62,0.3157,0.4925,0.4638,0.5291,0.6873,0.0846,2.963,1.778,0.593,0.6509
task-stim03,247.0,247.5,0.00232,0.00087,0.0,247.25,0.5876,0.0005,0.057,0.0618,0.0,0.0106,0.14989,0.2011,1500.36,0.6253,0.4934,0.4797,0.5336,0.6379,0.0869,3.704,2.296,0.593,0.6065
task-stim03,247.5,248.0,0.00244,0.00116,0.0,247.75,0.5874,0.0007,0.0587,0.0628,0.0,0.0098,0.13199,0.2062,3561.43,0.3113,0.4398,0.4594,0.529,0.4446,0.0989,3.481,2.074,0.519,0.6745
task-stim03,248.0,248.5,0.00533,0.00062,0.0,248.25,0.5933,0.0022,0.0711,0.0872,0.0,0.0205,0.09927,0.3172,1218.52,0.4395,0.461,0.5156,0.6159,0.3452,0.0951,3.259,1.926,0.444,0.767
task-stim03,248.5,249.0,0.00265,0.00142,0.0,248.75,0.5951,0.0003,0.0745,0.1105,0.0,0.027,0.19077,0.0587,2461.62,0.4191,0.3382,0.3828,0.5044,0.435,0.1431,3.704,2.519,0.741,0.8726
task-stim03,249.0,249.5,0.00906,0.00204,0.0,249.25,0.6018,0.005,0.0884,0.1344,0.0,0.0357,0.17043,0.0809,2592.29,0.3961,0.4084,0.3755,0.7142,0.631,0.1185,2.889,1.481,0.519,0.8167
task-stim03,249.5,250.0,0.00571,0.00367,0.0,249.75,0.6101,0.0006,0.0971,0.1938,0.0,0.0425,0.15629,0.1404,1455.26,0.5977,0.3871,0.385,0.535,0.4701,0.1032,3.556,2.222,0.741,0.6766
task-stim03,250.0,250.5,0.00592,0.002,0.0,250.25,0.6111,0.0014,0.1014,0.214,0.0,0.0469,0.14578,0.2431,2863.67,0.4003,0.3949,0.4189,0.4515,0.4572,0.1051,2.963,1.926,0.593,0.6745
task-stim03,250.5,251.0,0.008,0.00195,0.0,250.75,0.6195,0.0016,0.1094,0.2551,0.0,0.0614,0.13635,0.1715,3258.88,0.3328,0.3894,0.3785,0.4765,0.4854,0.107,2.963,2.0,0.37,0.7386
task-stim03,251.0,251.5,0.00392,0.00291,0.0,251.25,0.6201,0.0002,0.1087,0.2743,0.0,0.062,0.18505,0.0775,1859.03,0.4076,0.3526,0.347,0.3887,0.463,0.1163,3.111,2.222,0.741,0.7022
task-stim03,251.5,252.0,0.01446,0.00254,0.0,251.75,0.6224,0.0008,0.1069,0.1939,0.0,0.056,0.12455,0.1343,2448.09,0.416,0.42,0.4024,0.5636,0.5248,0.1009,3.259,2.296,0.593,0.687
task-stim03,252.0,252.5,0.01541,0.00186,0.0,252.25,0.6167,0.0027,0.0958,0.1072,0.0,0.0331,0.1613,0.1,2528.52,0.4107,0.4466,0.4549,0.5244,0.4842,0.0907,2.963,1.852,0.815,0.6704
task-stim03,252.5,253.0,0.0049,0.00309,0.0,252.75,0.5983,0.0056,0.0704,0.059,0.0,0.0153,0.07272,0.1684,1279.01,0.2497,0.4705,0.4758,0.6038,0.5828,0.0753,2.593,1.481,0.519,0.7071
task-stim03,253.0,253.5,0.00037,0.0003,0.0,253.25,0.5928,0.0001,0.0692,0.0557,0.0,0.014,0.17214,0.08,2797.03,0.4518,0.44,0.4232,0.5814,0.6272,0.0723,3.63,2.519,0.593,0.722
task-stim03,253.5,254.0,0.00136,0.00056,0.0,253.75,0.5938,0.0004,0.0698,0.0798,0.0,0.0201,0.18538,0.0686,1846.36,0.5302,0.4234,0.4131,0.5445,0.5926,0.0973,3.333,2.074,0.444,0.6291
task-stim03,254.0,254.5,0.00332,0.00058,0.0,254.25,0.5953,0.0004,0.0702,0.1147,0.0,0.0287,0.13256,0.1739,1423.83,0.5481,0.3865,0.3954,0.5202,0.4526,0.0887,3.481,2.148,0.667,0.5357
task-stim03,254.5,255.0,0.00494,0.00037,0.0,254.75,0.5966,0.0003,0.0704,0.1462,0.0,0.0349,0.16349,0.0752,2347.47,0.4456,0.4308,0.4339,0.5337,0.5483,0.0905,3.407,2.074,0.444,0.4944
task-stim03,255.0,255.5,0.00608,0.00035,0.0,255.25,0.5974,0.0003,0.0706,0.1672,0.0,0.0395,0.16749,0.0874,1737.45,0.5481,0.4179,0.4379,0.6093,0.4619,0.093,3.481,2.37,0.444,0.702
task-stim03,255.5,256.0,0.00717,0.00028,0.0,255.75,0.5982,0.0002,0.0707,0.184,0.0,0.0425,0.15735,0.084,2935.09,0.3808,0.4158,0.4239,0.5874,0.4409,0.0864,3.556,2.519,0.593,0.7051
task-stim03,256.0,256.5,0.00811,0.00025,0.0,256.25,0.5988,0.0002,0.0707,0.1996,0.0,0.0468,0.13148,0.1104,1801.64,0.5274,0.3955,0.4282,0.5142,0.4587,0.0848,3.185,2.074,0.444,0.8948
task-stim03,256.5,257.0,0.00886,0.00022,0.0,256.75,0.5989,0.0004,0.0703,0.2087,0.0,0.0486,0.10538,0.1455,3140.95,0.3614,0.3685,0.3976,0.4814,0.402,0.0897,3.333,2.222,0.593,0.9521
task-stim03,257.0,257.5,0.00927,0.00029,0.0,257.25,0.5955,0.0015,0.0686,0.2131,0.0,0.048,0.0386,0.3149,1409.09,0.5621,0.4006,0.3985,0.5063,0.541,0.0879,3.407,2.222,0.519,0.9262
task-stim03,257.5,258.0,0.00935,0.00032,0.0,257.75,0.5902,0.0017,0.0664,0.2128,0.0,0.0485,0.14497,0.1628,1495.88,0.5921,0.3891,0.3877,0.4448,0.5769,0.0877,3.185,1.926,0.444,0.8494
task-stim03,258.0,258.5,0.01049,0.00125,0.0,258.25,0.5854,0.0009,0.0692,0.2216,0.0,0.0479,0.12478,0.1626,2208.9,0.546,0.3899,0.3989,0.417,0.4963,0.0888,3.704,2.593,0.444,0.868
task-stim03,258.5,259.0,0.01039,0.00061,0.0,258.75,0.5857,0.0017,0.0859,0.3976,0.0,0.0457,0.13619,0.1022,2751.77,0.4062,0.4228,0.4532,0.3764,0.6203,0.1125,4.889,3.704,0.37,0.7807
task-stim03,259.0,259.5,0.01007,0.00038,0.0,259.25,0.58,0.0017,0.0922,0.3928,0.0,0.0453,0.17994,0.0699,1203.46,0.561,0.5334,0.6526,0.4101,0.5329,0.1073,4.593,3.333,0.444,0.6531
task-stim03,259.5,260.0,0.00931,0.00039,0.0,259.75,0.5754,0.0008,0.097,0.3896,0.0,0.0472,0.18514,0.0789,1632.18,0.5708,0.4308,0.4677,0.3334,0.5385,0.1218,4.296,3.111,0.667,1.012
task-stim03,260.0,260.5,0.00861,0.00012,0.0,260.25,0.5744,0.0002,0.0982,0.3914,0.0,0.0494,0.1426,0.2059,1391.5,0.5718,0.3979,0.4085,0.4065,0.4138,0.1058,4.222,3.037,0.519,1.178
task-stim03,260.5,261.0,0.00905,0.0011,0.0,260.75,0.5764,0.0019,0.1024,0.4497,0.0,0.0496,0.15041,0.1182,2855.92,0.3855,0.3847,0.3906,0.4232,0.5297,0.1209,4.519,3.852,0.296,1.1863
task-stim03,261.0,261.5,0.00828,0.00036,0.0,261.25,0.579,0.0002,0.1073,0.5218,0.0,0.0495,0.11149,0.1371,1280.34,0.6977,0.503,0.5136,0.4453,0.6112,0.1251,4.667,4.0,0.37,1.0616
task-stim03,261.5,262.0,0.00989,0.00099,0.0,261.75,0.5779,0.0036,0.1006,0.3712,0.0,0.0512,0.14308,0.1154,1467.89,0.6261,0.4692,0.4872,0.4353,0.5885,0.0744,3.852,2.815,0.296,1.1226
task-stim03,262.0,262.5,0.01065,0.00351,0.0,262.25,0.6353,0.018,0.119,0.2934,0.0,0.0506,0.16126,0.0929,2672.88,0.366,0.399,0.427,0.4848,0.4187,0.0911,3.481,2.296,0.444,1.1991
task-stim03,262.5,263.0,0.00907,0.00119,0.0,262.75,0.645,0.0054,0.1063,0.2766,0.0,0.0477,0.17707,0.1576,1138.71,0.5322,0.3838,0.4242,0.5449,0.4339,0.1065,3.704,2.519,0.593,0.8374
task-stim03,263.0,263.5,0.01061,0.00106,0.0,263.25,0.6147,0.0084,0.0773,0.1824,0.0,0.0489,0.15887,0.1446,1542.51,0.6572,0.4282,0.3943,0.544,0.5889,0.1015,3.407,2.444,0.444,0.7193
task-stim03,263.5,264.0,0.00959,0.00034,0.0,263.75,0.6042,0.0006,0.071,0.2044,0.0,0.052,0.12152,0.1524,2473.55,0.4629,0.415,0.4279,0.6833,0.5378,0.0921,3.556,2.444,0.37,0.8458
task-stim03,264.0,264.5,0.00986,0.00033,0.0,264.25,0.6063,0.0008,0.0754,0.216,0.0,0.0535,0.18478,0.09,2384.36,0.3953,0.3821,0.3852,0.5606,0.4314,0.0928,3.926,2.667,0.667,1.0289
task-stim03,264.5,265.0,0.01041,0.00021,0.0,264.75,0.6069,0.001,0.0759,0.217,0.0,0.0534,0.11292,0.1015,2562.41,0.3268,0.4542,0.4594,0.4624,0.5101,0.0979,3.407,2.37,0.444,0.8189
task-stim03,265.0,265.5,0.0092,0.00026,0.0,265.25,0.6011,0.0017,0.0706,0.2096,0.0,0.0493,0.17827,0.0985,1507.65,0.6545,0.3884,0.386,0.4712,0.5959,0.1097,3.407,2.444,0.741,0.7538
task-stim03,265.5,266.0,0.0087,0.00012,0.0,265.75,0.5989,0.0001,0.0699,0.2107,0.0,0.0477,0.04872,0.263,1491.56,0.6975,0.4242,0.3927,0.5909,0.5722,0.0831,3.259,2.074,0.519,0.6248
task-stim03,266.0,266.5,0.00873,0.00011,0.0,266.25,0.599,0.0001,0.0699,0.2101,0.0,0.0482,0.12754,0.2136,2947.24,0.4225,0.4213,0.3768,0.6462,0.5461,0.0894,3.481,2.222,0.519,0.6468
task-stim03,266.5,267.0,0.00872,0.0001,0.0,266.75,0.599,0.0002,0.07,0.211,0.0,0.0493,0.17676,0.0919,2673.91,0.4782,0.3699,0.3527,0.6321,0.4656,0.0995,3.63,2.667,0.815,0.6721
task-stim03,267.0,267.5,0.00872,0.0001,0.0,267.25,0.599,0.0001,0.07,0.21,0.0,0.0499,0.16313,0.1293,1865.38,0.5259,0.3705,0.3611,0.595,0.4378,0.1012,3.63,2.889,0.519,0.4418
task-stim03,267.5,268.0,0.00872,0.00012,0.0,267.75,0.599,0.0001,0.07,0.2105,0.0,0.0502,0.16135,0.1701,2326.11,0.4901,0.3621,0.3336,0.514,0.4735,0.1152,3.111,2.296,0.667,0.2606
task-stim03,268.0,268.5,0.00864,0.00012,0.0,268.25,0.5989,0.0002,0.07,0.2097,0.0,0.0492,0.16887,0.1092,1630.25,0.6039,0.3395,0.3521,0.4553,0.383,0.1057,3.481,2.444,0.741,0.4114
task-stim03,268.5,269.0,0.00862,0.00011,0.0,268.75,0.599,0.0001,0.07,0.2091,0.0,0.0481,0.14483,0.1501,2897.45,0.4451,0.4006,0.3998,0.4851,0.5099,0.1167,3.63,2.444,0.667,0.4074
task-stim03,269.0,269.5,0.00867,0.00011,0.0,269.25,0.5991,0.0002,0.07,0.2101,0.0,0.0482,0.18595,0.199,1267.18,0.6156,0.3807,0.3664,0.5714,0.5605,0.1184,3.704,2.741,0.444,0.6102
task-stim03,269.5,270.0,0.00869,9e-05,0.0,269.75,0.5991,0.0001,0.07,0.2097,0.0,0.0491,0.16079,0.1232,2124.36,0.5339,0.3377,0.3527,0.5682,0.3443,0.1144,3.333,2.37,0.667,0.7562
task-stim03,270.0,270.5,0.00882,0.00017,0.0,270.25,0.5989,0.0002,0.0701,0.2119,0.0,0.0499,0.13964,0.1194,1778.54,0.532,0.3612,0.3756,0.5549,0.3729,0.0983,3.704,2.444,0.889,0.7426
task-stim03,270.5,271.0,0.00882,9e-05,0.0,270.75,0.5991,0.0002,0.0701,0.2132,0.0,0.0499,0.18204,0.1066,2649.57,0.4237,0.4065,0.4136,0.4648,0.469,0.0948,3.185,1.852,0.667,0.8875
task-stim03,271.0,271.5,0.00881,0.00014,0.0,271.25,0.5991,0.0001,0.0701,0.2133,0.0,0.0493,0.14652,0.1381,1270.9,0.6214,0.364,0.3816,0.3897,0.4112,0.1039,4.0,2.667,0.519,0.938
task-stim03,271.5,272.0,0.00866,0.00011,0.0,271.75,0.5991,0.0002,0.0701,0.2122,0.0,0.0493,0.1316,0.1263,3044.33,0.3936,0.3651,0.343,0.3885,0.6287,0.1063,3.481,2.444,0.667,1.0355
task-stim03,272.0,272.5,0.00868,0.0001,0.0,272.25,0.599,0.0001,0.0701,0.2117,0.0,0.0492,0.08532,0.1631,1170.88,0.4733,0.3351,0.3206,0.3764,0.4976,0.111,3.333,2.667,0.815,0.8849
task-stim03,272.5,273.0,0.00872,0.00012,0.0,272.75,0.5991,0.0001,0.0701,0.2112,0.0,0.0505,0.11808,0.1598,914.22,0.6138,0.3464,0.3605,0.4376,0.4736,0.1152,3.259,2.37,0.667,0.8739
task-stim03,273.0,273.5,0.00885,0.00011,0.0,273.25,0.5991,0.0002,0.0701,0.2133,0.0,0.0507,0.16811,0.1041,2697.01,0.4305,0.3296,0.3311,0.4425,0.3543,0.1075,3.333,2.593,0.889,0.9271
task-stim03,273.5,274.0,0.00884,0.00011,0.0,273.75,0.5992,0.0002,0.0701,0.2134,0.0,0.0501,0.11352,0.133,2159.12,0.5136,0.3523,0.3659,0.4529,0.5248,0.1161,2.963,2.222,0.519,0.9443
task-stim03,274.0,274.5,0.00877,0.00011,0.0,274.25,0.5992,0.0002,0.0701,0.2129,0.0,0.0501,0.14775,0.1131,3173.82,0.3759,0.356,0.3356,0.55,0.4573,0.1071,3.333,2.296,0.667,1.0064
task-stim03,274.5,275.0,0.00872,9e-05,0.0,274.75,0.5992,0.0001,0.07,0.2101,0.0,0.0511,0.05834,0.2111,1727.75,0.598,0.3141,0.3381,0.4697,0.1815,0.1116,3.259,2.593,0.963,1.1155
task-stim03,275.0,275.5,0.03363,0.01409,0.0,275.25,0.6866,0.0598,0.1352,0.2521,0.0,0.0504,0.15864,0.1432,1815.58,0.6039,0.3412,0.3684,0.4615,0.5158,0.1425,3.333,2.741,0.444,1.0985
task-stim03,275.5,276.0,0.00961,0.0073,0.0,275.75,0.7735,0.0044,0.1561,0.2749,0.0,0.0389,0.17055,0.1234,1391.87,0.6153,0.4088,0.4159,0.4709,0.52,0.1115,4.519,3.259,0.444,0.5923
task-stim03,276.0,276.5,0.00245,6e-05,0.0,276.25,0.7767,0.0001,0.1557,0.2852,0.0,0.0368,0.1412,0.1585,3333.26,0.3501,0.5239,0.553,0.5095,0.5182,0.0765,4.815,3.63,0.593,-0.1963
task-stim03,276.5,277.0,0.00233,4e-05,0.0,276.75,0.7768,0.0001,0.1557,0.2835,0.0,0.0366,0.16665,0.1079,1527.96,0.6016,0.3869,0.3873,0.4321,0.5001,0.1386,4.148,3.037,0.593,0.1149
task-stim03,277.0,277.5,0.00234,4e-05,0.0,277.25,0.7768,0.0001,0.1556,0.284,0.0,0.0369,0.10792,0.1471,3550.51,0.2774,0.3166,0.3051,0.4377,0.516,0.1652,4.074,3.037,0.519,0.4999
task-stim03,277.5,278.0,0.00248,5e-05,0.0,277.75,0.7769,0.0001,0.1555,0.2881,0.0,0.0376,0.15421,0.1224,1474.09,0.5445,0.3274,0.3536,0.4191,0.306,0.1372,4.296,3.259,0.593,0.4177
task-stim03,278.0,278.5,0.00248,3e-05,0.0,278.25,0.7769,0.0001,0.1555,0.2876,0.0,0.0375,0.18488,0.0775,1996.83,0.4678,0.3365,0.3348,0.4157,0.4222,0.1379,4.074,3.111,0.741,0.5141
task-stim03,278.5,279.0,0.00255,3e-05,0.0,278.75,0.777,0.0001,0.1555,0.2893,0.0,0.0387,0.17338,0.0804,1621.67,0.5286,0.4059,0.4286,0.4675,0.4475,0.1074,4.519,3.556,0.519,0.5211
task-stim03,279.0,279.5,0.00253,5e-05,0.0,279.25,0.7769,0.0001,0.1555,0.2892,0.0,0.0374,0.2021,0.0607,2348.08,0.4401,0.2616,0.2633,0.3762,0.5002,0.1706,3.63,2.667,0.889,0.4199
task-stim03,279.5,280.0,0.00241,5e-05,0.0,279.75,0.7768,0.0001,0.1556,0.2861,0.0,0.0357,0.17609,0.0742,1909.91,0.4863,0.2821,0.3066,0.4327,0.3461,0.1577,3.852,3.037,0.741,0.5725
task-stim03,280.0,280.5,0.00227,5e-05,0.0,280.25,0.7767,0.0001,0.1557,0.2843,0.0,0.0361,0.18358,0.0594,3258.06,0.3087,0.3267,0.3318,0.4126,0.4768,0.152,3.852,2.741,0.667,0.4903
task-stim03,280.5,281.0,0.00237,4e-05,0.0,280.75,0.7768,0.0001,0.1556,0.2869,0.0,0.0372,0.16617,0.1003,3001.18,0.3037,0.3163,0.3124,0.5333,0.4334,0.1554,3.926,2.815,0.667,0.5861
task-stim03,281.0,281.5,0.00242,5e-05,0.0,281.25,0.7768,0.0001,0.1556,0.2873,0.0,0.0374,0.1528,0.103,2987.59,0.3596,0.286,0.2965,0.5156,0.3593,0.1686,3.556,2.815,0.815,0.5058
task-stim03,281.5,282.0,0.01846,0.01189,0.0,281.75,0.7973,0.0205,0.1416,0.2265,0.0,0.0362,0.10008,0.2546,1361.44,0.6739,0.2905,0.3199,0.4049,0.6057,0.1729,3.481,2.667,0.519,0.4954
task-stim03,282.0,282.5,0.01243,0.00867,0.0,282.25,0.8266,0.0007,0.1118,0.2117,0.0,0.0501,0.04591,0.2681,2080.29,0.4811,0.4867,0.4845,0.4737,0.6513,0.0926,4.0,2.889,0.37,0.5967
task-stim03,282.5,283.0,0.00108,4e-05,0.0,282.75,0.8266,0.0001,0.1118,0.2139,0.0,0.0584,0.19605,0.0833,1253.52,0.6028,0.3086,0.3148,0.3741,0.4338,0.1549,4.667,3.704,0.444,0.2412
task-stim03,283.0,283.5,0.00113,5e-05,0.0,283.25,0.8266,0.0,0.1118,0.2156,0.0,0.0588,0.15862,0.1395,1852.2,0.497,0.3105,0.3213,0.4407,0.4776,0.1396,3.852,2.963,0.519,-0.2308
task-stim03,283.5,284.0,0.00113,5e-05,0.0,283.75,0.8266,0.0001,0.1118,0.2189,0.0,0.0588,0.17752,0.0925,1731.04,0.5086,0.3175,0.3299,0.4437,0.5012,0.1468,4.074,3.259,0.444,-0.3646
task-stim03,284.0,284.5,0.00105,3e-05,0.0,284.25,0.8265,0.0,0.112,0.2177,0.0,0.0581,0.18408,0.0846,1957.72,0.5261,0.316,0.3534,0.379,0.4405,0.1561,3.926,3.037,0.519,-0.5937
task-stim03,284.5,285.0,0.001,3e-05,0.0,284.75,0.8265,0.0,0.1121,0.2181,0.0,0.0583,0.18144,0.0895,2816.42,0.3507,0.3063,0.3231,0.4067,0.4141,0.1529,3.778,2.741,0.815,-0.6435
task-stim03,285.0,285.5,0.00105,5e-05,0.0,285.25,0.8265,0.0001,0.112,0.2188,0.0,0.0587,0.13272,0.1155,1838.86,0.5309,0.3298,0.3192,0.5338,0.4192,0.1632,4.37,3.333,0.519,-0.5824
task-stim03,285.5,286.0,0.00115,4e-05,0.0,285.75,0.8266,0.0001,0.1118,0.2208,0.0,0.0587,0.16309,0.1005,2557.71,0.4954,0.3131,0.3584,0.3262,0.5302,0.1538,4.0,2.889,0.37,-0.5816
task-stim03,286.0,286.5,0.00102,4e-05,0.0,286.25,0.8265,0.0,0.112,0.2183,0.0,0.0581,0.08434,0.1276,3507.57,0.2854,0.3306,0.3505,0.5383,0.4846,0.1272,3.926,2.889,0.741,-0.5004
task-stim03,286.5,287.0,0.00107,4e-05,0.0,286.75,0.8265,0.0,0.1119,0.2192,0.0,0.0586,0.18646,0.0925,1327.01,0.6172,0.3679,0.3474,0.4775,0.5461,0.1183,3.852,2.889,0.667,-0.478
task-stim03,287.0,287.5,0.0011,2e-05,0.0,287.25,0.8265,0.0,0.1119,0.2199,0.0,0.0588,0.15221,0.1044,2943.78,0.3855,0.3184,0.3062,0.4356,0.4247,0.1421,4.222,3.259,0.593,-0.4563
task-stim03,287.5,288.0,0.00112,4e-05,0.0,287.75,0.8266,0.0,0.1118,0.2207,0.0,0.059,0.16412,0.1596,2061.31,0.5093,0.3223,0.3329,0.3395,0.3747,0.1501,4.148,3.037,0.37,-0.5981
task-stim03,288.0,288.5,0.00103,4e-05,0.0,288.25,0.8265,0.0001,0.112,0.2185,0.0,0.0583,0.2019,0.0676,2779.85,0.373,0.304,0.3127,0.3921,0.4801,0.1566,3.926,2.667,0.444,-0.4298
task-stim03,288.5,289.0,0.00111,0.00016,0.0,288.75,0.8265,0.0001,0.1119,0.2186,0.0,0.0587,0.15404,0.1303,2670.47,0.4253,0.3031,0.2907,0.4339,0.4347,0.1561,3.852,2.741,0.593,-0.2849
task-stim03,289.0,289.5,0.00109,2e-05,0.0,289.25,0.8265,0.0,0.1119,0.2192,0.0,0.0588,0.18647,0.0896,1526.57,0.4192,0.3217,0.318,0.4404,0.3966,0.1377,3.778,2.963,0.815,-0.2201
task-stim03,289.5,290.0,0.00106,3e-05,0.0,289.75,0.8265,0.0,0.1119,0.2182,0.0,0.059,0.18824,0.1113,2039.55,0.5034,0.3032,0.3122,0.3748,0.4667,0.1463,3.704,2.963,0.667,0.0279
task-stim03,290.0,290.5,0.0014,0.00105,0.0,290.25,0.8265,0.0,0.112,0.2176,0.0,0.0592,0.18879,0.1,2116.09,0.4145,0.3211,0.3246,0.3601,0.419,0.1587,3.926,2.667,0.37,-0.037
task-stim03,290.5,291.0,0.01449,0.00382,0.0,290.75,0.8268,0.0006,0.1121,0.213,0.0,0.0443,0.12915,0.1201,2217.0,0.4973,0.3301,0.3422,0.4211,0.4277,0.1637,3.481,2.222,0.519,-0.0404
task-stim03,291.0,291.5,0.03837,0.01819,0.0,291.25,0.776,0.0663,0.1294,0.228,0.0,0.045,0.1537,0.1516,2165.34,0.5279,0.3952,0.4091,0.4621,0.4394,0.118,4.0,2.741,0.37,0.089
task-stim03,291.5,292.0,0.01364,0.01381,0.0,291.75,0.5986,0.0006,0.071,0.2144,0.0,0.0477,0.05032,0.2587,1879.92,0.4852,0.4102,0.4105,0.5221,0.5666,0.0828,3.259,2.148,0.667,0.07
task-stim03,292.0,292.5,0.00863,0.0001,0.0,292.25,0.5989,0.0002,0.0697,0.2099,0.0,0.0475,0.24999,0.0542,1087.12,0.4734,0.3871,0.3675,0.5316,0.5518,0.0828,3.037,2.074,0.667,0.2491
task-stim03,292.5,293.0,0.00868,0.00012,0.0,292.75,0.5989,0.0002,0.0699,0.2106,0.0,0.049,0.13665,0.1072,1972.05,0.5154,0.3693,0.3755,0.492,0.4935,0.0803,3.111,2.148,0.815,0.4573
task-stim03,293.0,293.5,0.00872,9e-05,0.0,293.25,0.599,0.0002,0.07,0.2112,0.0,0.0482,0.17192,0.0906,1416.8,0.6609,0.3931,0.3991,0.4786,0.4904,0.1018,2.815,1.852,0.37,0.4946
task-stim03,293.5,294.0,0.0087,0.00012,0.0,293.75,0.5991,0.0002,0.07,0.2114,0.0,0.0492,0.17206,0.0865,2337.15,0.4757,0.3451,0.3551,0.4055,0.4973,0.1255,3.259,2.444,0.667,0.5084
task-stim03,294.0,294.5,0.00873,9e-05,0.0,294.25,0.599,0.0001,0.0701,0.2106,0.0,0.0501,0.16721,0.0765,3232.0,0.3817,0.3207,0.3099,0.4773,0.5345,0.138,3.111,2.0,0.593,0.4417
task-stim03,294.5,295.0,0.02064,0.01993,0.0,294.75,0.6185,0.0353,0.0868,0.2002,0.0,0.0524,0.13296,0.136,1279.73,0.5791,0.3209,0.3041,0.5579,0.5069,0.1294,3.556,2.296,0.593,0.5143
task-stim03,295.0,295.5,0.04808,0.02818,0.0,295.25,0.7297,0.0044,0.156,0.1374,0.0,0.0517,0.14908,0.2874,1323.31,0.3783,0.3726,0.3894,0.4283,0.4971,0.097,2.519,1.259,0.444,0.3512
task-stim03,295.5,296.0,0.00049,4e-05,0.0,295.75,0.731,0.0,0.1543,0.244,0.0,0.0552,0.16197,0.1205,977.99,0.5178,0.3648,0.3453,0.4522,0.6145,0.1136,3.926,2.667,0.519,-0.484
task-stim03,296.0,296.5,0.00056,2e-05,0.0,296.25,0.7312,0.0,0.1544,0.2463,0.0,0.0549,0.11615,0.1895,2356.66,0.4029,0.3226,0.3242,0.4504,0.4653,0.1292,3.704,2.593,0.593,-0.3506
task-stim03,296.5,297.0,0.00056,5e-05,0.0,296.75,0.7311,0.0,0.1544,0.2457,0.0,0.0546,0.15794,0.0889,2864.4,0.3564,0.363,0.3876,0.3901,0.4089,0.0941,3.556,2.593,0.815,-0.224
task-stim03,297.0,297.5,0.00058,5e-05,0.0,297.25,0.731,0.0001,0.1545,0.2484,0.0,0.0543,0.18021,0.1113,2492.56,0.4592,0.401,0.455,0.4109,0.3961,0.1005,3.259,2.37,0.444,-0.0718
task-stim03,297.5,298.0,0.0005,5e-05,0.0,297.75,0.7307,0.0001,0.1547,0.2469,0.0,0.0546,0.14832,0.1288,3278.21,0.326,0.3922,0.4095,0.4658,0.5888,0.1017,3.481,2.519,0.667,-0.0449
task-stim03,298.0,298.5,0.00061,4e-05,0.0,298.25,0.7304,0.0002,0.1549,0.2474,0.0,0.0552,0.18117,0.0819,2839.24,0.4323,0.3638,0.3849,0.4317,0.4026,0.1196,3.037,2.222,0.741,0.094
task-stim03,298.5,299.0,0.00066,3e-05,0.0,298.75,0.7297,0.0002,0.1547,0.2486,0.0,0.0557,0.18227,0.0884,2741.3,0.3545,0.3489,0.385,0.4311,0.2766,0.1198,3.037,2.222,0.889,0.16
task-stim03,299.0,299.5,0.00086,6e-05,0.0,299.25,0.7292,0.0,0.1542,0.2513,0.0,0.0563,0.14357,0.1331,2008.5,0.4509,0.3873,0.4101,0.4518,0.3872,0.0997,3.037,2.222,0.741,0.1737
task-stim03,299.5,300.0,0.00083,3e-05,0.0,299.75,0.7291,0.0001,0.154,0.2543,0.0,0.0574,0.11774,0.193,1475.33,0.4249,0.3674,0.3982,0.3254,0.5223,0.0866,3.63,2.593,0.741,0.3534
task-stim03,300.0,300.5,0.00101,5e-05,0.0,300.25,0.7289,0.0001,0.154,0.2585,0.0,0.0588,0.18806,0.0798,2181.74,0.4721,0.3545,0.3867,0.4648,0.3627,0.0951,3.333,2.37,0.593,0.4297
task-stim03,300.5,301.0,0.0009,8e-05,0.0,300.75,0.7287,0.0,0.1541,0.2581,0.0,0.0601,0.18497,0.0767,2319.8,0.4312,0.35,0.3683,0.4818,0.4668,0.1349,3.407,2.519,0.444,0.132
task-stim03,301.0,301.5,0.0008,4e-05,0.0,301.25,0.7287,0.0,0.1541,0.2571,0.0,0.06,0.18736,0.095,1532.45,0.5237,0.3457,0.3903,0.407,0.2867,0.1232,3.852,3.037,0.889,0.1996
task-stim03,301.5,302.0,0.0007,2e-05,0.0,301.75,0.7289,0.0001,0.1543,0.2544,0.0,0.06,0.13053,0.1114,1072.43,0.599,0.3608,0.4145,0.3743,0.4532,0.1002,2.741,1.926,0.815,0.2369
task-stim03,302.0,302.5,0.0008,0.00019,0.0,302.25,0.7293,0.0001,0.1544,0.2509,0.0,0.0606,0.19285,0.1066,2694.22,0.426,0.3828,0.4265,0.4032,0.3645,0.0941,3.63,2.519,0.741,0.1869
task-stim03,302.5,303.0,0.00072,5e-05,0.0,302.75,0.7297,0.0001,0.1545,0.248,0.0,0.0609,0.1751,0.0914,1838.96,0.5166,0.4155,0.4593,0.4484,0.4177,0.1126,3.407,2.444,0.667,0.0479
task-stim03,303.0,303.5,0.00074,2e-05,0.0,303.25,0.7302,0.0001,0.1544,0.2491,0.0,0.0605,0.09741,0.1644,1546.32,0.5583,0.4565,0.5055,0.4153,0.4685,0.0877,3.111,2.148,0.519,0.1506
task-stim03,303.5,304.0,0.00065,5e-05,0.0,303.75,0.7307,0.0001,0.1543,0.2529,0.0,0.0602,0.10445,0.1703,1328.37,0.6526,0.408,0.4503,0.3647,0.4242,0.079,3.63,2.519,0.741,-0.0189
task-stim03,304.0,304.5,0.00073,8e-05,0.0,304.25,0.7311,0.0,0.1542,0.2558,0.0,0.0595,0.1529,0.1055,2284.52,0.4649,0.3938,0.3804,0.4697,0.5896,0.1059,3.259,2.222,0.815,0.1491
task-stim03,304.5,305.0,0.00069,6e-05,0.0,304.75,0.7309,0.0001,0.154,0.254,0.0,0.0579,0.15389,0.1017,3023.61,0.3677,0.4384,0.4606,0.5168,0.427,0.1101,3.037,2.0,0.593,0.1028
task-stim03,305.0,305.5,0.00066,3e-05,0.0,305.25,0.7313,0.0001,0.1538,0.249,0.0,0.0563,0.18439,0.0945,1734.68,0.5669,0.4025,0.3827,0.5206,0.5596,0.1189,3.111,2.074,0.667,0.1464
task-stim03,305.5,306.0,0.00062,5e-05,0.0,305.75,0.7319,0.0002,0.1538,0.2437,0.0,0.0561,0.16318,0.1505,938.81,0.6379,0.3855,0.3834,0.38,0.5512,0.1225,3.259,2.222,0.667,0.0986
task-stim03,306.0,306.5,0.00112,0.00074,0.0,306.25,0.7343,0.0013,0.1546,0.2973,0.0,0.0559,0.20485,0.0769,2323.43,0.4425,0.4064,0.4133,0.4408,0.5464,0.1075,4.222,3.259,0.444,0.0915
task-stim03,306.5,307.0,0.00062,3e-05,0.0,306.75,0.7357,0.0001,0.1551,0.3468,0.0,0.0561,0.18775,0.083,2122.98,0.4609,0.5168,0.521,0.5039,0.6724,0.0767,4.222,3.185,0.519,0.0018
task-stim03,307.0,307.5,0.00065,3e-05,0.0,307.25,0.7359,0.0,0.1549,0.3455,0.0,0.0564,0.08074,0.1913,3825.57,0.2587,0.4775,0.5108,0.4269,0.4797,0.0649,4.074,2.815,0.667,0.1276
task-stim03,307.5,308.0,0.00071,6e-05,0.0,307.75,0.7359,0.0,0.1548,0.3478,0.0,0.0569,0.1471,0.1815,1071.17,0.6095,0.5347,0.537,0.5935,0.6775,0.0676,3.481,2.222,0.37,0.341
task-stim03,308.0,308.5,0.00089,0.00026,0.0,308.25,0.736,0.0002,0.1547,0.3504,0.0,0.0568,0.14716,0.0985,2968.8,0.3857,0.5076,0.4852,0.6136,0.6637,0.064,3.333,2.222,0.889,0.3579
task-stim03,308.5,309.0,0.00088,0.00027,0.0,308.75,0.7371,0.0001,0.1551,0.3922,0.0,0.0564,0.1449,0.1145,2440.37,0.3913,0.5236,0.5199,0.554,0.6041,0.0843,4.815,3.556,0.37,0.3341
task-stim03,309.0,309.5,0.00066,5e-05,0.0,309.25,0.7372,0.0,0.1551,0.3843,0.0,0.0555,0.19558,0.0781,884.83,0.5952,0.5322,0.5454,0.401,0.6606,0.0585,3.556,2.296,0.593,0.1678
task-stim03,309.5,310.0,0.00072,3e-05,0.0,309.75,0.7373,0.0,0.1552,0.3908,0.0,0.0547,0.20022,0.0673,1476.57,0.4815,0.4053,0.4096,0.5463,0.4032,0.0881,4.074,3.037,0.889,0.0872
task-stim03,310.0,310.5,0.00061,4e-05,0.0,310.25,0.7374,0.0,0.1553,0.415,0.0,0.0547,0.21039,0.0796,1246.46,0.6165,0.4422,0.4139,0.6454,0.5909,0.1094,3.778,2.444,0.296,0.2135
task-stim03,310.5,311.0,0.00075,6e-05,0.0,310.75,0.7373,0.0,0.1553,0.4006,0.0,0.0546,0.17067,0.1207,2781.34,0.4156,0.3773,0.3654,0.4997,0.6488,0.1245,4.074,2.963,0.593,0.3143
task-stim03,311.0,311.5,0.0008,0.00017,0.0,311.25,0.7373,0.0001,0.1552,0.401,0.0,0.0544,0.21106,0.0849,2333.28,0.459,0.4116,0.3944,0.5963,0.4909,0.1058,4.074,2.667,0.296,0.2907
task-stim03,311.5,312.0,0.00116,0.00036,0.0,311.75,0.7361,0.0011,0.1544,0.3553,0.0,0.0543,0.18802,0.0859,1117.46,0.5837,0.5548,0.5192,0.7325,0.6825,0.096,3.852,2.222,0.296,0.3284
task-stim03,312.0,312.5,0.00059,0.00014,0.0,312.25,0.7341,0.0001,0.1535,0.2966,0.0,0.0546,0.0638,0.1956,1382.89,0.4544,0.5465,0.521,0.7112,0.6688,0.0833,2.815,1.407,0.296,0.2619
task-stim03,312.5,313.0,0.00067,0.00024,0.0,312.75,0.7334,0.0002,0.1532,0.2598,0.0,0.0551,0.2114,0.0712,1119.42,0.7031,0.4802,0.5198,0.6762,0.2601,0.0899,3.333,2.074,0.519,0.119
task-stim03,313.0,313.5,0.00041,3e-05,0.0,313.25,0.7333,0.0,0.1533,0.2519,0.0,0.0548,0.15363,0.1289,1332.55,0.6336,0.4196,0.3869,0.6699,0.5272,0.0989,3.926,2.593,0.667,0.047
task-stim03,313.5,314.0,0.00042,2e-05,0.0,313.75,0.7334,0.0,0.1533,0.2509,0.0,0.0545,0.20511,0.072,1515.63,0.5708,0.4368,0.4365,0.6679,0.5308,0.0882,3.704,2.296,0.444,0.0016
task-stim03,314.0,314.5,0.00045,4e-05,0.0,314.25,0.7333,0.0001,0.1533,0.2496,0.0,0.0544,0.19163,0.0701,935.63,0.5862,0.4944,0.5191,0.6533,0.5315,0.0896,4.0,2.444,0.296,-0.0529
task-stim03,314.5,315.0,0.00052,9e-05,0.0,314.75,0.7333,0.0,0.1533,0.2474,0.0,0.0545,0.13251,0.1139,1926.76,0.5409,0.3679,0.3362,0.5658,0.472,0.1228,3.556,2.37,0.815,-0.1917
task-stim03,315.0,315.5,0.02479,0.00828,0.0,315.25,0.7157,0.0136,0.146,0.1263,0.0,0.0438,0.03696,0.3752,1097.07,0.6357,0.42,0.4168,0.4888,0.5472,0.1152,3.481,2.222,0.37,-0.1311
task-stim03,315.5,316.0,0.02635,0.00641,0.0,315.75,0.6445,0.0164,0.0994,0.035,0.0,0.025,0.14482,0.1221,877.79,0.5667,0.5382,0.5173,0.648,0.6998,0.0637,3.407,1.778,0.296,0.0332
task-stim03,316.0,316.5,0.01162,0.00352,0.0,316.25,0.6631,0.0104,0.0721,0.0086,0.0,0.0139,0.18505,0.0862,2734.84,0.4146,0.4539,0.4691,0.5882,0.4084,0.0927,3.63,2.074,0.741,-0.0813
task-stim03,316.5,317.0,0.00599,0.00033,0.0,316.75,0.6903,0.0046,0.0694,0.0043,0.0,0.007,0.14044,0.0902,1421.06,0.5183,0.5069,0.4926,0.7273,0.5291,0.0824,3.481,1.926,0.296,0.0024
task-stim03,317.0,317.5,0.00693,0.00237,0.0,317.25,0.6448,0.019,0.0389,0.0086,0.0,0.0079,0.14939,0.0816,2580.47,0.4167,0.4504,0.4123,0.6555,0.5912,0.0926,4.296,2.889,0.37,0.1096
task-stim03,317.5,318.0,0.00323,0.0002,0.0,317.75,0.6281,0.0012,0.0272,0.0416,0.0,0.0126,0.0975,0.1336,2780.09,0.4487,0.3705,0.3488,0.511,0.5809,0.1117,4.37,3.037,0.444,0.1468
task-stim03,318.0,318.5,0.00346,0.00015,0.0,318.25,0.6298,0.0002,0.0284,0.071,0.0,0.0152,0.18177,0.0974,1203.51,0.5219,0.409,0.3772,0.5591,0.6289,0.1143,3.63,2.074,0.296,0.0978
task-stim03,318.5,319.0,0.00389,0.00012,0.0,318.75,0.6304,0.0002,0.0287,0.0802,0.0,0.016,0.1607,0.0901,2264.78,0.4152,0.3985,0.3973,0.4741,0.5355,0.1039,3.481,2.074,0.593,0.0266
task-stim03,319.0,319.5,0.00433,0.00015,0.0,319.25,0.631,0.0002,0.0291,0.0896,0.0,0.0167,0.13933,0.1211,2430.4,0.4982,0.3764,0.3492,0.4091,0.6548,0.112,2.741,1.704,0.741,0.1492
task-stim03,319.5,320.0,0.00477,0.00012,0.0,319.75,0.6316,0.0002,0.0295,0.0994,0.0,0.0176,0.13307,0.1116,1566.31,0.5979,0.3721,0.3639,0.4599,0.5996,0.121,3.333,2.222,0.444,0.2367
task-stim03,320.0,320.5,0.00522,0.00021,0.0,320.25,0.6321,0.0001,0.0299,0.1091,0.0,0.0183,0.1383,0.1984,1645.92,0.6373,0.3191,0.2885,0.612,0.5153,0.1415,2.889,1.704,0.593,0.196
task-stim03,320.5,321.0,0.00586,0.0002,0.0,320.75,0.6327,0.0002,0.0302,0.1285,0.0,0.0197,0.20807,0.0688,2833.7,0.3565,0.3475,0.3116,0.5409,0.5719,0.1337,3.407,2.444,0.593,0.3
task-stim03,321.0,321.5,0.00643,0.00018,0.0,321.25,0.6334,0.0003,0.0303,0.1425,0.0,0.0208,0.17757,0.1449,2168.46,0.4101,0.3251,0.3539,0.4383,0.5128,0.1395,3.407,2.148,0.519,0.2949
task-stim03,321.5,322.0,0.00696,0.00017,0.0,321.75,0.6341,0.0002,0.0306,0.1546,0.0,0.0221,0.20053,0.0845,2072.83,0.5169,0.3282,0.3794,0.4031,0.4424,0.1411,3.407,1.926,0.593,0.1937
task-stim03,322.0,322.5,0.00752,0.00019,0.0,322.25,0.6347,0.0002,0.0308,0.1707,0.0,0.0236,0.16887,0.1756,2675.38,0.3957,0.3539,0.3423,0.5031,0.5922,0.1428,3.407,2.0,0.519,0.1682
task-stim03,322.5,323.0,0.00808,0.00016,0.0,322.75,0.6352,0.0002,0.031,0.184,0.0,0.0251,0.2521,0.0536,1117.78,0.5301,0.3621,0.3279,0.5403,0.5372,0.116,3.481,2.444,0.741,0.2245
task-stim03,323.0,323.5,0.00859,0.00042,0.0,323.25,0.6358,0.0002,0.0311,0.1982,0.0,0.0265,0.11322,0.1955,2881.49,0.3985,0.3249,0.2972,0.5784,0.4451,0.1253,3.037,2.222,0.815,0.1599
task-stim03,323.5,324.0,0.00705,0.00149,0.0,323.75,0.6376,0.0011,0.0306,0.1311,0.0,0.023,0.18416,0.0988,1201.16,0.5905,0.3566,0.348,0.4427,0.4832,0.1043,3.259,2.222,0.519,0.0256
task-stim03,324.0,324.5,0.00472,0.00139,0.0,324.25,0.635,0.0017,0.0279,0.0095,0.0,0.0069,0.19073,0.0786,2142.96,0.3839,0.4676,0.4477,0.5179,0.6118,0.0881,3.63,2.519,0.444,0.1166
task-stim03,324.5,325.0,0.00172,0.00061,0.0,324.75,0.6415,0.0024,0.035,0.0261,0.0,0.0037,0.12435,0.0981,3333.85,0.2797,0.4184,0.4012,0.5643,0.4265,0.1304,4.296,3.185,0.296,0.0511
task-stim03,325.0,325.5,0.00141,0.00109,0.0,325.25,0.6302,0.0033,0.0282,0.0282,0.0,0.0103,0.17502,0.0725,2209.57,0.4587,0.3723,0.367,0.4426,0.4795,0.1437,4.222,3.037,0.222,-0.2397
task-stim03,325.5,326.0,0.00089,0.00079,0.0,325.75,0.6282,0.0006,0.0276,0.0308,0.0,0.0113,0.1665,0.0929,2765.16,0.4111,0.3632,0.3494,0.5137,0.507,0.1835,3.63,2.741,0.593,-0.2155
task-stim03,326.0,326.5,0.00539,0.0017,0.0,326.25,0.6325,0.0019,0.0355,0.038,0.0,0.0115,0.18211,0.0849,1910.65,0.5276,0.3824,0.3791,0.4326,0.445,0.1327,3.926,2.963,0.37,-0.5175
task-stim03,326.5,327.0,0.0073,0.00045,0.0,326.75,0.6364,0.0004,0.0422,0.0478,0.0,0.0134,0.15636,0.1196,1196.77,0.6201,0.4136,0.4217,0.5033,0.4144,0.11,4.0,2.741,0.444,-0.1702
task-stim03,327.0,327.5,0.00445,0.0012,0.0,327.25,0.6376,0.0002,0.0438,0.0598,0.0,0.0202,0.18455,0.103,1097.63,0.5761,0.4653,0.4882,0.4961,0.5466,0.1358,3.778,2.593,0.37,0.0083
task-stim03,327.5,328.0,0.00055,0.00071,0.0,327.75,0.6379,0.0,0.0443,0.0729,0.0,0.0208,0.18801,0.067,2233.32,0.4129,0.4833,0.4848,0.5203,0.7787,0.1499,2.37,0.963,0.444,-0.1464
task-stim03,328.0,328.5,0.0,0.0,0.0,328.25,0.6379,0.0,0.0443,0.0735,0.0,0.0207,0.06706,0.49,3444.87,0.4129,0.4809,0.4866,0.5834,0.549,0.1139,3.185,1.926,0.37,-0.4238
task-stim03,328.5,329.0,0.0,1e-05,0.0,328.75,0.6379,0.0,0.0443,0.0736,0.0,0.0207,0.1355,0.129,1166.16,0.6682,0.4213,0.3846,0.5261,0.6147,0.1077,3.407,2.593,0.444,-0.4108
task-stim03,329.0,329.5,0.0,0.0,0.0,329.25,0.6379,0.0,0.0443,0.0736,0.0,0.0207,0.1548,0.1406,2003.39,0.5462,0.3854,0.3907,0.4096,0.5248,0.096,3.704,2.815,0.741,-0.3
task-stim03,329.5,330.0,0.0023,0.00148,0.0,329.75,0.6373,0.0005,0.0436,0.0687,0.0,0.0205,0.1945,0.1039,2255.33,0.5259,0.3612,0.3738,0.5146,0.5357,0.1201,3.63,2.519,0.815,-0.5437
task-stim03,330.0,330.5,0.00592,0.00058,0.0,330.25,0.6345,0.0009,0.0389,0.0527,0.0,0.0211,0.16907,0.1143,2288.36,0.4328,0.3643,0.3767,0.4119,0.5079,0.1429,4.148,2.889,0.37,-0.4058
task-stim03,330.5,331.0,0.00697,0.00036,0.0,330.75,0.6332,0.0004,0.0354,0.053,0.0,0.0413,0.1744,0.0785,2693.74,0.4365,0.4383,0.4247,0.4371,0.5847,0.0877,3.333,2.0,0.444,-0.3146
task-stim03,331.0,331.5,0.00386,0.00136,0.0,331.25,0.6316,0.0004,0.0336,0.0731,0.0,0.0562,0.14844,0.1032,2652.69,0.4132,0.4091,0.4217,0.4485,0.5784,0.1059,4.074,2.519,0.296,-0.1679
task-stim03,331.5,332.0,0.00075,0.00056,0.0,331.75,0.6312,0.0,0.033,0.0842,0.0,0.0575,0.17339,0.0886,1299.85,0.5381,0.3365,0.3376,0.3989,0.5082,0.1257,4.074,2.593,0.667,-0.2523
task-stim03,332.0,332.5,1e-05,1e-05,0.0,332.25,0.6311,0.0,0.0329,0.0849,0.0,0.0578,0.1676,0.127,2290.29,0.4571,0.3392,0.3551,0.4479,0.4445,0.1348,3.481,2.37,0.593,-0.3238
task-stim03,332.5,333.0,0.0,0.0,0.0,332.75,0.6311,0.0,0.0329,0.085,0.0,0.0578,0.17732,0.0839,1186.07,0.5133,0.3664,0.3925,0.4165,0.57,0.1198,4.0,2.889,0.593,-0.3776
task-stim03,333.0,333.5,1e-05,2e-05,0.0,333.25,0.6311,0.0,0.0329,0.0851,0.0,0.0578,0.16233,0.0853,2060.1,0.5193,0.4063,0.426,0.4138,0.6592,0.1088,3.333,2.222,0.519,-0.3715
task-stim03,333.5,334.0,1e-05,2e-05,0.0,333.75,0.6311,0.0,0.0329,0.0857,0.0,0.0578,0.08712,0.1839,1522.43,0.7872,0.3838,0.3853,0.4778,0.6535,0.1214,3.852,2.889,0.444,-0.2862
task-stim03,334.0,334.5,0.0004,0.00021,0.0,334.25,0.6329,0.0013,0.0356,0.0916,0.0,0.0578,0.10234,0.1896,925.28,0.5281,0.395,0.3869,0.4342,0.6144,0.159,3.63,2.444,0.222,-0.4369
task-stim03,334.5,335.0,0.00123,0.00023,0.0,334.75,0.6418,0.0038,0.0454,0.0857,0.0,0.0578,0.18644,0.0881,1493.23,0.5493,0.3231,0.3427,0.4122,0.339,0.1285,4.296,2.889,0.593,-0.5135
task-stim03,335.0,335.5,0.00194,0.00017,0.0,335.25,0.6597,0.0066,0.0585,0.0671,0.0,0.0578,0.17754,0.0793,2392.52,0.4291,0.3573,0.3848,0.4307,0.5038,0.1187,3.407,2.222,0.593,-0.7663
task-stim03,335.5,336.0,0.00267,0.00021,0.0,335.75,0.6864,0.0087,0.0695,0.0654,0.0,0.0578,0.16078,0.0808,3056.07,0.3592,0.4347,0.455,0.4442,0.5566,0.0901,4.37,3.333,0.37,-0.4796
task-stim03,336.0,336.5,0.0037,0.00032,0.0,336.25,0.7246,0.0127,0.0686,0.0622,0.0,0.0562,0.18744,0.071,1101.64,0.5981,0.437,0.4823,0.4343,0.5505,0.1357,2.963,1.852,0.222,-0.3459
task-stim03,336.5,337.0,0.00275,0.00127,0.0,336.75,0.7662,0.0098,0.0374,0.0106,0.0,0.0141,0.15555,0.0983,1066.78,0.5782,0.4135,0.4528,0.434,0.4299,0.1507,2.889,2.074,0.444,-0.6307
task-stim03,337.0,337.5,0.00264,0.00474,0.0,337.25,0.7731,0.0093,0.0333,0.0019,0.0,0.0047,0.19512,0.0749,1908.84,0.5276,0.3548,0.3479,0.4696,0.4588,0.1221,3.556,2.963,0.741,-1.0948
task-stim03,337.5,338.0,0.01913,0.00159,0.0,337.75,0.628,0.0661,0.1581,0.0029,0.0,0.006,0.15524,0.092,2433.92,0.4163,0.3557,0.3313,0.4543,0.5661,0.1503,3.185,2.296,0.519,-1.2828
task-stim03,338.0,338.5,0.00714,0.00952,0.0,338.25,0.4402,0.0209,0.0342,0.001,0.0,0.0037,0.14042,0.0981,2506.38,0.427,0.3688,0.391,0.4322,0.424,0.1031,3.037,2.0,0.593,-1.0703
task-stim03,338.5,339.0,1e-05,2e-05,0.0,338.75,0.4295,0.0,0.0091,0.0005,0.0,0.0022,0.16733,0.1245,2794.15,0.4259,0.3238,0.3255,0.4205,0.4895,0.1643,3.407,2.519,0.519,-0.9482
task-stim03,339.0,339.5,0.0146,0.02325,0.0,339.25,0.4616,0.059,0.0388,0.0007,0.0,0.0029,0.07028,0.1752,897.45,0.5696,0.2368,0.2653,0.3854,0.5196,0.1941,3.704,2.741,0.963,-0.9438
task-stim03,339.5,340.0,0.01461,0.01969,0.0,339.75,0.6302,0.0194,0.0632,0.1109,0.0,0.0324,0.18799,0.1032,1181.23,0.5202,0.3837,0.393,0.4664,0.5056,0.1421,3.778,2.741,0.444,-0.7859
task-stim03,340.0,340.5,0.00055,3e-05,0.0,340.25,0.6168,0.0,0.0622,0.1423,0.0,0.0447,0.13399,0.1772,1236.85,0.5672,0.3884,0.3872,0.4603,0.4952,0.1,3.926,2.889,0.741,-0.9997
task-stim03,340.5,341.0,0.00055,6e-05,0.0,340.75,0.6168,0.0,0.0623,0.144,0.0,0.0451,0.17891,0.0809,3209.34,0.4349,0.3513,0.365,0.4995,0.4761,0.1317,3.407,2.296,0.667,-0.9079
task-stim03,341.0,341.5,0.00061,8e-05,0.0,341.25,0.6168,0.0,0.0624,0.1448,0.0,0.0456,0.10359,0.1812,3539.78,0.3582,0.3612,0.4053,0.4697,0.4582,0.1392,3.852,2.667,0.444,-0.5512
task-stim03,341.5,342.0,0.00054,7e-05,0.0,341.75,0.6168,0.0,0.0624,0.1446,0.0,0.0457,0.13156,0.2023,2894.75,0.3979,0.313,0.3023,0.4371,0.416,0.1454,3.704,2.889,0.815,-0.3682
task-stim03,342.0,342.5,0.00069,3e-05,0.0,342.25,0.6167,0.0,0.0624,0.1416,0.0,0.0448,0.17965,0.0939,2112.94,0.5405,0.3752,0.3496,0.555,0.5511,0.1545,3.704,2.889,0.889,-0.1004
task-stim03,342.5,343.0,0.00062,3e-05,0.0,342.75,0.6167,0.0,0.0625,0.1418,0.0,0.0436,0.14925,0.172,1623.66,0.5794,0.3578,0.3442,0.5485,0.5222,0.1119,3.185,2.222,0.593,0.0679
task-stim03,343.0,343.5,0.00074,3e-05,0.0,343.25,0.6165,0.0001,0.0623,0.139,0.0,0.0425,0.17461,0.1435,2596.16,0.4944,0.4057,0.3953,0.487,0.5789,0.1142,3.333,2.148,0.444,0.1344
task-stim03,343.5,344.0,0.0007,3e-05,0.0,343.75,0.6164,0.0001,0.0622,0.1378,0.0,0.0426,0.17631,0.1044,2087.75,0.4636,0.3682,0.3738,0.4167,0.5888,0.1155,3.63,2.296,0.519,0.0943
task-stim03,344.0,344.5,0.00067,3e-05,0.0,344.25,0.6163,0.0,0.0622,0.1351,0.0,0.0437,0.09257,0.3192,2981.16,0.3846,0.422,0.4145,0.4808,0.6797,0.0989,3.037,2.0,0.444,0.1329
task-stim03,344.5,345.0,0.00061,5e-05,0.0,344.75,0.6162,0.0,0.0622,0.1329,0.0,0.0444,0.14439,0.1398,2592.53,0.4594,0.3812,0.3452,0.4881,0.5853,0.1149,3.037,2.222,0.741,0.1993
task-stim03,345.0,345.5,0.00078,3e-05,0.0,345.25,0.6161,0.0001,0.0622,0.1316,0.0,0.0434,0.1007,0.2339,2301.95,0.4992,0.3256,0.2922,0.4995,0.4603,0.151,2.815,1.852,0.667,0.2568
task-stim03,345.5,346.0,0.00065,5e-05,0.0,345.75,0.6159,0.0001,0.0621,0.1306,0.0,0.0422,0.19546,0.076,1813.19,0.4331,0.3619,0.318,0.4873,0.5666,0.1255,3.111,2.148,0.593,0.3222
task-stim03,346.0,346.5,0.0007,0.00016,0.0,346.25,0.6158,0.0,0.0621,0.1294,0.0,0.0406,0.15068,0.0894,2575.5,0.4557,0.3529,0.3526,0.5256,0.3367,0.1058,3.704,2.519,0.593,0.164
task-stim03,346.5,347.0,0.00064,2e-05,0.0,346.75,0.6159,0.0,0.062,0.1241,0.0,0.0399,0.16888,0.1005,2213.07,0.4846,0.3389,0.3334,0.5353,0.3996,0.1557,3.556,2.222,0.519,0.1614
task-stim03,347.0,347.5,0.00062,6e-05,0.0,347.25,0.6159,0.0,0.062,0.1245,0.0,0.0403,0.15694,0.0882,1721.91,0.5953,0.3291,0.3115,0.4362,0.6062,0.1663,3.407,2.296,0.444,0.1714
task-stim03,347.5,348.0,0.00061,6e-05,0.0,347.75,0.6159,0.0,0.0619,0.1235,0.0,0.0409,0.06103,0.2276,3348.22,0.4141,0.3124,0.3044,0.4311,0.4707,0.1632,3.778,2.667,0.667,0.1074
task-stim03,348.0,348.5,0.00072,5e-05,0.0,348.25,0.6158,0.0,0.0621,0.1238,0.0,0.0411,0.15434,0.123,1154.33,0.6296,0.345,0.3713,0.3377,0.5378,0.1541,3.037,1.852,0.444,0.2211
task-stim03,348.5,349.0,0.00064,4e-05,0.0,348.75,0.6158,0.0,0.0621,0.1225,0.0,0.0406,0.17426,0.0969,1818.48,0.5802,0.3369,0.3476,0.4572,0.4635,0.1083,3.333,2.296,0.815,0.3166
task-stim03,349.0,349.5,0.00076,5e-05,0.0,349.25,0.6157,0.0,0.0619,0.1206,0.0,0.0392,0.17208,0.1231,1802.62,0.559,0.3326,0.3093,0.4839,0.5717,0.1159,3.333,2.444,0.815,0.209
task-stim03,349.5,350.0,0.00055,5e-05,0.0,349.75,0.6156,0.0,0.0618,0.1197,0.0,0.038,0.14014,0.1041,2876.25,0.4148,0.3503,0.3784,0.5242,0.4502,0.1131,3.926,3.111,0.741,0.2424
task-stim03,350.0,350.5,0.00054,2e-05,0.0,350.25,0.6156,0.0,0.0618,0.1193,0.0,0.038,0.13094,0.128,1266.41,0.6579,0.3267,0.3382,0.3805,0.5415,0.1574,3.63,2.519,0.519,0.1207
task-stim03,350.5,351.0,0.00081,0.00031,0.0,350.75,0.6162,0.0006,0.0636,0.1395,0.0,0.0388,0.13643,0.1452,3042.6,0.431,0.3969,0.4079,0.4499,0.484,0.122,4.148,3.111,0.519,0.1231
task-stim03,351.0,351.5,0.00123,0.00055,0.0,351.25,0.6181,0.0009,0.0689,0.2181,0.0,0.0401,0.06403,0.1859,1610.89,0.6143,0.5429,0.5419,0.5088,0.6653,0.1056,3.556,2.37,0.296,0.3032
task-stim03,351.5,352.0,0.00159,0.00059,0.0,351.75,0.6215,0.0011,0.077,0.3457,0.0,0.0478,0.19151,0.0836,1915.61,0.4741,0.4819,0.4923,0.4461,0.708,0.1025,4.37,3.111,0.296,0.069
task-stim03,352.0,352.5,0.00137,0.00012,0.0,352.25,0.6224,0.0,0.0793,0.3899,0.0,0.0488,0.15139,0.0904,2688.15,0.428,0.4797,0.47,0.5225,0.5129,0.0829,4.519,3.259,0.37,0.157
task-stim03,352.5,353.0,0.00279,0.0015,0.0,352.75,0.6275,0.0046,0.0793,0.3888,0.0,0.0471,0.14941,0.111,1977.21,0.4571,0.4267,0.4433,0.4945,0.6097,0.0838,3.852,2.667,0.37,0.1073
task-stim03,353.0,353.5,0.00396,0.00158,0.0,353.25,0.6496,0.0092,0.0791,0.3668,0.0,0.0446,0.17081,0.1022,2974.08,0.3559,0.4061,0.411,0.4051,0.5421,0.1122,3.407,2.667,0.296,-0.0069
task-stim03,353.5,354.0,0.00449,0.00126,0.0,353.75,0.6871,0.0128,0.0817,0.3467,0.0,0.0422,0.13448,0.1774,1824.19,0.5515,0.4478,0.4551,0.5182,0.5832,0.0914,3.481,2.444,0.37,-0.0455
task-stim03,354.0,354.5,0.00567,0.00179,0.0,354.25,0.7379,0.015,0.0911,0.3314,0.0,0.0411,0.16404,0.1096,1456.57,0.621,0.3933,0.3579,0.4866,0.5868,0.1037,3.852,2.519,0.519,-0.2363
task-stim03,354.5,355.0,0.00489,0.00223,0.0,354.75,0.7851,0.0129,0.1035,0.3027,0.0,0.0425,0.15271,0.103,3000.31,0.3483,0.4028,0.3852,0.5198,0.5831,0.0978,3.556,2.444,0.37,-0.8121
task-stim03,355.0,355.5,0.00464,0.00142,0.0,355.25,0.8261,0.0103,0.115,0.2023,0.0,0.0408,0.16317,0.0994,2056.46,0.537,0.3464,0.3565,0.5109,0.3508,0.1172,3.704,2.741,0.815,-1.3679
task-stim03,355.5,356.0,0.00338,0.00219,0.0,355.75,0.8533,0.005,0.127,0.2315,0.0,0.044,0.18445,0.0771,2825.26,0.3648,0.3602,0.3695,0.4229,0.4566,0.1547,3.63,2.815,0.519,-1.5104
task-stim03,356.0,356.5,0.00096,0.00073,0.0,356.25,0.8608,0.0003,0.1317,0.2944,0.0,0.0474,0.11983,0.1278,3098.57,0.4302,0.3797,0.4151,0.4178,0.3685,0.1109,3.333,2.37,0.519,-1.4505
task-stim03,356.5,357.0,0.00059,6e-05,0.0,356.75,0.8598,0.0002,0.1322,0.3216,0.0,0.0485,0.14025,0.1611,3003.72,0.4029,0.3483,0.3568,0.3803,0.5169,0.1208,4.0,2.963,0.519,-1.045
task-stim03,357.0,357.5,0.00033,7e-05,0.0,357.25,0.8597,0.0,0.1328,0.3446,0.0,0.0507,0.1549,0.1196,2069.33,0.526,0.368,0.3911,0.3837,0.5086,0.1094,4.148,3.037,0.519,-0.9131
task-stim03,357.5,358.0,0.00324,0.0026,0.0,357.75,0.8613,0.0024,0.1313,0.312,0.0,0.0437,0.12926,0.1202,3163.01,0.3427,0.3519,0.3543,0.3744,0.498,0.1512,3.704,2.444,0.593,-0.9248
task-stim03,358.0,358.5,0.01589,0.00562,0.0,358.25,0.8779,0.004,0.1089,0.1261,0.0,0.0253,0.12091,0.1119,3287.54,0.3397,0.4495,0.4501,0.4891,0.4895,0.0929,3.556,2.222,0.444,-0.7059
task-stim03,358.5,359.0,0.03309,0.00549,0.0,358.75,0.8704,0.0183,0.1195,0.0426,0.0,0.0215,0.06478,0.1485,746.88,0.471,0.4464,0.4514,0.4647,0.5804,0.0777,2.815,1.407,0.296,-0.3961
task-stim03,359.0,359.5,0.01274,0.01201,0.0,359.25,0.8144,0.0032,0.1841,0.5947,0.0,0.0461,0.1394,0.121,939.78,0.6266,0.4262,0.4374,0.4365,0.5142,0.0846,5.111,4.0,0.444,-0.427
task-stim03,359.5,360.0,1e-05,1e-05,0.0,359.75,0.8127,0.0,0.1861,0.7896,0.0,0.0529,0.15875,0.0943,3012.96,0.3883,0.4145,0.4449,0.4242,0.4732,0.0945,4.519,3.704,0.519,-0.4257
task-stim03,360.0,360.5,0.0,1e-05,0.0,360.25,0.8127,0.0,0.1861,0.791,0.0,0.0528,0.18423,0.1541,2102.07,0.5168,0.3449,0.3659,0.4324,0.2267,0.078,4.148,3.63,1.111,-0.5059
task-stim03,360.5,361.0,1e-05,1e-05,0.0,360.75,0.8127,0.0,0.1861,0.7914,0.0,0.0529,0.10023,0.2081,2479.36,0.4404,0.3525,0.3601,0.4144,0.4804,0.0934,3.852,3.259,0.741,-0.4382
task-stim03,361.0,361.5,0.0,0.0,0.0,361.25,0.8127,0.0,0.1861,0.7918,0.0,0.0529,0.18707,0.1388,1097.22,0.5786,0.3587,0.3276,0.4684,0.5114,0.0862,4.148,3.407,0.889,-0.301
task-stim03,361.5,362.0,0.0,0.0,0.0,361.75,0.8127,0.0,0.1861,0.7918,0.0,0.0529,0.12306,0.1326,2944.45,0.4239,0.3976,0.3654,0.5388,0.5468,0.0809,4.074,3.259,0.815,-0.2862
task-stim03,362.0,362.5,5e-05,0.00016,0.0,362.25,0.8128,0.0001,0.186,0.7937,0.0,0.0529,0.05338,0.272,3494.01,0.3484,0.3749,0.3758,0.3956,0.5287,0.0969,3.556,2.815,0.593,-0.2215
task-stim03,362.5,363.0,0.0,0.0,0.0,362.75,0.8129,0.0,0.1858,0.7997,0.0,0.053,0.16059,0.1696,2406.15,0.4835,0.2964,0.3054,0.4223,0.3586,0.0936,3.556,3.333,1.259,-0.24
task-stim03,363.0,363.5,5e-05,3e-05,0.0,363.25,0.8127,0.0001,0.1858,0.8016,0.0,0.053,0.17762,0.0885,1992.42,0.4872,0.3115,0.2942,0.479,0.4173,0.1229,3.63,2.963,0.815,-0.185
task-stim03,363.5,364.0,0.00015,2e-05,0.0,363.75,0.8123,0.0001,0.1858,0.8049,0.0,0.054,0.14629,0.1064,2131.71,0.5101,0.3631,0.3104,0.519,0.6801,0.1663,4.0,3.185,0.593,-0.0277
task-stim03,364.0,364.5,0.00018,1e-05,0.0,364.25,0.8121,0.0,0.1858,0.8063,0.0,0.0576,0.15984,0.1251,1299.53,0.6817,0.4102,0.4004,0.4947,0.6578,0.1087,3.481,2.815,1.111,-0.0094
task-stim03,364.5,365.0,0.00036,0.00016,0.0,364.75,0.8119,0.0002,0.1857,0.8102,0.0,0.0595,0.16251,0.1092,1628.98,0.4729,0.4298,0.4226,0.5101,0.717,0.1209,3.407,2.593,0.519,-0.0011
task-stim03,365.0,365.5,0.00153,0.00046,0.0,365.25,0.8109,0.0004,0.1855,0.8302,0.0,0.0665,0.13799,0.2507,2741.61,0.4718,0.4929,0.4756,0.5938,0.641,0.1136,3.704,2.519,0.222,0.1835
task-stim03,365.5,366.0,0.00299,0.00046,0.0,365.75,0.8097,0.0003,0.1855,0.8572,0.0,0.0796,0.18632,0.1003,1268.83,0.5676,0.4738,0.4805,0.5591,0.4865,0.1145,3.037,1.926,0.593,0.2268
task-stim03,366.0,366.5,0.00462,0.00039,0.0,366.25,0.8086,0.0002,0.1854,0.8886,0.0,0.0926,0.21232,0.0805,1561.97,0.6149,0.4411,0.4192,0.5633,0.553,0.1127,3.556,2.444,0.741,0.0774
task-stim03,366.5,367.0,0.00545,0.00013,0.0,366.75,0.8078,0.0002,0.1856,0.9115,0.0,0.1015,0.13039,0.2137,2447.72,0.4859,0.4728,0.4637,0.4859,0.6558,0.103,3.259,1.926,0.444,0.1274
task-stim03,367.0,367.5,0.00573,7e-05,0.0,367.25,0.807,0.0002,0.1859,0.9294,0.0,0.1079,0.14519,0.1766,1290.74,0.6803,0.4471,0.3994,0.5459,0.642,0.0974,3.407,2.0,0.519,-0.091
task-stim03,367.5,368.0,0.00552,0.00018,0.0,367.75,0.8067,0.0001,0.1864,0.94,0.0,0.1093,0.1385,0.1554,1750.18,0.5526,0.4762,0.4423,0.5874,0.5897,0.0825,2.815,1.704,0.444,-0.1239
task-stim03,368.0,368.5,0.00501,6e-05,0.0,368.25,0.8067,0.0001,0.1866,0.9345,0.0,0.1071,0.18757,0.081,1005.31,0.5173,0.4506,0.4484,0.4732,0.5459,0.0892,3.259,1.926,0.667,-0.0752
task-stim03,368.5,369.0,0.00717,0.00392,0.0,368.75,0.8066,0.0,0.1865,0.9043,0.0,0.1074,0.1257,0.1628,3197.03,0.3548,0.4747,0.4576,0.5732,0.5317,0.0885,3.333,1.926,0.37,-0.0295
task-stim03,369.0,369.5,0.0349,0.00957,0.0,369.25,0.8297,0.0233,0.1662,0.1977,0.0,0.0771,0.06567,0.1881,836.17,0.5302,0.3746,0.3743,0.543,0.3736,0.1121,2.593,1.704,0.963,-0.0281
task-stim03,369.5,370.0,0.00325,0.00626,0.0,369.75,0.9107,0.0046,0.0346,0.0041,0.0,0.0046,0.14972,0.0934,2893.58,0.345,0.2849,0.2743,0.5168,0.3883,0.1461,3.926,3.333,1.037,0.0539
task-stim03,370.0,370.5,0.00047,0.00014,0.0,370.25,0.9091,0.0014,0.0413,0.0401,0.0,0.0069,0.17236,0.09,1659.1,0.5722,0.4182,0.3615,0.5391,0.7007,0.1173,4.444,3.556,0.444,-0.3891
task-stim03,370.5,371.0,0.00013,0.00018,0.0,370.75,0.9055,0.0002,0.0545,0.0809,0.0,0.0196,0.14807,0.1005,2936.49,0.3369,0.3858,0.3692,0.477,0.6256,0.1146,4.444,3.259,0.519,-0.2967
task-stim03,371.0,371.5,0.0,0.0,0.0,371.25,0.9054,0.0,0.0548,0.0837,0.0,0.0202,0.11908,0.1578,1533.88,0.6118,0.4328,0.4403,0.6238,0.6433,0.118,4.222,2.889,0.444,-0.3578
task-stim03,371.5,372.0,0.0,0.0,0.0,371.75,0.9054,0.0,0.0548,0.0837,0.0,0.0202,0.11995,0.1576,3147.58,0.4507,0.3823,0.3472,0.544,0.5782,0.115,3.926,2.963,0.593,-0.7121
task-stim03,372.0,372.5,1e-05,2e-05,0.0,372.25,0.9054,0.0,0.0548,0.0836,0.0,0.0202,0.15236,0.1344,2665.95,0.3754,0.2974,0.3139,0.424,0.3277,0.1332,4.074,3.333,1.037,-0.4835
task-stim03,372.5,373.0,2e-05,3e-05,0.0,372.75,0.9053,0.0,0.0549,0.0844,0.0,0.0202,0.15738,0.1071,3085.61,0.2818,0.3306,0.3106,0.5875,0.3722,0.0989,4.074,3.037,1.111,-0.5258
task-stim03,373.0,373.5,0.00053,0.00012,0.0,373.25,0.902,0.0019,0.0631,0.1332,0.0,0.0202,0.14059,0.1404,2212.03,0.4586,0.3879,0.4013,0.4421,0.5488,0.1321,4.222,2.889,0.444,-0.6044
task-stim03,373.5,374.0,0.00046,5e-05,0.0,373.75,0.8967,0.0015,0.0744,0.1833,0.0,0.0291,0.06761,0.242,1831.5,0.6917,0.4007,0.4285,0.4866,0.5583,0.1352,4.593,3.111,0.37,-0.666
task-stim03,374.0,374.5,2e-05,7e-05,0.0,374.25,0.8941,0.0,0.0797,0.2079,0.0,0.041,0.09082,0.2099,1763.81,0.6192,0.4199,0.4283,0.4456,0.6026,0.1402,3.778,2.296,0.444,-0.5233
task-stim03,374.5,375.0,0.0,0.0,0.0,374.75,0.8941,0.0,0.0797,0.208,0.0,0.041,0.1854,0.0736,2421.33,0.432,0.3843,0.409,0.4,0.475,0.1129,4.444,3.481,0.667,-0.5357
task-stim03,375.0,375.5,0.00011,8e-05,0.0,375.25,0.8936,0.0005,0.0799,0.2157,0.0,0.0427,0.11016,0.2066,1851.39,0.5869,0.3346,0.3436,0.4473,0.3969,0.1309,3.852,2.963,0.741,-0.6339
task-stim03,375.5,376.0,0.00034,0.00013,0.0,375.75,0.8907,0.0011,0.0814,0.2704,0.0,0.0485,0.11891,0.1259,3348.57,0.3405,0.4231,0.4203,0.4845,0.5807,0.116,4.222,2.963,0.296,-0.5023
task-stim03,376.0,376.5,0.00024,4e-05,0.0,376.25,0.8877,0.0008,0.0828,0.323,0.0,0.0535,0.13324,0.143,3210.13,0.3197,0.471,0.4454,0.6446,0.5656,0.0704,4.0,2.37,0.37,-0.3124
task-stim03,376.5,377.0,0.00028,8e-05,0.0,376.75,0.8849,0.0009,0.0838,0.3692,0.0,0.0567,0.12086,0.2206,1801.23,0.5786,0.4167,0.4146,0.5574,0.4891,0.0977,4.222,2.593,0.37,-0.2781
task-stim03,377.0,377.5,0.00023,7e-05,0.0,377.25,0.8816,0.0007,0.086,0.45,0.0,0.0628,0.16947,0.1101,2229.98,0.4675,0.4117,0.3829,0.4484,0.5956,0.1214,4.148,2.519,0.444,-0.4065
task-stim03,377.5,378.0,0.00198,0.00238,0.0,377.75,0.8767,0.0051,0.0911,0.5492,0.0,0.066,0.14806,0.1616,1336.03,0.5933,0.3692,0.3845,0.4305,0.4779,0.1277,4.222,2.667,0.37,-0.4811
task-stim03,378.0,378.5,0.00034,0.00058,0.0,378.25,0.8663,0.0,0.1035,0.7498,0.0,0.0664,0.20254,0.0757,1893.9,0.5066,0.3345,0.3332,0.4304,0.4628,0.1404,5.259,4.222,0.667,-0.3626
task-stim03,378.5,379.0,0.0,0.0,0.0,378.75,0.8663,0.0,0.1035,0.7522,0.0,0.0665,0.15699,0.1035,2491.88,0.4014,0.3557,0.3378,0.4355,0.45,0.1114,4.593,3.852,0.889,-0.3966
task-stim03,379.0,379.5,0.0,1e-05,0.0,379.25,0.8663,0.0,0.1035,0.7522,0.0,0.0665,0.18395,0.0854,2061.23,0.4709,0.3341,0.3674,0.4573,0.4243,0.1269,4.074,3.333,0.667,-0.213
task-stim03,379.5,380.0,0.0,1e-05,0.0,379.75,0.8663,0.0,0.1035,0.7522,0.0,0.0664,0.17988,0.11,1502.74,0.531,0.3189,0.3492,0.3306,0.4172,0.146,3.556,2.519,0.815,-0.2836
task-stim03,380.0,380.5,0.0,0.0,0.0,380.25,0.8663,0.0,0.1035,0.7522,0.0,0.0664,0.08517,0.1872,3287.95,0.3762,0.3299,0.3317,0.4506,0.468,0.1416,4.074,2.889,0.444,-0.3642
task-stim03,380.5,381.0,0.0,0.0,0.0,380.75,0.8663,0.0,0.1035,0.7523,0.0,0.0664,0.11695,0.294,1097.3,0.5445,0.3802,0.3757,0.4811,0.553,0.1294,4.444,2.889,0.296,-0.3634
task-stim03,381.0,381.5,0.0,0.0,0.0,381.25,0.8663,0.0,0.1035,0.7523,0.0,0.0664,0.18972,0.1064,2248.42,0.4806,0.329,0.3307,0.4764,0.4325,0.1237,4.148,2.815,0.667,-0.3986
task-stim03,381.5,382.0,7e-05,0.00023,0.0,381.75,0.8663,0.0,0.1035,0.7565,0.0,0.0667,0.15323,0.1425,1545.87,0.6026,0.3017,0.3229,0.5371,0.3103,0.1316,4.519,3.481,0.815,-0.2468
task-stim03,382.0,382.5,0.0,0.0,0.0,382.25,0.8663,0.0,0.1035,0.7573,0.0,0.0668,0.11844,0.1497,2448.55,0.4226,0.3352,0.3455,0.4874,0.4647,0.1351,4.074,2.963,0.667,-0.3132
task-stim03,382.5,383.0,0.0,0.0,0.0,382.75,0.8663,0.0,0.1035,0.7573,0.0,0.0668,0.12942,0.2334,1282.97,0.6494,0.3022,0.3527,0.374,0.4026,0.1158,3.63,2.593,0.963,-0.2453
task-stim03,383.0,383.5,0.0,0.0,0.0,383.25,0.8663,0.0,0.1035,0.7571,0.0,0.0668,0.13408,0.1574,2346.9,0.4593,0.3375,0.3445,0.4112,0.4643,0.1406,3.556,2.296,0.593,-0.1831
task-stim03,383.5,384.0,0.0,0.0,0.0,383.75,0.8663,0.0,0.1035,0.7571,0.0,0.0668,0.13581,0.1376,2560.7,0.422,0.3468,0.352,0.5051,0.5148,0.1621,3.63,2.148,0.37,-0.1982
task-stim03,384.0,384.5,0.0,0.0,0.0,384.25,0.8663,0.0,0.1035,0.7571,0.0,0.0668,0.14539,0.1487,2400.77,0.4809,0.3405,0.3513,0.3143,0.4814,0.1566,3.778,2.37,0.444,-0.027
task-stim03,384.5,385.0,0.0,0.0,0.0,384.75,0.8663,0.0,0.1035,0.7571,0.0,0.0668,0.16142,0.19,1142.05,0.6203,0.3682,0.3699,0.4724,0.4578,0.1391,3.259,1.778,0.148,-0.1277
task-stim03,385.0,385.5,0.0,0.0,0.0,385.25,0.8663,0.0,0.1035,0.7571,0.0,0.0668,0.16684,0.0994,2464.42,0.4264,0.3265,0.3535,0.4426,0.3373,0.1366,3.556,2.296,0.519,-0.1055
task-stim03,385.5,386.0,0.0,0.0,0.0,385.75,0.8663,0.0,0.1035,0.7577,0.0,0.0668,0.13187,0.1226,2528.62,0.4477,0.3398,0.3687,0.4497,0.4073,0.1277,3.556,2.815,0.593,-0.0952
task-stim03,386.0,386.5,0.0,0.0,0.0,386.25,0.8663,0.0,0.1035,0.7577,0.0,0.0668,0.13419,0.1166,2773.55,0.3858,0.3201,0.3238,0.4731,0.4535,0.1482,3.778,3.037,0.444,-0.0704
task-stim03,386.5,387.0,0.0,0.0,0.0,386.75,0.8663,0.0,0.1035,0.7577,0.0,0.0668,0.1219,0.1781,1418.17,0.5888,0.3345,0.3298,0.4765,0.4286,0.1641,3.111,2.074,0.519,-0.1848
task-stim03,387.0,387.5,0.0,0.0,0.0,387.25,0.8663,0.0,0.1035,0.7577,0.0,0.0668,0.17797,0.083,2520.91,0.4232,0.3119,0.3337,0.4734,0.3903,0.1589,3.926,2.963,0.593,-0.2137
task-stim03,387.5,388.0,0.0146,0.01732,0.0,387.75,0.8228,0.0609,0.0981,0.6888,0.0,0.0636,0.05343,0.2243,1361.36,0.6715,0.3898,0.4223,0.557,0.5387,0.1335,3.185,2.222,0.074,-0.2367
task-stim03,388.0,388.5,0.03439,0.00274,0.0,388.25,0.447,0.1304,0.0536,0.2205,0.0,0.0354,0.0397,0.3411,1119.85,0.6141,0.3863,0.3975,0.4908,0.4781,0.1108,2.963,2.444,0.296,-0.2597
task-stim04,0.0,0.5,0.00611,0.00702,0.0,0.25,0.8948,0.0245,0.0695,0.1413,0.0,0.009,0.01859,0.5796,3323.7,0.5147,0.4756,0.4848,0.5201,0.564,0.1546,2.222,2.148,0.148,2.4932
task-stim04,0.5,1.0,0.00377,0.0029,0.0,0.75,0.8226,0.0017,0.1846,0.8772,0.0,0.0471,0.18142,0.0921,2362.33,0.5249,0.4889,0.5082,0.4837,0.7091,0.1236,3.407,2.074,0.444,0.6336
task-stim04,1.0,1.5,0.00248,6e-05,0.0,1.25,0.8224,0.0001,0.1842,0.8988,0.0,0.0493,0.18249,0.0919,1555.37,0.5898,0.3991,0.4135,0.5077,0.587,0.1351,4.0,2.593,0.593,0.5231
task-stim04,1.5,2.0,0.00255,6e-05,0.0,1.75,0.8227,0.0001,0.1837,0.9024,0.0,0.0509,0.11522,0.118,1903.43,0.5635,0.3615,0.3891,0.5014,0.5222,0.1364,3.259,2.074,0.593,0.9792
task-stim04,2.0,2.5,0.00256,6e-05,0.0,2.25,0.8227,0.0001,0.1836,0.9115,0.0,0.052,0.16749,0.2107,1453.41,0.4846,0.3696,0.3787,0.4802,0.6084,0.1142,3.333,2.148,0.889,1.2025
task-stim04,2.5,3.0,0.00261,4e-05,0.0,2.75,0.8224,0.0001,0.1839,0.9137,0.0,0.0535,0.13453,0.1906,2558.43,0.5473,0.4023,0.4179,0.5205,0.6057,0.121,3.852,2.815,0.889,1.2129
task-stim04,3.0,3.5,0.00261,4e-05,0.0,3.25,0.8221,0.0001,0.1842,0.9157,0.0,0.0536,0.13671,0.1641,1547.17,0.5599,0.3295,0.3259,0.5215,0.4744,0.1576,3.63,2.667,0.889,1.1077
task-stim04,3.5,4.0,0.00262,4e-05,0.0,3.75,0.8216,0.0001,0.1847,0.9092,0.0,0.0528,0.12546,0.1856,2647.4,0.3662,0.3987,0.3709,0.5757,0.5694,0.1504,2.963,2.0,0.593,1.3303
task-stim04,4.0,4.5,0.00263,3e-05,0.0,4.25,0.8212,0.0001,0.1851,0.9036,0.0,0.0511,0.13624,0.1509,2243.86,0.456,0.357,0.3528,0.5246,0.6224,0.1568,3.556,2.667,0.741,1.2935
task-stim04,4.5,5.0,0.00261,3e-05,0.0,4.75,0.8207,0.0002,0.1855,0.8956,0.0,0.0479,0.04787,0.4826,4167.48,0.2693,0.3722,0.381,0.5274,0.5603,0.1197,3.259,2.074,1.259,1.4633
task-stim04,5.0,5.5,0.00464,0.00215,0.0,5.25,0.8162,0.0048,0.1892,0.9694,0.0,0.0467,0.10863,0.4535,2997.1,0.4374,0.5018,0.5481,0.533,0.5229,0.1143,3.037,1.704,0.37,1.406
task-stim04,5.5,6.0,0.0048,0.00171,0.0,5.75,0.7963,0.0035,0.2034,1.3614,0.0,0.0915,0.15248,0.1654,1531.1,0.5575,0.3788,0.4282,0.5174,0.5025,0.1264,4.296,3.037,0.519,1.0863
task-stim04,6.0,6.5,0.00427,0.00015,0.0,6.25,0.7919,0.0003,0.2059,1.4771,0.0,0.1052,0.16994,0.1027,2017.32,0.4541,0.3415,0.3792,0.5259,0.4078,0.1317,4.222,3.037,0.667,0.9311
task-stim04,6.5,7.0,0.00436,0.00012,0.0,6.75,0.7911,0.0004,0.2064,1.4729,0.0,0.1049,0.21012,0.0795,1694.17,0.5491,0.3497,0.3553,0.5637,0.5462,0.154,4.37,3.185,0.444,0.8686
task-stim04,7.0,7.5,0.00437,9e-05,0.0,7.25,0.7904,0.0003,0.2065,1.4802,0.0,0.1043,0.09938,0.4539,3274.04,0.3907,0.3708,0.368,0.4254,0.4777,0.1364,4.0,2.741,0.519,0.7711
task-stim04,7.5,8.0,0.00434,0.00015,0.0,7.75,0.7904,0.0003,0.2063,1.4859,0.0,0.1026,0.10145,0.2414,2667.17,0.4373,0.3065,0.3183,0.3459,0.4698,0.1645,4.37,3.481,0.593,0.5087
task-stim04,8.0,8.5,0.00444,0.00012,0.0,8.25,0.7898,0.0002,0.2063,1.498,0.0,0.1028,0.12873,0.2639,2549.93,0.4389,0.3401,0.3453,0.4071,0.5145,0.1402,3.852,3.037,0.296,0.2844
task-stim04,8.5,9.0,0.00435,0.00016,0.0,8.75,0.7902,0.0004,0.2057,1.5058,0.0,0.1018,0.15755,0.3197,1052.74,0.6287,0.3438,0.3675,0.367,0.514,0.1468,3.926,2.815,0.593,0.3023
task-stim04,9.0,9.5,0.0043,0.00014,0.0,9.25,0.7903,0.0004,0.2051,1.5111,0.0,0.1024,0.14545,0.1447,1999.25,0.5607,0.3602,0.3724,0.4359,0.3687,0.1412,3.704,2.667,0.593,0.2931
task-stim04,9.5,10.0,0.00429,0.0001,0.0,9.75,0.7905,0.0002,0.2045,1.539,0.0,0.1036,0.20039,0.13,2098.1,0.4574,0.3726,0.3669,0.4394,0.5911,0.1356,3.852,2.667,0.815,0.2793
task-stim04,10.0,10.5,0.00441,0.00033,0.0,10.25,0.791,0.0005,0.2037,1.5434,0.0,0.1047,0.16133,0.0978,1909.66,0.5221,0.3902,0.3849,0.4585,0.534,0.1417,3.63,2.296,0.519,0.2469
task-stim04,10.5,11.0,0.00421,0.00012,0.0,10.75,0.7923,0.0002,0.2024,1.5479,0.0,0.1046,0.15164,0.0843,2753.08,0.3665,0.4355,0.4305,0.4726,0.5783,0.1205,3.778,2.519,0.37,0.2493
task-stim04,11.0,11.5,0.00422,0.0001,0.0,11.25,0.7929,0.0002,0.2012,1.5578,0.0,0.1058,0.13672,0.1279,2618.76,0.357,0.4101,0.4131,0.4833,0.533,0.1117,3.704,2.444,0.593,0.2384
task-stim04,11.5,12.0,0.00402,0.00013,0.0,11.75,0.7939,0.0006,0.1998,1.5675,0.0,0.1062,0.08257,0.1794,3240.44,0.3705,0.3583,0.3838,0.3867,0.4056,0.1459,3.704,2.593,0.519,0.1504
task-stim04,12.0,12.5,0.00382,8e-05,0.0,12.25,0.795,0.0002,0.1986,1.5586,0.0,0.1064,0.14623,0.1155,2525.41,0.4346,0.3512,0.3406,0.3723,0.5106,0.1432,3.63,2.519,0.519,0.1853
task-stim04,12.5,13.0,0.00368,0.00012,0.0,12.75,0.7953,0.0003,0.1978,1.5855,0.0,0.1087,0.14404,0.1439,2513.82,0.3795,0.3528,0.3702,0.3385,0.4693,0.1353,3.556,2.593,0.741,0.2332
task-stim04,13.0,13.5,0.00329,0.00011,0.0,13.25,0.7962,0.0002,0.197,1.5615,0.0,0.1101,0.15814,0.15,1291.1,0.4666,0.3783,0.406,0.3978,0.4041,0.1349,3.778,2.889,0.741,0.2582
task-stim04,13.5,14.0,0.01527,0.0163,0.0,13.75,0.8105,0.0124,0.1939,1.1626,0.333,0.1065,0.17615,0.0904,2149.36,0.4801,0.4134,0.4122,0.4441,0.5556,0.1372,3.63,2.296,0.593,0.2522
task-stim04,14.0,14.5,0.00112,0.00013,0.0,14.25,0.8264,0.0011,0.1905,0.8574,1.0,0.0933,0.1333,0.1244,2632.5,0.5147,0.5242,0.5013,0.5833,0.7101,0.1198,3.926,2.519,0.444,0.0033
task-stim04,14.5,15.0,0.00069,8e-05,0.0,14.75,0.8279,0.0002,0.1892,0.8827,1.0,0.0933,0.13342,0.1883,3260.89,0.4585,0.5518,0.5748,0.4592,0.6826,0.0961,3.704,2.37,0.444,-0.4773
task-stim04,15.0,15.5,0.00203,0.00137,0.0,15.25,0.8329,0.0055,0.1832,0.8996,0.667,0.0942,0.14692,0.1545,1724.37,0.5086,0.432,0.4327,0.5014,0.459,0.0936,4.074,2.667,0.963,-0.2616
task-stim04,15.5,16.0,0.00296,0.00104,0.0,15.75,0.8403,0.0003,0.1737,0.9154,0.0,0.0943,0.19158,0.083,2389.78,0.4319,0.6135,0.6316,0.5937,0.656,0.0624,2.889,1.333,0.296,-0.1469
task-stim04,16.0,16.5,0.00168,0.001,0.0,16.25,0.8402,0.0002,0.1736,1.0435,0.0,0.0962,0.15198,0.1398,1418.6,0.6564,0.518,0.5457,0.3846,0.6385,0.0705,3.778,2.222,0.37,0.078
task-stim04,16.5,17.0,0.00141,0.0001,0.0,16.75,0.8404,0.0002,0.1734,1.0375,0.0,0.0956,0.15257,0.1124,3036.23,0.3836,0.4483,0.4659,0.4178,0.5123,0.0815,4.148,2.815,0.815,0.2801
task-stim04,17.0,17.5,0.00145,0.00015,0.0,17.25,0.8405,0.0004,0.1733,1.031,0.0,0.0953,0.16273,0.1581,1667.39,0.6578,0.4594,0.4932,0.4002,0.4788,0.09,3.259,2.0,0.593,0.3065
task-stim04,17.5,18.0,0.00156,0.00013,0.0,17.75,0.8404,0.0002,0.1734,1.0339,0.0,0.0958,0.16934,0.0916,2741.46,0.4847,0.5149,0.5374,0.4374,0.5704,0.0831,4.0,2.815,0.444,0.3126
task-stim04,18.0,18.5,0.00299,0.00284,0.0,18.25,0.8383,0.0052,0.174,1.0361,0.0,0.0951,0.04409,0.2696,1704.25,0.5287,0.4974,0.543,0.4889,0.4596,0.0797,3.63,2.148,0.444,0.2907
task-stim04,18.5,19.0,0.01968,0.01245,0.0,18.75,0.7166,0.0523,0.1036,0.4304,0.0,0.0313,0.05746,0.1679,2336.48,0.406,0.4927,0.5249,0.4488,0.5834,0.0887,2.815,1.63,0.593,0.2284
task-stim04,19.0,19.5,0.00123,0.00071,0.0,19.25,0.6734,0.0048,0.0482,0.0804,0.0,0.0018,0.17014,0.1116,2971.47,0.467,0.4418,0.4287,0.4651,0.5514,0.0769,4.37,3.185,0.593,-0.2053
task-stim04,19.5,20.0,0.00123,0.00047,0.0,19.75,0.6887,0.0042,0.0828,0.2377,0.0,0.0137,0.13469,0.2328,1611.24,0.6755,0.4372,0.4584,0.341,0.4806,0.07,5.704,4.296,0.519,-0.6342
task-stim04,20.0,20.5,0.00075,0.00092,0.0,20.25,0.6981,0.0015,0.0938,0.31,0.0,0.061,0.09581,0.2042,1418.07,0.6657,0.4445,0.4936,0.1677,0.5841,0.0992,4.37,3.111,0.667,-0.5614
task-stim04,20.5,21.0,0.00026,0.00085,0.0,20.75,0.699,0.0003,0.095,0.3175,0.0,0.0683,0.08976,0.2032,764.92,0.5544,0.4003,0.4288,0.3085,0.4858,0.1112,4.593,3.63,0.593,-0.7916
task-stim04,21.0,21.5,0.09757,0.07841,0.0,21.25,0.6371,0.0555,0.2199,0.6273,0.0,0.1192,0.14562,0.1425,2234.17,0.5043,0.3399,0.3839,0.2839,0.3171,0.0932,3.778,3.037,0.667,-0.9868
task-stim04,21.5,22.0,2e-05,6e-05,0.0,21.75,0.5579,0.0,0.3403,2.1786,0.0,0.1774,0.11645,0.2193,3180.86,0.454,0.4978,0.5295,0.3546,0.5541,0.0895,5.407,4.37,0.444,-0.564
task-stim04,22.0,22.5,1e-05,1e-05,0.0,22.25,0.5579,0.0,0.3403,2.1789,0.0,0.1775,0.12903,0.1098,3427.09,0.335,0.3838,0.4022,0.3386,0.5553,0.1011,3.852,2.593,0.889,-0.4614
task-stim04,22.5,23.0,2e-05,4e-05,0.0,22.75,0.5579,0.0,0.3403,2.1796,0.0,0.1775,0.16519,0.0914,1443.55,0.6496,0.4484,0.4715,0.3067,0.5192,0.1148,3.778,2.37,0.519,-0.3499
task-stim04,23.0,23.5,1e-05,2e-05,0.0,23.25,0.5579,0.0,0.3403,2.1801,0.0,0.1775,0.10118,0.2395,1148.59,0.5686,0.448,0.51,0.2722,0.528,0.1117,3.407,2.148,0.593,-0.1586
task-stim04,23.5,24.0,1e-05,1e-05,0.0,23.75,0.5579,0.0,0.3403,2.18,0.0,0.1775,0.15952,0.1684,1434.27,0.591,0.481,0.5064,0.496,0.4906,0.0799,3.259,2.296,0.815,-0.0539
task-stim04,24.0,24.5,0.04236,0.04609,0.0,24.25,0.5389,0.0156,0.3248,1.9426,0.0,0.1525,0.14895,0.247,2591.85,0.5841,0.3797,0.4473,0.1857,0.3031,0.1169,3.481,2.444,0.889,0.0575
task-stim04,24.5,25.0,0.02588,0.04769,0.0,24.75,0.5349,0.0019,0.328,3.7307,0.0,0.1547,0.22011,0.0776,1294.37,0.6598,0.4601,0.4844,0.3735,0.5165,0.0953,4.667,3.481,0.444,0.15
task-stim04,25.0,25.5,0.00025,4e-05,0.0,25.25,0.5358,0.0,0.3312,4.1514,0.0,0.1616,0.10943,0.133,3197.15,0.3795,0.4167,0.4146,0.4122,0.5309,0.0981,4.148,2.889,0.667,-0.0415
task-stim04,25.5,26.0,4e-05,6e-05,0.0,25.75,0.5355,0.0001,0.3313,4.1385,0.0,0.1616,0.13577,0.1072,2584.81,0.43,0.4567,0.4668,0.3549,0.5781,0.0631,3.333,1.926,0.667,0.3194
task-stim04,26.0,26.5,0.00015,8e-05,0.0,26.25,0.5357,0.0001,0.3312,4.1463,0.0,0.1616,0.19323,0.0772,1453.09,0.6302,0.4483,0.4779,0.3723,0.5466,0.0619,3.63,2.444,0.741,0.4146
task-stim04,26.5,27.0,0.00019,6e-05,0.0,26.75,0.5357,0.0001,0.3312,4.1483,0.0,0.1616,0.1839,0.0806,2525.74,0.5512,0.4476,0.4742,0.4295,0.4301,0.0576,3.778,2.519,0.741,0.6156
task-stim04,27.0,27.5,1e-05,1e-05,0.0,27.25,0.5355,0.0,0.3313,4.1389,0.0,0.1616,0.18914,0.0679,2353.68,0.5604,0.4276,0.4673,0.3868,0.4834,0.0715,3.704,2.296,0.815,0.8146
task-stim04,27.5,28.0,0.0,0.0,0.0,27.75,0.5355,0.0,0.3313,4.1388,0.0,0.1616,0.07193,0.3706,3660.64,0.2577,0.4962,0.5359,0.3754,0.6356,0.0685,3.63,2.296,0.519,0.8226
task-stim04,28.0,28.5,0.0,1e-05,0.0,28.25,0.5355,0.0,0.3313,4.1389,0.0,0.1616,0.16093,0.1375,2707.46,0.3255,0.4498,0.444,0.3992,0.6045,0.0688,3.481,2.37,0.667,0.8346
task-stim04,28.5,29.0,0.0,1e-05,0.0,28.75,0.5355,0.0,0.3313,4.1389,0.0,0.1616,0.17732,0.0988,1705.32,0.5229,0.4225,0.4389,0.3581,0.5994,0.0658,4.0,3.037,0.667,0.9851
task-stim04,29.0,29.5,0.0,1e-05,0.0,29.25,0.5355,0.0,0.3313,4.1389,0.0,0.1616,0.0352,0.3101,1199.25,0.5977,0.439,0.4408,0.3492,0.6381,0.0583,3.704,2.444,0.667,1.0325
task-stim04,29.5,30.0,0.0485,0.06471,0.0,29.75,0.486,0.0452,0.3263,3.6772,0.0,0.1549,0.14895,0.1319,3318.83,0.4671,0.4369,0.4825,0.311,0.4669,0.0973,3.481,2.074,0.593,1.0933
task-stim04,30.0,30.5,0.04601,0.08624,0.0,30.25,0.4771,0.0045,0.3306,0.4821,0.0,0.101,0.158,0.0938,2468.21,0.49,0.5085,0.5316,0.3465,0.6087,0.0822,4.0,2.741,0.37,1.0987
task-stim04,30.5,31.0,1e-05,2e-05,0.0,30.75,0.4756,0.0,0.3321,0.4913,0.0,0.1031,0.08182,0.2881,3674.8,0.3075,0.4367,0.4626,0.2942,0.5347,0.109,3.481,2.222,0.741,0.3864
task-stim04,31.0,31.5,0.00021,0.00048,0.0,31.25,0.4754,0.0006,0.3319,0.4955,0.0,0.1031,0.1842,0.0954,2700.32,0.4838,0.4002,0.4695,0.1396,0.4512,0.087,2.889,1.852,1.259,0.6348
task-stim04,31.5,32.0,0.0019,0.00256,0.0,31.75,0.4631,0.0029,0.3239,0.6743,0.0,0.1031,0.15939,0.1316,1662.2,0.5627,0.4753,0.5006,0.3592,0.5032,0.0862,4.593,3.556,0.519,0.6661
task-stim04,32.0,32.5,0.0,0.0,0.0,32.25,0.4616,0.0,0.323,0.7129,0.0,0.1031,0.14639,0.1495,2130.52,0.4376,0.5496,0.5814,0.4577,0.5929,0.0556,4.0,3.185,0.815,0.4942
task-stim04,32.5,33.0,0.0,0.0,0.0,32.75,0.4616,0.0,0.323,0.713,0.0,0.1031,0.16347,0.1409,1291.25,0.6759,0.4114,0.4067,0.4159,0.6109,0.1226,3.481,2.593,0.741,0.7645
task-stim04,33.0,33.5,0.0,0.0,0.0,33.25,0.4616,0.0,0.323,0.7129,0.0,0.1031,0.14737,0.2026,1915.11,0.495,0.429,0.4764,0.2752,0.5872,0.1194,3.926,2.815,0.593,0.9198
task-stim04,33.5,34.0,0.0,0.0,0.0,33.75,0.4616,0.0,0.323,0.7129,0.0,0.1031,0.15839,0.2238,1642.69,0.5341,0.4734,0.5643,0.5231,0.3691,0.1254,4.222,3.111,0.667,0.733
task-stim04,34.0,34.5,0.0,0.0,0.0,34.25,0.4616,0.0,0.323,0.7128,0.0,0.1031,0.13983,0.1614,1876.58,0.597,0.5359,0.5891,0.5681,0.532,0.1076,4.0,2.741,0.296,0.8494
task-stim04,34.5,35.0,5e-05,0.00016,0.0,34.75,0.4616,0.0,0.323,0.7129,0.0,0.1031,0.05621,0.167,3578.86,0.3891,0.5448,0.545,0.4924,0.7322,0.0664,3.704,2.37,0.444,1.0382
task-stim04,35.0,35.5,1e-05,4e-05,0.0,35.25,0.4615,0.0,0.3231,0.7139,0.0,0.1031,0.13313,0.1383,2270.34,0.488,0.4769,0.5127,0.4438,0.4647,0.0755,3.407,2.37,0.741,1.218
task-stim04,35.5,36.0,0.00032,0.00106,0.0,35.75,0.4618,0.0011,0.3231,0.7157,0.0,0.1041,0.08515,0.406,3465.4,0.2904,0.4462,0.4673,0.5198,0.5487,0.0804,3.926,2.815,0.889,1.1585
task-stim04,36.0,36.5,0.037,0.02663,0.0,36.25,0.6698,0.1538,0.2749,0.4041,0.0,0.0704,0.0475,0.2751,2346.61,0.3822,0.5191,0.559,0.5873,0.5147,0.0695,3.407,1.852,0.519,0.8615
task-stim04,36.5,37.0,0.00022,0.00054,0.0,36.75,0.9125,0.0007,0.02,0.0036,0.0,0.0025,0.14808,0.1554,1942.98,0.5147,0.4079,0.3827,0.6042,0.4912,0.1401,4.0,2.741,0.519,-0.1156
task-stim04,37.0,37.5,0.02582,0.01681,0.0,37.25,0.8782,0.0179,0.1032,0.2282,0.0,0.0164,0.15431,0.1323,2146.94,0.4694,0.3939,0.3947,0.4299,0.4696,0.139,4.074,2.741,0.444,-0.6405
task-stim04,37.5,38.0,2e-05,2e-05,0.0,37.75,0.8597,0.0,0.1334,0.6857,0.0,0.0634,0.2022,0.0719,1303.14,0.5243,0.5309,0.5391,0.5676,0.5524,0.0802,5.037,3.407,0.37,-0.2231
task-stim04,38.0,38.5,0.00011,3e-05,0.0,38.25,0.8591,0.0004,0.1338,0.6999,0.0,0.0662,0.17743,0.1035,2876.07,0.3961,0.494,0.499,0.6186,0.4791,0.0931,4.667,3.259,0.593,-0.1803
task-stim04,38.5,39.0,0.00017,3e-05,0.0,38.75,0.8577,0.0004,0.1348,0.7243,0.0,0.074,0.19076,0.099,2856.51,0.3897,0.4455,0.4594,0.5712,0.561,0.0897,5.185,3.926,0.37,-0.0845
task-stim04,39.0,39.5,0.00027,2e-05,0.0,39.25,0.8557,0.0007,0.1362,0.7562,0.0,0.0833,0.16078,0.1837,1911.37,0.5401,0.475,0.4723,0.6267,0.5291,0.0916,4.296,3.111,0.296,-0.2356
task-stim04,39.5,40.0,0.00039,0.0004,0.0,39.75,0.8534,0.0006,0.1377,0.7936,0.0,0.0933,0.17897,0.116,2619.8,0.3842,0.4779,0.4726,0.5734,0.5758,0.0779,5.037,3.704,0.148,-0.2511
task-stim04,40.0,40.5,0.00023,0.0001,0.0,40.25,0.8514,0.0005,0.1391,0.8368,0.0,0.1071,0.16848,0.094,1349.16,0.4779,0.4388,0.4822,0.5071,0.5027,0.1043,4.741,3.333,0.37,-0.2441
task-stim04,40.5,41.0,0.00018,3e-05,0.0,40.75,0.8498,0.0004,0.1398,0.8563,0.0,0.1155,0.16767,0.0975,2952.15,0.3701,0.4297,0.4508,0.495,0.3832,0.0984,4.593,3.333,0.296,-0.1945
task-stim04,41.0,41.5,8e-05,3e-05,0.0,41.25,0.8488,0.0002,0.1403,0.867,0.0,0.1169,0.15325,0.442,1162.08,0.6488,0.4123,0.4423,0.4635,0.4376,0.0821,4.593,3.407,0.667,-0.0549
task-stim04,41.5,42.0,9e-05,2e-05,0.0,41.75,0.8481,0.0003,0.1406,0.8779,0.0,0.117,0.1636,0.2177,1906.03,0.472,0.3893,0.3998,0.4698,0.5047,0.0798,4.296,2.963,0.741,-0.1192
task-stim04,42.0,42.5,9e-05,1e-05,0.0,42.25,0.8472,0.0003,0.1412,0.8948,0.0,0.117,0.14925,0.1351,2416.58,0.4869,0.4142,0.4186,0.4527,0.4439,0.1024,4.963,3.778,0.444,-0.1633
task-stim04,42.5,43.0,9e-05,1e-05,0.0,42.75,0.8463,0.0002,0.1419,0.9146,0.0,0.1171,0.12964,0.1412,3774.95,0.2457,0.3725,0.3937,0.4096,0.3503,0.0989,4.0,2.815,0.667,-0.1042
task-stim04,43.0,43.5,7e-05,1e-05,0.0,43.25,0.8455,0.0002,0.1426,0.933,0.0,0.1208,0.13688,0.1309,3028.18,0.3972,0.3816,0.4123,0.293,0.4649,0.0901,4.296,3.037,0.593,-0.0317
task-stim04,43.5,44.0,0.04249,0.0412,0.0,43.75,0.7021,0.1769,0.1112,0.6745,0.0,0.0983,0.11879,0.522,1933.27,0.6254,0.4007,0.4323,0.3896,0.4752,0.069,3.852,2.593,0.667,-0.1105
task-stim04,44.0,44.5,0.01442,0.02038,0.0,44.25,0.2134,0.0163,0.0778,0.3528,0.0,0.0161,0.09049,0.7328,717.59,0.8408,0.4928,0.5035,0.5088,0.5803,0.069,4.296,2.815,0.296,-0.0184
task-stim04,44.5,45.0,0.00927,0.01015,0.0,44.75,0.2323,0.0149,0.1471,0.5377,0.0,0.0273,0.25698,0.0643,1585.52,0.4445,0.569,0.5889,0.5759,0.6008,0.0598,2.444,1.259,0.741,0.6427
task-stim04,45.0,45.5,0.02436,0.01086,0.0,45.25,0.2728,0.0016,0.2038,1.164,0.0,0.0969,0.20985,0.0726,2458.25,0.405,0.5269,0.5411,0.5247,0.6486,0.0956,2.889,1.778,0.37,0.9813
task-stim04,45.5,46.0,0.01133,8e-05,0.0,45.75,0.2739,0.0001,0.2045,1.4257,0.0,0.0993,0.23472,0.1328,1952.19,0.4335,0.4327,0.4414,0.4968,0.5501,0.0908,3.926,2.667,0.37,0.8941
task-stim04,46.0,46.5,0.01123,4e-05,0.0,46.25,0.2736,0.0001,0.2037,1.3997,0.0,0.0893,0.19819,0.0621,1540.38,0.528,0.4541,0.453,0.4723,0.7308,0.0958,3.778,2.519,0.444,1.1086
task-stim04,46.5,47.0,0.01385,0.00522,0.0,46.75,0.2658,0.0043,0.1757,1.0719,0.0,0.0865,0.10822,0.1139,2206.88,0.6459,0.4523,0.4495,0.4872,0.6682,0.0985,3.481,2.074,0.444,1.2846
task-stim04,47.0,47.5,0.00909,0.00067,0.0,47.25,0.2738,0.0032,0.1789,1.0807,0.0,0.096,0.2025,0.0554,1409.38,0.5073,0.5417,0.5399,0.5721,0.6136,0.0765,4.37,2.889,0.37,1.3971
task-stim04,47.5,48.0,0.01,0.00109,0.0,47.75,0.2828,0.0019,0.1939,1.2247,0.0,0.1056,0.20266,0.1109,1079.17,0.5471,0.5717,0.5678,0.6358,0.6367,0.0888,3.556,2.222,0.519,1.1225
task-stim04,48.0,48.5,0.00979,0.00197,0.0,48.25,0.2847,0.0009,0.1989,1.2472,0.0,0.0973,0.19871,0.0711,1108.05,0.5031,0.5291,0.5285,0.5933,0.7722,0.0862,3.704,2.519,0.296,0.9449
task-stim04,48.5,49.0,0.00833,0.00025,0.0,48.75,0.2819,0.0008,0.1944,1.1401,0.0,0.085,0.02149,0.6129,925.66,0.4137,0.4625,0.4865,0.5346,0.4596,0.0974,4.074,2.741,0.444,0.8211
task-stim04,49.0,49.5,0.00746,0.00024,0.0,49.25,0.2797,0.0006,0.1909,1.0713,0.0,0.0837,0.00153,1.0,995.04,0.5454,0.5023,0.5043,0.5176,0.6619,0.0951,4.074,2.519,0.296,0.8457
task-stim04,49.5,50.0,0.01749,0.0125,0.0,49.75,0.2503,0.0336,0.1392,0.563,0.0,0.0533,0.01076,0.8868,3431.72,0.5433,0.4802,0.4912,0.5707,0.5185,0.0765,3.926,2.593,0.519,0.7971
task-stim04,50.0,50.5,0.00687,0.01178,0.0,50.25,0.2078,0.0255,0.0203,0.0034,0.0,0.005,0.00257,1.0,3467.8,0.4375,0.4429,0.4583,0.4206,0.4402,0.1001,3.926,2.889,1.037,0.8486
task-stim04,50.5,51.0,0.02433,0.01812,0.0,50.75,0.4963,0.0872,0.0685,0.4416,0.0,0.0555,3e-05,1.0,3704.97,0.3421,0.37,0.3697,0.4653,0.4192,0.1246,4.148,2.963,0.815,1.138
task-stim04,51.0,51.5,0.0001,0.00016,0.0,51.25,0.5722,0.0003,0.0848,0.6501,0.0,0.0688,0.12826,0.8067,800.82,0.6135,0.4033,0.3996,0.3575,0.4889,0.0974,4.222,3.037,0.37,-0.3959
task-stim04,51.5,52.0,0.00012,5e-05,0.0,51.75,0.5734,0.0003,0.0866,0.6804,0.0,0.0697,0.17141,0.1306,2268.65,0.5784,0.4043,0.4352,0.3254,0.4507,0.094,4.519,3.704,0.444,-0.7259
task-stim04,52.0,52.5,0.00023,6e-05,0.0,52.25,0.5751,0.0007,0.09,0.7368,0.0,0.0755,0.17264,0.1041,2645.09,0.4109,0.4098,0.4287,0.3896,0.4243,0.0772,3.852,2.519,0.593,-0.4346
task-stim04,52.5,53.0,0.0003,3e-05,0.0,52.75,0.5781,0.001,0.0953,0.8224,0.0,0.0808,0.11522,0.1258,3253.21,0.3497,0.4085,0.3702,0.6035,0.5944,0.0954,3.926,2.519,0.593,-0.0185
task-stim04,53.0,53.5,0.00033,5e-05,0.0,53.25,0.5816,0.0011,0.101,0.9169,0.0,0.0866,0.1008,0.2114,2947.12,0.4113,0.4279,0.3911,0.5622,0.7278,0.1156,3.185,2.0,0.667,0.222
task-stim04,53.5,54.0,0.00038,4e-05,0.0,53.75,0.5854,0.0011,0.107,1.0333,0.0,0.0983,0.1131,0.1995,1443.3,0.6228,0.3806,0.3635,0.5803,0.6083,0.1118,3.704,2.37,0.519,0.1972
task-stim04,54.0,54.5,0.0004,7e-05,0.0,54.25,0.5893,0.0012,0.113,1.1593,0.0,0.1052,0.17596,0.2782,2246.39,0.4151,0.3552,0.3567,0.4892,0.5213,0.1064,3.556,2.296,0.519,0.0932
task-stim04,54.5,55.0,0.00038,6e-05,0.0,54.75,0.5932,0.0011,0.1188,1.2894,0.0,0.1229,0.16692,0.1596,2506.44,0.464,0.3553,0.3658,0.4337,0.4173,0.0976,3.778,2.519,0.444,0.1042
task-stim04,55.0,55.5,0.00046,0.00042,0.0,55.25,0.5971,0.0011,0.1237,1.4115,0.0,0.1448,0.1701,0.2511,1236.16,0.6677,0.359,0.3647,0.3803,0.5225,0.0953,4.0,2.667,0.593,0.0718
task-stim04,55.5,56.0,0.0002,2e-05,0.0,55.75,0.6002,0.0006,0.1274,1.5143,0.0,0.1523,0.15199,0.1299,2383.67,0.5268,0.3389,0.3371,0.5205,0.539,0.1315,4.222,2.815,0.37,0.027
task-stim04,56.0,56.5,0.00016,3e-05,0.0,56.25,0.6022,0.0005,0.1299,1.5852,0.0,0.164,0.16682,0.0979,1948.57,0.5221,0.3788,0.3542,0.4436,0.537,0.1163,4.074,2.963,0.37,0.1408
task-stim04,56.5,57.0,9e-05,4e-05,0.0,56.75,0.6035,0.0003,0.1313,1.6233,0.0,0.1704,0.16968,0.124,2462.54,0.4255,0.3696,0.3948,0.318,0.5432,0.1033,3.852,2.889,0.593,0.1368
task-stim04,57.0,57.5,8e-05,2e-05,0.0,57.25,0.6043,0.0003,0.1323,1.6499,0.0,0.1746,0.18784,0.0979,2807.92,0.4289,0.4057,0.4168,0.358,0.5067,0.1132,3.926,2.815,0.444,0.3603
task-stim04,57.5,58.0,5e-05,2e-05,0.0,57.75,0.605,0.0001,0.133,1.6711,0.0,0.1816,0.12849,0.451,1519.99,0.6464,0.3946,0.4291,0.364,0.4414,0.1144,4.074,2.963,0.815,0.3497
task-stim04,58.0,58.5,5e-05,3e-05,0.0,58.25,0.6053,0.0001,0.1333,1.6772,0.0,0.1858,0.17217,0.2935,1513.98,0.5837,0.4322,0.4242,0.3887,0.5576,0.1091,4.074,2.667,0.519,0.5044
task-stim04,58.5,59.0,0.00015,2e-05,0.0,58.75,0.6052,0.0,0.1333,1.6801,0.0,0.1869,0.1504,0.1611,1879.26,0.5261,0.4117,0.4214,0.4196,0.4441,0.1255,5.704,4.37,0.519,0.3342
task-stim04,59.0,59.5,0.00028,0.00012,0.0,59.25,0.605,0.0002,0.1334,1.6835,0.0,0.1871,0.14453,0.1521,1166.27,0.7101,0.6123,0.604,0.7767,0.5575,0.117,4.741,3.333,0.222,0.1896
task-stim04,59.5,60.0,0.00062,8e-05,0.0,59.75,0.6043,0.0001,0.1334,1.6893,0.0,0.1858,0.16146,0.1466,1363.18,0.6827,0.4861,0.5196,0.4868,0.5594,0.1099,4.0,2.519,0.444,0.4392
task-stim04,60.0,60.5,0.00108,0.00048,0.0,60.25,0.6035,0.0002,0.1334,1.6979,0.0,0.1878,0.12189,0.1762,1165.4,0.6152,0.3983,0.4174,0.5122,0.5122,0.1268,3.852,2.667,0.444,0.6516
task-stim04,60.5,61.0,0.00125,4e-05,0.0,60.75,0.6031,0.0001,0.1334,1.7072,0.0,0.1874,0.18478,0.0877,1471.4,0.5804,0.3612,0.3423,0.5697,0.4935,0.1334,4.0,2.667,0.667,0.485
task-stim04,61.0,61.5,0.00142,5e-05,0.0,61.25,0.6028,0.0,0.1335,1.7137,0.0,0.1894,0.17174,0.106,2249.6,0.4079,0.4051,0.3809,0.4902,0.5085,0.1239,4.222,2.667,0.222,0.4509
task-stim04,61.5,62.0,0.00144,3e-05,0.0,61.75,0.6028,0.0,0.1334,1.7106,0.0,0.1871,0.14876,0.1283,3502.22,0.3893,0.4074,0.3927,0.4597,0.6419,0.1432,4.296,2.963,0.222,0.3695
task-stim04,62.0,62.5,0.00144,4e-05,0.0,62.25,0.6028,0.0,0.1334,1.7091,0.0,0.1882,0.19666,0.0798,1606.04,0.5879,0.3853,0.3942,0.3987,0.619,0.1149,3.778,2.519,0.444,0.3852
task-stim04,62.5,63.0,0.00143,3e-05,0.0,62.75,0.6028,0.0,0.1335,1.7126,0.0,0.191,0.16781,0.2427,2978.34,0.437,0.3617,0.3778,0.4018,0.5038,0.1416,3.778,2.741,0.593,0.4429
task-stim04,63.0,63.5,0.00144,4e-05,0.0,63.25,0.6028,0.0,0.1334,1.7153,0.0,0.1904,0.17661,0.1009,2486.37,0.447,0.3858,0.3902,0.5151,0.5133,0.1243,3.185,2.148,0.741,0.3823
task-stim04,63.5,64.0,0.00135,8e-05,0.0,63.75,0.6029,0.0001,0.1334,1.7098,0.0,0.1899,0.18131,0.0895,1786.51,0.4763,0.3342,0.3703,0.488,0.3622,0.1264,4.0,2.519,0.741,0.3707
task-stim04,64.0,64.5,0.00132,3e-05,0.0,64.25,0.6029,0.0001,0.1333,1.7045,0.0,0.1927,0.17317,0.0983,2455.86,0.3602,0.3901,0.4217,0.3831,0.5135,0.1199,4.0,2.593,0.444,0.3103
task-stim04,64.5,65.0,0.00118,8e-05,0.0,64.75,0.6031,0.0001,0.1334,1.7046,0.0,0.1886,0.13441,0.1386,2436.18,0.4784,0.3284,0.331,0.402,0.6509,0.1418,3.704,2.519,0.444,0.12
task-stim04,65.0,65.5,0.01088,0.01943,0.0,65.25,0.604,0.0007,0.1332,1.6229,0.0,0.1854,0.14189,0.1321,3213.79,0.361,0.3317,0.3865,0.3467,0.4672,0.1415,3.926,2.741,0.37,0.3668
task-stim04,65.5,66.0,0.08549,0.00582,0.0,65.75,0.5996,0.0051,0.1433,0.5816,0.0,0.1173,0.04335,0.2346,1517.04,0.4072,0.3628,0.399,0.3505,0.5326,0.1482,4.815,3.481,0.37,0.4524
task-stim04,66.0,66.5,0.0526,0.02372,0.0,66.25,0.558,0.022,0.1854,0.55,0.0,0.0471,0.1698,0.1836,1563.17,0.5286,0.4534,0.4749,0.3928,0.6075,0.0895,3.556,2.593,0.815,0.6235
task-stim04,66.5,67.0,0.00075,0.00109,0.0,66.75,0.5237,0.0014,0.1981,0.9499,0.0,0.0186,0.19051,0.1325,2526.71,0.404,0.3973,0.4051,0.4031,0.5217,0.0794,3.481,2.815,1.259,0.7667
task-stim04,67.0,67.5,0.01158,0.01583,0.0,67.25,0.5696,0.0285,0.2027,1.3069,0.0,0.0178,0.18603,0.0831,1844.21,0.5544,0.4572,0.4872,0.4734,0.5814,0.0926,3.407,2.296,0.519,0.9344
task-stim04,67.5,68.0,0.0,1e-05,0.0,67.75,0.5931,0.0,0.2075,1.6149,0.0,0.0178,0.1818,0.1013,2205.99,0.4655,0.3885,0.414,0.2893,0.4777,0.065,4.444,3.185,0.815,0.5335
task-stim04,68.0,68.5,1e-05,1e-05,0.0,68.25,0.5931,0.0,0.2075,1.6152,0.0,0.0178,0.15223,0.1308,2394.9,0.3551,0.4559,0.4812,0.3021,0.5283,0.0701,2.963,1.926,0.593,0.3051
task-stim04,68.5,69.0,0.0,0.0,0.0,68.75,0.5931,0.0,0.2075,1.6152,0.0,0.0178,0.15414,0.1061,2844.77,0.3798,0.4455,0.4555,0.4101,0.5844,0.0602,4.0,2.815,0.667,0.3835
task-stim04,69.0,69.5,0.0,1e-05,0.0,69.25,0.5931,0.0,0.2075,1.6148,0.0,0.0178,0.17217,0.0819,2303.08,0.4726,0.4325,0.4881,0.2858,0.4602,0.0678,3.333,2.296,0.667,0.4392
task-stim04,69.5,70.0,0.0,1e-05,0.0,69.75,0.5931,0.0,0.2075,1.6147,0.0,0.0178,0.20681,0.0729,2320.78,0.3447,0.4044,0.4814,0.3143,0.4032,0.0684,3.185,2.148,0.667,0.5806
task-stim04,70.0,70.5,0.01162,0.01463,0.0,70.25,0.6224,0.0404,0.2161,1.5645,0.0,0.0219,0.09884,0.1229,2029.28,0.5581,0.4404,0.4626,0.323,0.6436,0.0695,3.778,2.444,0.444,0.7571
task-stim04,70.5,71.0,0.02724,0.0186,0.0,70.75,0.8826,0.0473,0.0827,0.1642,0.0,0.0333,0.14572,0.1964,1338.42,0.6225,0.4455,0.4731,0.3501,0.5611,0.0757,3.037,1.852,0.37,0.5423
task-stim04,71.0,71.5,0.01528,0.00087,0.0,71.25,0.9061,0.001,0.0579,0.1781,0.0,0.0442,0.15383,0.088,1230.69,0.5985,0.3765,0.4083,0.3723,0.3193,0.0957,3.63,2.444,0.963,-0.5534
task-stim04,71.5,72.0,0.01055,0.0014,0.0,71.75,0.908,0.0012,0.0458,0.1214,0.0,0.0165,0.16094,0.1059,964.62,0.6462,0.3346,0.3438,0.3201,0.4111,0.1036,3.185,2.37,0.963,-0.5611
task-stim04,72.0,72.5,0.00813,0.00058,0.0,72.25,0.9094,0.0004,0.0412,0.1078,0.0,0.0061,0.23315,0.0634,2107.19,0.5549,0.3274,0.3299,0.3177,0.5066,0.1323,3.333,2.37,0.519,-0.4927
task-stim04,72.5,73.0,0.00836,0.0005,0.0,72.75,0.9095,0.0005,0.0431,0.0996,0.0,0.0256,0.16495,0.1197,1714.42,0.5903,0.3529,0.3696,0.2786,0.4642,0.1344,3.481,2.519,0.667,-0.3539
task-stim04,73.0,73.5,0.01534,0.00226,0.0,73.25,0.9071,0.0012,0.0579,0.1891,0.0,0.0536,0.17169,0.1003,2111.15,0.4679,0.3508,0.3812,0.3078,0.3543,0.0993,3.778,3.037,0.815,-0.2289
task-stim04,73.5,74.0,0.01587,0.00094,0.0,73.75,0.9061,0.0005,0.0574,0.2009,0.0,0.0493,0.16097,0.1125,2677.81,0.42,0.395,0.4326,0.3227,0.4195,0.0893,3.259,2.222,0.667,-0.1793
task-stim04,74.0,74.5,0.01055,0.00175,0.0,74.25,0.9073,0.0011,0.0474,0.1281,0.0,0.0154,0.15209,0.1114,1196.77,0.6295,0.383,0.4006,0.18,0.6204,0.0899,3.111,1.926,0.963,-0.1523
task-stim04,74.5,75.0,0.00702,0.00035,0.0,74.75,0.9102,0.0002,0.0364,0.1075,0.0,0.0024,0.14665,0.1013,2988.66,0.389,0.379,0.3858,0.3276,0.5595,0.0854,3.185,1.778,0.593,-0.205
task-stim04,75.0,75.5,0.00345,0.00176,0.0,75.25,0.9112,0.0007,0.0285,0.0531,0.0,0.0024,0.13898,0.1237,1564.44,0.6,0.3563,0.3976,0.2664,0.4576,0.0974,3.333,2.0,0.519,-0.0865
task-stim04,75.5,76.0,0.00532,0.0016,0.0,75.75,0.9108,0.0002,0.0381,0.0507,0.0,0.0251,0.18463,0.0784,2254.91,0.4798,0.3519,0.3636,0.3248,0.4967,0.1099,3.63,2.444,0.593,-0.0494
task-stim04,76.0,76.5,0.0107,0.00129,0.0,76.25,0.9092,0.001,0.0494,0.1378,0.0,0.0505,0.19217,0.0749,1419.0,0.5118,0.3705,0.3843,0.2502,0.5044,0.0817,3.259,2.37,0.741,-0.2369
task-stim04,76.5,77.0,0.01142,0.00143,0.0,76.75,0.9071,0.0007,0.0511,0.1235,0.0,0.0306,0.20763,0.0732,2606.49,0.48,0.3276,0.3863,0.3511,0.2513,0.103,2.963,2.519,1.037,-0.2009
task-stim04,77.0,77.5,0.00721,0.00145,0.0,77.25,0.9095,0.001,0.0385,0.0945,0.0,0.0063,0.17317,0.0943,1132.56,0.6293,0.3625,0.3852,0.2214,0.5094,0.1119,2.963,2.37,0.593,-0.5011
task-stim04,77.5,78.0,0.00879,0.00147,0.0,77.75,0.9091,0.0005,0.0437,0.1106,0.0,0.0166,0.16667,0.0914,2740.32,0.3992,0.3382,0.3781,0.2623,0.462,0.1175,2.963,2.148,0.889,-0.5008
task-stim04,78.0,78.5,0.01005,0.00074,0.0,78.25,0.9097,0.0009,0.0453,0.1456,0.0,0.0258,0.16796,0.1042,1336.22,0.4548,0.3387,0.33,0.291,0.5487,0.1264,3.481,2.593,0.815,-0.4003
task-stim04,78.5,79.0,0.00879,0.00105,0.0,78.75,0.9081,0.0004,0.0457,0.1002,0.0,0.0165,0.18694,0.093,1228.34,0.6021,0.3763,0.407,0.2796,0.5132,0.0884,3.185,2.222,0.741,-0.4207
task-stim04,79.0,79.5,0.00834,0.005,0.0,79.25,0.9051,0.0104,0.0509,0.1133,0.0,0.0111,0.09255,0.1884,1036.39,0.5942,0.4012,0.397,0.4192,0.5133,0.1198,3.556,2.222,0.444,-0.1907
task-stim04,79.5,80.0,0.05812,0.03424,0.0,79.75,0.6286,0.1337,0.1669,1.5661,0.0,0.0678,0.11353,0.1842,1452.34,0.4889,0.4111,0.4239,0.4632,0.5079,0.1128,2.963,1.778,0.37,-0.1096
task-stim04,80.0,80.5,0.01164,0.0012,0.0,80.25,0.5134,0.0006,0.1609,3.0994,0.0,0.1618,0.21091,0.0693,1635.39,0.5707,0.4593,0.4912,0.422,0.4562,0.0946,4.519,3.556,0.815,0.0372
task-stim04,80.5,81.0,0.01122,0.00062,0.0,80.75,0.5119,0.0004,0.1597,3.0517,0.0,0.1604,0.16092,0.1099,1387.77,0.6014,0.3421,0.3528,0.4059,0.3561,0.132,3.556,2.519,0.889,0.0938
task-stim04,81.0,81.5,0.01148,0.00094,0.0,81.25,0.5131,0.0005,0.1609,3.0672,0.0,0.1612,0.15384,0.1124,2086.34,0.5184,0.4014,0.4162,0.4426,0.4028,0.1111,3.556,2.296,0.593,0.0668
task-stim04,81.5,82.0,0.0116,0.00065,0.0,81.75,0.5113,0.0013,0.1615,3.0602,0.0,0.1671,0.16354,0.107,2137.47,0.4684,0.3901,0.4383,0.4037,0.5096,0.1159,3.778,2.296,0.593,0.1657
task-stim04,82.0,82.5,0.01195,0.0011,0.0,82.25,0.5114,0.0007,0.1622,3.069,0.0,0.1713,0.1262,0.1734,1572.88,0.6219,0.4056,0.3914,0.3986,0.5179,0.1085,3.852,2.667,0.741,0.0523
task-stim04,82.5,83.0,0.01294,0.00179,0.0,82.75,0.5176,0.004,0.1651,3.0596,0.0,0.1711,0.13906,0.1209,2213.03,0.4624,0.4069,0.4184,0.4087,0.5335,0.0903,3.63,2.296,0.444,0.27
task-stim04,83.0,83.5,0.01203,0.00061,0.0,83.25,0.5261,0.001,0.1698,3.0203,0.0,0.1694,0.14776,0.0988,3268.46,0.3136,0.5796,0.5628,0.5163,0.7643,0.071,3.778,2.222,0.222,0.3217
task-stim04,83.5,84.0,0.0123,0.001,0.0,83.75,0.528,0.0008,0.1705,3.0847,0.0,0.1688,0.14431,0.1614,3298.3,0.3153,0.485,0.5101,0.4123,0.5409,0.067,3.63,2.222,0.667,0.2406
task-stim04,84.0,84.5,0.01267,0.00079,0.0,84.25,0.5287,0.0005,0.1703,3.1398,0.0,0.173,0.15922,0.121,2876.8,0.4065,0.4503,0.4435,0.4945,0.5435,0.0787,3.111,2.074,0.667,0.2789
task-stim04,84.5,85.0,0.01265,0.00084,0.0,84.75,0.5295,0.0004,0.1707,3.1568,0.0,0.1744,0.16023,0.1361,2564.3,0.4204,0.48,0.4803,0.5005,0.6473,0.0662,3.111,2.148,0.444,0.3046
task-stim04,85.0,85.5,0.01262,0.00056,0.0,85.25,0.5295,0.0007,0.1705,3.1841,0.0,0.1761,0.11735,0.149,2919.21,0.4434,0.4341,0.4889,0.2553,0.4338,0.0792,3.259,2.148,0.667,0.2992
task-stim04,85.5,86.0,0.01264,0.00047,0.0,85.75,0.5296,0.0006,0.1701,3.223,0.0,0.1773,0.18671,0.0948,1227.42,0.6487,0.4715,0.4911,0.3473,0.5608,0.0633,3.259,2.074,0.444,0.3597
task-stim04,86.0,86.5,0.01317,0.00073,0.0,86.25,0.5295,0.0015,0.1686,3.2652,0.0,0.1803,0.19101,0.098,2340.29,0.4318,0.4709,0.5084,0.2528,0.6389,0.0613,3.259,1.926,0.444,0.2877
task-stim04,86.5,87.0,0.01292,0.00036,0.0,86.75,0.5256,0.0001,0.1659,3.3187,0.0,0.1807,0.15101,0.148,1412.14,0.5819,0.4897,0.4985,0.3758,0.6667,0.0726,2.963,1.63,0.37,0.2591
task-stim04,87.0,87.5,0.01305,0.00054,0.0,87.25,0.526,0.0003,0.1656,3.3789,0.0,0.1813,0.15291,0.1001,3139.49,0.467,0.5306,0.5601,0.4636,0.5534,0.0793,2.963,1.778,0.519,0.372
task-stim04,87.5,88.0,0.04349,0.02641,0.0,87.75,0.5264,0.0012,0.1578,2.6409,0.0,0.1363,0.16943,0.1373,1176.8,0.5791,0.4337,0.4446,0.2809,0.6062,0.0632,2.963,2.0,0.889,0.3678
task-stim04,88.0,88.5,0.06624,0.01235,0.0,88.25,0.5263,0.0085,0.135,1.6308,0.0,0.0373,0.19186,0.0799,2048.6,0.5273,0.4202,0.4223,0.3733,0.5526,0.0872,3.111,2.0,0.519,0.5118
task-stim04,88.5,89.0,0.02998,0.0284,0.0,88.75,0.5668,0.0016,0.2041,2.8186,0.0,0.2408,0.1653,0.1034,2029.56,0.4552,0.4604,0.4836,0.3852,0.5581,0.0793,3.704,2.444,0.519,0.8125
task-stim04,89.0,89.5,0.02188,0.00193,0.0,89.25,0.5686,0.0006,0.2082,3.0062,0.0,0.2458,0.1912,0.0856,2691.1,0.4046,0.3971,0.4433,0.2592,0.477,0.0932,3.407,2.593,0.667,0.5714
task-stim04,89.5,90.0,0.02527,0.00038,0.0,89.75,0.5726,0.0018,0.209,3.058,0.0,0.2404,0.1432,0.0935,3079.67,0.3864,0.344,0.402,0.3159,0.4012,0.1095,3.852,2.963,0.741,0.6535
task-stim04,90.0,90.5,0.02404,0.00084,0.0,90.25,0.5767,0.001,0.2094,3.0658,0.0,0.2348,0.10342,0.1764,3540.71,0.4084,0.3445,0.3669,0.299,0.4966,0.1144,4.074,2.889,0.519,0.8178
task-stim04,90.5,91.0,0.02119,0.00091,0.0,90.75,0.5802,0.0008,0.2108,3.0022,0.0,0.2311,0.14971,0.208,2049.76,0.5876,0.3557,0.3594,0.451,0.3655,0.125,3.778,2.593,0.593,0.6885
task-stim04,91.0,91.5,0.01814,0.00088,0.0,91.25,0.5827,0.0008,0.2121,2.9618,0.0,0.2268,0.15422,0.1025,2760.25,0.4793,0.3433,0.3752,0.3582,0.418,0.1346,3.778,2.667,0.593,0.5538
task-stim04,91.5,92.0,0.01547,0.00081,0.0,91.75,0.5854,0.0007,0.2126,2.92,0.0,0.2272,0.16286,0.2409,2162.23,0.5238,0.4091,0.4283,0.2912,0.6175,0.1206,3.852,2.593,0.37,0.4676
task-stim04,92.0,92.5,0.01317,0.0008,0.0,92.25,0.587,0.0002,0.2131,2.8821,0.0,0.2238,0.15206,0.1024,2717.55,0.4231,0.3366,0.3667,0.3438,0.4545,0.1332,3.481,2.074,0.593,0.4732
task-stim04,92.5,93.0,0.01108,0.00057,0.0,92.75,0.5878,0.0004,0.2138,2.8911,0.0,0.2206,0.16538,0.1015,2886.2,0.3395,0.3313,0.3585,0.3408,0.4893,0.1289,4.222,2.889,0.593,0.5754
task-stim04,93.0,93.5,0.00933,0.00048,0.0,93.25,0.5892,0.0004,0.2142,2.8701,0.0,0.2207,0.14066,0.1464,3502.06,0.2752,0.3633,0.3835,0.3561,0.653,0.1083,3.704,2.519,0.37,0.6643
task-stim04,93.5,94.0,0.00786,0.00043,0.0,93.75,0.5905,0.0002,0.2143,2.8224,0.0,0.2213,0.15596,0.1181,3047.83,0.4781,0.3988,0.468,0.3415,0.3747,0.1214,3.778,2.741,0.37,0.5753
task-stim04,94.0,94.5,0.00671,0.00035,0.0,94.25,0.5911,0.0003,0.2144,2.8155,0.0,0.2216,0.11383,0.16,2279.19,0.4781,0.3832,0.4555,0.2552,0.464,0.0962,4.222,3.037,0.593,0.4521
task-stim04,94.5,95.0,0.00551,0.00048,0.0,94.75,0.5921,0.0003,0.2146,2.7865,0.0,0.2193,0.17656,0.0939,2323.36,0.5069,0.3779,0.3982,0.3083,0.4532,0.0983,3.333,2.074,0.593,0.6138
task-stim04,95.0,95.5,0.00449,0.0004,0.0,95.25,0.593,0.0002,0.2147,2.7469,0.0,0.2172,0.05337,0.1945,1551.85,0.3776,0.3774,0.4102,0.3484,0.5306,0.1075,3.926,2.667,0.296,0.5976
task-stim04,95.5,96.0,0.00358,0.0004,0.0,95.75,0.5935,0.0001,0.215,2.7377,0.0,0.2186,0.13559,0.1706,1380.4,0.627,0.418,0.4333,0.3276,0.5074,0.0754,3.259,2.074,0.593,0.5938
task-stim04,96.0,96.5,0.00281,0.00035,0.0,96.25,0.5939,0.0002,0.2152,2.7314,0.0,0.2192,0.16285,0.1148,2353.26,0.4322,0.3428,0.3885,0.3368,0.3989,0.0903,3.63,2.519,0.815,0.3433
task-stim04,96.5,97.0,0.00206,0.00039,0.0,96.75,0.5944,0.0001,0.2155,2.7441,0.0,0.2223,0.14659,0.1069,2183.57,0.472,0.3606,0.373,0.3644,0.559,0.1066,3.481,2.37,0.667,0.3909
task-stim04,97.0,97.5,0.00136,0.00057,0.0,97.25,0.5947,0.0001,0.2153,2.7149,0.0,0.2169,0.16745,0.1225,3524.24,0.3297,0.3627,0.3863,0.2902,0.5509,0.0987,3.481,2.296,0.667,0.3333
task-stim04,97.5,98.0,0.0008,0.00029,0.0,97.75,0.5951,0.0002,0.2155,2.7269,0.0,0.2198,0.14585,0.1756,1512.52,0.6262,0.3646,0.4053,0.187,0.5454,0.114,3.333,2.074,0.519,0.3768
task-stim04,98.0,98.5,0.00045,0.00068,0.0,98.25,0.5951,0.0001,0.2156,2.7472,0.0,0.2221,0.13302,0.1574,2949.46,0.4291,0.3654,0.4014,0.2612,0.5002,0.1064,3.63,2.593,0.741,0.4637
task-stim04,98.5,99.0,0.00035,0.00021,0.0,98.75,0.5951,0.0001,0.2156,2.7584,0.0,0.2238,0.17254,0.0874,1278.1,0.562,0.3719,0.4132,0.2938,0.4052,0.1072,3.259,2.148,0.593,0.4794
task-stim04,99.0,99.5,0.01005,0.01254,0.0,99.25,0.583,0.0197,0.1982,2.5073,0.0,0.2116,0.14346,0.1732,1534.06,0.7025,0.3833,0.3907,0.3527,0.5463,0.1016,3.556,2.222,0.593,0.4062
task-stim04,99.5,100.0,0.01165,0.01515,0.0,99.75,0.5475,0.0052,0.0631,0.56,0.0,0.0334,0.16941,0.1735,1521.16,0.4983,0.3844,0.3846,0.3359,0.5181,0.1043,4.0,2.667,0.593,0.451
task-stim04,100.0,100.5,0.00017,0.0002,0.0,100.25,0.5503,0.0001,0.0591,0.522,0.0,0.0307,0.1714,0.1182,2773.37,0.431,0.4428,0.4316,0.3576,0.6793,0.0661,3.63,2.667,0.815,0.5028
task-stim04,100.5,101.0,0.00017,0.00012,0.0,100.75,0.5513,0.0003,0.0626,0.5429,0.0,0.0308,0.1236,0.127,2564.26,0.3355,0.4753,0.49,0.3341,0.6353,0.0694,3.778,2.963,0.519,0.5527
task-stim04,101.0,101.5,0.00021,0.00021,0.0,101.25,0.5525,0.0003,0.0665,0.5819,0.0,0.0308,0.21722,0.0841,1661.1,0.5682,0.4351,0.4859,0.3321,0.3973,0.0946,3.259,2.37,0.593,0.4205
task-stim04,101.5,102.0,0.00024,0.00019,0.0,101.75,0.5533,0.0002,0.0693,0.5892,0.0,0.0308,0.08991,0.2356,3076.54,0.3996,0.4348,0.4413,0.3979,0.5942,0.0641,3.63,2.741,0.741,0.4333
task-stim04,102.0,102.5,0.00038,0.00018,0.0,102.25,0.5535,0.0001,0.0698,0.603,0.0,0.0308,0.16329,0.0849,3169.7,0.3831,0.4335,0.4302,0.3787,0.5867,0.0638,3.778,2.444,0.519,0.5645
task-stim04,102.5,103.0,0.00036,0.00014,0.0,102.75,0.5534,0.0001,0.0696,0.5925,0.0,0.0308,0.17185,0.1727,1157.22,0.6295,0.4352,0.4323,0.3944,0.578,0.0821,4.222,2.889,0.444,0.415
task-stim04,103.0,103.5,0.00174,0.00194,0.0,103.25,0.5579,0.0021,0.0823,1.0312,0.0,0.0308,0.16281,0.0969,2620.03,0.488,0.4394,0.4698,0.4513,0.5666,0.081,4.889,3.63,0.444,0.6153
task-stim04,103.5,104.0,0.00011,0.00019,0.0,103.75,0.5596,0.0001,0.0872,1.2461,0.0,0.0306,0.17744,0.0681,2409.59,0.4106,0.4819,0.5229,0.5528,0.4636,0.0845,4.667,3.333,0.667,0.4829
task-stim04,104.0,104.5,6e-05,0.00011,0.0,104.25,0.5595,0.0001,0.087,1.2348,0.0,0.0306,0.18038,0.0794,2417.7,0.4593,0.4601,0.4999,0.3964,0.524,0.1027,4.148,2.889,0.667,0.4868
task-stim04,104.5,105.0,8e-05,0.00018,0.0,104.75,0.5597,0.0001,0.0873,1.2507,0.0,0.0306,0.13313,0.0951,3242.17,0.3091,0.4262,0.4234,0.3151,0.5682,0.0739,3.333,2.222,0.667,0.4488
task-stim04,105.0,105.5,0.0001,0.00016,0.0,105.25,0.5595,0.0001,0.087,1.2346,0.0,0.0306,0.13331,0.2,2443.61,0.4267,0.4403,0.4616,0.369,0.5069,0.0733,3.556,2.37,0.519,0.4707
task-stim04,105.5,106.0,9e-05,0.00018,0.0,105.75,0.5597,0.0001,0.0872,1.2463,0.0,0.0306,0.0443,0.2644,1100.43,0.457,0.4575,0.4707,0.3503,0.6381,0.0722,3.407,2.0,0.593,0.5871
task-stim04,106.0,106.5,0.00036,0.00023,0.0,106.25,0.561,0.001,0.0897,1.2704,0.0,0.0338,0.11356,0.2833,1613.89,0.4574,0.4611,0.5035,0.2628,0.6228,0.0844,3.556,2.37,0.519,0.6629
task-stim04,106.5,107.0,0.00058,0.00012,0.0,106.75,0.5663,0.0018,0.0997,1.3582,0.0,0.0428,0.21001,0.067,2547.79,0.5302,0.3514,0.3752,0.3943,0.5147,0.1211,2.963,2.0,0.815,0.6554
task-stim04,107.0,107.5,0.00231,0.00204,0.0,107.25,0.5716,0.0011,0.1084,1.3957,0.0,0.06,0.17286,0.134,1367.37,0.5056,0.3549,0.3643,0.3169,0.586,0.1021,3.111,2.0,0.593,0.7045
task-stim04,107.5,108.0,0.00048,0.0005,0.0,107.75,0.5718,0.0008,0.1076,0.9702,0.0,0.0702,0.21841,0.0829,1831.43,0.5219,0.4583,0.4569,0.5484,0.6321,0.0873,2.963,1.63,0.222,0.928
task-stim04,108.0,108.5,0.00074,0.00067,0.0,108.25,0.5724,0.0002,0.1084,0.9902,0.0,0.0711,0.13311,0.1661,2477.35,0.4361,0.4145,0.4199,0.3919,0.5204,0.0876,3.556,2.222,0.667,0.9663
task-stim04,108.5,109.0,0.00125,0.00016,0.0,108.75,0.572,0.0002,0.1078,0.971,0.0,0.071,0.16575,0.079,3211.12,0.3647,0.4021,0.4668,0.3859,0.4729,0.0862,2.815,1.63,0.444,0.911
task-stim04,109.0,109.5,0.00179,0.0003,0.0,109.25,0.5719,0.0002,0.1075,0.9776,0.0,0.0714,0.13798,0.1168,2335.72,0.4913,0.4132,0.4381,0.4767,0.5824,0.0916,2.815,1.556,0.444,0.9915
task-stim04,109.5,110.0,0.00567,0.00188,0.0,109.75,0.583,0.0057,0.1249,1.4176,0.0,0.0714,0.18923,0.1067,2324.15,0.4497,0.4255,0.4446,0.4542,0.5301,0.0711,3.185,1.926,0.37,1.0002
task-stim04,110.0,110.5,0.00441,0.00181,0.0,110.25,0.5966,0.0018,0.1433,1.9228,0.0,0.0729,0.10978,0.2606,3013.51,0.4414,0.4741,0.4843,0.4711,0.5154,0.0937,4.593,3.259,0.37,0.7836
task-stim04,110.5,111.0,0.00319,0.0005,0.0,110.75,0.5978,0.0003,0.1444,1.9689,0.0,0.0736,0.14429,0.1439,1426.65,0.6474,0.4046,0.4418,0.3301,0.5135,0.1027,4.963,3.63,0.444,0.4406
task-stim04,111.0,111.5,0.00425,0.00016,0.0,111.25,0.5969,0.0002,0.1428,1.8493,0.0,0.075,0.17005,0.1131,1442.28,0.6306,0.4114,0.4308,0.3467,0.528,0.0999,4.37,2.963,0.519,0.5118
task-stim04,111.5,112.0,0.00551,0.00065,0.0,111.75,0.5966,0.0001,0.1414,1.8402,0.0,0.0728,0.13654,0.1311,1572.24,0.4365,0.4129,0.4617,0.2654,0.522,0.0981,4.37,2.667,0.296,0.5023
task-stim04,112.0,112.5,0.00626,0.00052,0.0,112.25,0.5965,0.0004,0.1407,1.8245,0.0,0.0704,0.17452,0.0724,2590.44,0.4398,0.4086,0.4658,0.3707,0.4917,0.0967,3.63,2.222,0.519,0.4045
task-stim04,112.5,113.0,0.00747,0.00024,0.0,112.75,0.5952,0.0003,0.1375,1.699,0.0,0.0684,0.21106,0.0622,2459.1,0.4103,0.3693,0.3892,0.453,0.4969,0.0964,3.926,2.815,0.593,0.3779
task-stim04,113.0,113.5,0.00888,0.00074,0.0,113.25,0.5934,0.0007,0.1335,1.608,0.0,0.0637,0.16821,0.0926,2757.23,0.3842,0.3709,0.3761,0.4141,0.5022,0.1011,3.037,2.0,0.519,0.4041
task-stim04,113.5,114.0,0.0104,0.00044,0.0,113.75,0.5913,0.0007,0.1279,1.422,0.0,0.0608,0.17098,0.0746,2673.18,0.3648,0.3915,0.4167,0.4128,0.4917,0.0868,3.481,2.296,0.667,0.5247
task-stim04,114.0,114.5,0.01225,0.00053,0.0,114.25,0.5885,0.0008,0.1205,1.2589,0.0,0.0567,0.13381,0.094,592.75,0.2137,0.4065,0.4261,0.4785,0.5358,0.0998,3.333,1.926,0.296,0.5005
task-stim04,114.5,115.0,0.01523,0.00174,0.0,114.75,0.586,0.0005,0.1112,1.1094,0.0,0.052,0.23311,0.0599,2059.84,0.4816,0.4415,0.4612,0.5499,0.5374,0.0842,3.481,2.0,0.444,0.3409
task-stim04,115.0,115.5,0.02281,0.00224,0.0,115.25,0.5842,0.0017,0.1028,1.0988,0.0,0.057,0.149,0.0944,1917.25,0.4299,0.3829,0.4253,0.45,0.5405,0.1043,3.333,1.926,0.593,0.4319
task-stim04,115.5,116.0,0.0311,0.00222,0.0,115.75,0.5762,0.0025,0.0978,1.194,0.0,0.0592,0.20866,0.0606,2894.77,0.339,0.3655,0.3706,0.5477,0.5129,0.1117,3.407,2.074,0.593,0.346
task-stim04,116.0,116.5,0.02928,0.00177,0.0,116.25,0.5722,0.0004,0.0865,1.2217,0.0,0.0776,0.2125,0.0591,1296.34,0.5437,0.3507,0.3346,0.5027,0.6411,0.1582,2.963,1.926,0.593,0.3971
task-stim04,116.5,117.0,0.02102,0.00299,0.0,116.75,0.5714,0.0007,0.0772,1.1844,0.0,0.0766,0.24304,0.0521,2279.77,0.3118,0.3676,0.3531,0.4301,0.6363,0.1211,2.963,1.852,0.667,0.3724
task-stim04,117.0,117.5,0.01004,0.0041,0.0,117.25,0.5695,0.0006,0.0752,1.205,0.0,0.075,0.15896,0.0885,2737.2,0.3659,0.3716,0.3564,0.4073,0.6465,0.1284,3.185,1.704,0.444,0.2817
task-stim04,117.5,118.0,0.00123,0.00044,0.0,117.75,0.5689,0.0,0.0756,1.2987,0.0,0.0733,0.08852,0.119,1561.88,0.5371,0.3717,0.373,0.2921,0.6442,0.1291,3.333,1.926,0.444,0.2596
task-stim04,118.0,118.5,0.00116,0.00049,0.0,118.25,0.5688,0.0,0.0757,1.3012,0.0,0.073,0.1637,0.1145,2490.74,0.4546,0.4036,0.4164,0.3336,0.5399,0.1276,3.037,2.074,0.444,0.3202
task-stim04,118.5,119.0,0.00103,0.0001,0.0,118.75,0.569,0.0,0.0757,1.3022,0.0,0.073,0.15694,0.1006,1472.18,0.5307,0.4008,0.429,0.4428,0.4247,0.0978,2.593,1.556,0.667,0.2895
task-stim04,119.0,119.5,0.0009,5e-05,0.0,119.25,0.5691,0.0,0.0758,1.3063,0.0,0.0727,0.14965,0.1436,1151.87,0.6473,0.4313,0.464,0.4328,0.6385,0.0976,3.259,1.852,0.444,0.3209
task-stim04,119.5,120.0,0.00083,2e-05,0.0,119.75,0.5691,0.0,0.0758,1.3036,0.0,0.0729,0.15401,0.0921,1290.15,0.4939,0.3998,0.4136,0.4525,0.6759,0.1078,2.815,1.481,0.593,0.4037
task-stim04,120.0,120.5,0.00091,3e-05,0.0,120.25,0.5691,0.0,0.0758,1.3064,0.0,0.0728,0.12634,0.1477,2956.89,0.3035,0.4299,0.42,0.4316,0.7669,0.0929,2.741,1.556,0.519,0.393
task-stim04,120.5,121.0,0.00084,2e-05,0.0,120.75,0.5691,0.0,0.0758,1.3049,0.0,0.0729,0.13953,0.1289,1500.58,0.5402,0.4047,0.4374,0.4319,0.7006,0.0974,2.667,1.704,0.667,0.4302
task-stim04,121.0,121.5,0.00091,3e-05,0.0,121.25,0.5691,0.0,0.0758,1.3049,0.0,0.0725,0.17221,0.1059,2617.99,0.4701,0.4141,0.4488,0.4786,0.6377,0.0798,2.519,1.704,0.593,0.4841
task-stim04,121.5,122.0,0.00091,3e-05,0.0,121.75,0.5691,0.0,0.0758,1.3043,0.0,0.0733,0.1448,0.1261,2276.31,0.3987,0.4165,0.4269,0.4876,0.6975,0.096,2.222,1.259,0.741,0.5779
task-stim04,122.0,122.5,0.0009,3e-05,0.0,122.25,0.5691,0.0,0.0758,1.3036,0.0,0.0729,0.14323,0.1266,2433.11,0.3709,0.4755,0.4862,0.3415,0.7584,0.0877,2.741,1.556,0.444,0.5514
task-stim04,122.5,123.0,0.00078,5e-05,0.0,122.75,0.5692,0.0,0.0758,1.3044,0.0,0.0725,0.09792,0.1836,1880.67,0.5218,0.4399,0.4399,0.379,0.6623,0.1017,2.593,1.407,0.519,0.5972
task-stim04,123.0,123.5,0.02326,0.02007,0.0,123.25,0.6548,0.0951,0.1218,0.9824,0.0,0.0615,0.05346,0.2299,2221.08,0.3257,0.4739,0.4899,0.3521,0.6972,0.0768,2.444,1.185,0.37,0.6234
task-stim04,123.5,124.0,0.0043,0.00933,0.0,123.75,0.9108,0.0049,0.0267,0.0083,0.0,0.0038,0.18317,0.0876,2514.72,0.463,0.3772,0.4016,0.2766,0.5574,0.0796,2.815,1.926,0.963,-0.1936
task-stim04,124.0,124.5,0.00342,0.00118,0.0,124.25,0.9026,0.0041,0.0637,0.1355,0.0,0.0024,0.19391,0.0974,2493.63,0.4419,0.4245,0.4189,0.3979,0.5127,0.0968,3.185,2.667,0.667,-1.6313
task-stim04,124.5,125.0,0.00434,0.00118,0.0,124.75,0.8916,0.0021,0.0839,0.3401,0.0,0.0385,0.21111,0.0742,1159.8,0.6402,0.3875,0.4088,0.3295,0.5076,0.0898,3.333,2.37,0.667,-1.1442
task-stim04,125.0,125.5,0.0036,0.00116,0.0,125.25,0.8879,0.0004,0.0888,0.4161,0.0,0.0753,0.19133,0.0946,2250.8,0.516,0.3829,0.4304,0.3427,0.5824,0.0881,3.407,2.37,0.444,-0.5388
task-stim04,125.5,126.0,0.00286,4e-05,0.0,125.75,0.8875,0.0001,0.0887,0.4205,0.0,0.0773,0.16673,0.0978,2759.52,0.4474,0.3271,0.3469,0.3264,0.52,0.0814,3.259,2.296,0.889,-0.4115
task-stim04,126.0,126.5,0.00307,0.00014,0.0,126.25,0.8866,0.0004,0.0906,0.4214,0.0,0.0759,0.16999,0.1237,2462.43,0.5038,0.3966,0.4304,0.4376,0.5571,0.0956,3.185,2.074,0.593,-0.4016
task-stim04,126.5,127.0,0.00294,0.00034,0.0,126.75,0.8863,0.0005,0.0904,0.4302,0.0,0.0785,0.07129,0.1579,1141.33,0.6127,0.433,0.4804,0.3494,0.4516,0.1007,3.259,2.074,0.519,-0.3078
task-stim04,127.0,127.5,0.0026,0.00026,0.0,127.25,0.8864,0.0004,0.0905,0.4098,0.0,0.0749,0.16299,0.1517,2262.51,0.4871,0.3344,0.3773,0.2757,0.4089,0.1327,2.963,1.778,0.593,-0.1851
task-stim04,127.5,128.0,0.00297,0.00024,0.0,127.75,0.886,0.0006,0.0913,0.4279,0.0,0.0791,0.14291,0.1449,2989.18,0.3277,0.3398,0.3396,0.3281,0.4882,0.0964,3.704,2.741,0.815,-0.1486
task-stim04,128.0,128.5,0.0026,0.00057,0.0,128.25,0.8866,0.0006,0.0897,0.4047,0.0,0.0746,0.16834,0.1371,1362.69,0.5499,0.3412,0.3705,0.3525,0.5584,0.1009,3.704,2.741,0.593,-0.5088
task-stim04,128.5,129.0,0.00301,0.00022,0.0,128.75,0.8858,0.0003,0.0919,0.4291,0.0,0.0787,0.1503,0.1269,2856.75,0.4483,0.3315,0.3457,0.4012,0.484,0.1145,3.259,2.074,0.667,-0.3169
task-stim04,129.0,129.5,0.00251,0.00015,0.0,129.25,0.8867,0.0004,0.0893,0.4118,0.0,0.0762,0.12379,0.2565,2927.84,0.4272,0.3374,0.3392,0.4057,0.5335,0.1162,3.63,2.296,0.593,-0.4192
task-stim04,129.5,130.0,0.00344,0.00102,0.0,129.75,0.886,0.0002,0.0916,0.4237,0.0,0.0771,0.18312,0.0983,1664.65,0.6087,0.3273,0.3548,0.3403,0.5298,0.127,2.741,1.556,0.593,-0.5098
task-stim04,130.0,130.5,0.01429,0.00277,0.0,130.25,0.8913,0.0049,0.0777,0.2416,0.0,0.0557,0.15391,0.1138,2335.4,0.5275,0.3097,0.3374,0.295,0.5014,0.1217,2.815,1.63,0.741,-0.3055
task-stim04,130.5,131.0,0.0135,0.00069,0.0,130.75,0.9016,0.0011,0.0581,0.0798,0.0,0.0309,0.08753,0.1263,1673.14,0.5647,0.387,0.3716,0.4385,0.5975,0.1245,3.111,1.852,0.444,-0.0613
task-stim04,131.0,131.5,0.01196,0.00212,0.0,131.25,0.8983,0.0008,0.0685,0.1503,0.0,0.0275,0.06535,0.198,1848.0,0.4162,0.4444,0.4391,0.5274,0.4821,0.072,3.185,2.0,0.593,0.0307
task-stim04,131.5,132.0,0.00647,0.00032,0.0,131.75,0.8989,0.0004,0.0672,0.1881,0.0,0.0218,0.15684,0.1016,2928.76,0.4324,0.4403,0.4494,0.3741,0.5163,0.0597,3.185,2.296,0.889,0.1606
task-stim04,132.0,132.5,0.00842,0.00068,0.0,132.25,0.8965,0.001,0.076,0.2538,0.0,0.0288,0.15381,0.112,1459.1,0.5409,0.3698,0.366,0.3495,0.5514,0.066,3.852,2.815,0.815,-0.1056
task-stim04,132.5,133.0,0.00627,0.00063,0.0,132.75,0.8996,0.0007,0.0638,0.1777,0.0,0.0236,0.13375,0.1135,3289.11,0.4184,0.4407,0.4286,0.4643,0.6069,0.0889,3.778,2.741,0.519,0.0454
task-stim04,133.0,133.5,0.01446,0.00583,0.0,133.25,0.8811,0.0133,0.0978,0.2038,0.0,0.0222,0.0463,0.2494,1129.51,0.5587,0.3824,0.3857,0.4319,0.4076,0.0698,3.778,2.815,0.963,0.036
task-stim04,133.5,134.0,0.01274,0.00996,0.0,133.75,0.862,0.0036,0.1246,0.4054,0.0,0.0929,0.19773,0.1158,2033.08,0.6022,0.4202,0.4285,0.3203,0.5576,0.0681,4.148,3.111,0.667,0.334
task-stim04,134.0,134.5,0.00085,0.00101,0.0,134.25,0.8559,0.0005,0.1373,0.8547,0.0,0.1109,0.19957,0.0681,2176.98,0.5013,0.432,0.4549,0.343,0.5736,0.0653,4.074,3.037,0.444,0.3297
task-stim04,134.5,135.0,0.00296,0.00334,0.0,134.75,0.8555,0.0003,0.1381,0.9353,0.0,0.1108,0.19459,0.08,2259.65,0.5037,0.3522,0.3755,0.1779,0.4087,0.0594,3.556,2.741,1.185,0.0405
task-stim04,135.0,135.5,0.00714,0.00019,0.0,135.25,0.8532,0.0012,0.1407,0.9725,0.0,0.1103,0.13968,0.0958,1048.89,0.5908,0.4224,0.426,0.3585,0.5453,0.0888,2.815,2.0,0.815,-0.0114
task-stim04,135.5,136.0,0.00754,0.00022,0.0,135.75,0.8504,0.0002,0.1448,1.017,0.0,0.1068,0.17161,0.0703,1523.32,0.5777,0.4102,0.4465,0.2453,0.5671,0.0908,3.63,2.593,0.741,0.0621
task-stim04,136.0,136.5,0.00759,0.0002,0.0,136.25,0.8496,0.0003,0.1447,1.0179,0.0,0.1072,0.16275,0.098,1646.54,0.5676,0.3557,0.3673,0.3717,0.5848,0.0978,3.259,2.222,0.889,-0.0338
task-stim04,136.5,137.0,0.00762,0.00017,0.0,136.75,0.8484,0.0003,0.145,1.0301,0.0,0.107,0.16853,0.0886,2408.42,0.5306,0.3916,0.437,0.298,0.469,0.0993,3.556,2.444,0.667,0.0485
task-stim04,137.0,137.5,0.00799,0.00031,0.0,137.25,0.8476,0.0002,0.1449,1.0439,0.0,0.1,0.21251,0.0726,2073.39,0.5145,0.3926,0.3977,0.3969,0.5501,0.0967,3.259,2.222,0.519,-0.1705
task-stim04,137.5,138.0,0.02537,0.01027,0.0,137.75,0.8481,0.0005,0.1397,0.5772,0.0,0.063,0.15808,0.1185,1855.69,0.5401,0.4259,0.4565,0.409,0.4089,0.0908,3.63,2.519,0.519,-0.0837
task-stim04,138.0,138.5,0.03648,0.00102,0.0,138.25,0.8491,0.0006,0.1381,0.5655,0.0,0.0217,0.19864,0.0644,1976.15,0.527,0.4418,0.4372,0.3758,0.653,0.0738,3.333,2.0,0.444,-0.2283
task-stim04,138.5,139.0,0.0276,0.00298,0.0,138.75,0.8577,0.0038,0.1332,0.4104,0.0,0.0387,0.17176,0.0874,1641.37,0.5798,0.3885,0.406,0.3901,0.4158,0.0628,3.852,2.667,0.741,0.3287
task-stim04,139.0,139.5,0.00337,0.0036,0.0,139.25,0.8579,0.0023,0.1296,0.2854,0.0,0.0224,0.20294,0.0927,1404.75,0.6303,0.482,0.4937,0.3925,0.584,0.0609,2.667,1.63,0.741,0.3029
task-stim04,139.5,140.0,0.00068,0.00051,0.0,139.75,0.8487,0.0018,0.1399,0.3686,0.0,0.0249,0.13788,0.0858,2508.57,0.4288,0.4596,0.4803,0.4126,0.5083,0.0627,3.556,2.519,0.741,-0.0035
task-stim04,140.0,140.5,0.00012,9e-05,0.0,140.25,0.8462,0.0003,0.1451,0.4084,0.0,0.0262,0.14697,0.1409,1652.06,0.5611,0.5014,0.5298,0.4459,0.508,0.0519,3.556,2.222,0.741,-0.1852
task-stim04,140.5,141.0,1e-05,1e-05,0.0,140.75,0.8459,0.0,0.1457,0.4114,0.0,0.0254,0.16225,0.1399,1658.84,0.5556,0.5327,0.5344,0.4813,0.6265,0.0542,3.333,2.148,0.667,-0.1522
task-stim04,141.0,141.5,2e-05,2e-05,0.0,141.25,0.8459,0.0,0.1457,0.4164,0.0,0.0254,0.02895,0.3979,1685.68,0.6706,0.4703,0.469,0.3757,0.7145,0.0549,3.259,2.222,0.815,-0.1539
task-stim04,141.5,142.0,0.00559,0.01072,0.0,141.75,0.8478,0.0029,0.145,0.3777,0.0,0.026,0.12879,0.236,1026.03,0.6676,0.5323,0.5281,0.4739,0.7235,0.0526,2.741,1.704,0.667,-0.12
task-stim04,142.0,142.5,0.0431,0.03058,0.0,142.25,0.7721,0.0496,0.2193,0.5272,0.0,0.0662,0.19913,0.0914,1965.58,0.528,0.4379,0.4197,0.5426,0.5238,0.0734,3.704,2.815,0.889,-0.2143
task-stim04,142.5,143.0,0.00063,0.00025,0.0,142.75,0.7342,0.0003,0.2516,1.0547,0.0,0.139,0.15056,0.1087,1334.4,0.631,0.5529,0.5367,0.6208,0.6961,0.0573,4.667,3.407,0.593,-0.3427
task-stim04,143.0,143.5,0.00128,0.00046,0.0,143.25,0.7331,0.0002,0.2511,1.0311,0.0,0.1401,0.14262,0.1273,1348.27,0.625,0.5051,0.4642,0.5584,0.7208,0.0862,4.37,2.889,0.444,-0.0689
task-stim04,143.5,144.0,0.00079,0.00041,0.0,143.75,0.733,0.0001,0.2508,1.0072,0.0,0.141,0.13831,0.1467,2784.09,0.4419,0.4973,0.488,0.3878,0.7299,0.0893,3.778,2.296,0.444,0.0165
task-stim04,144.0,144.5,0.0001,0.00012,0.0,144.25,0.7326,0.0001,0.2506,0.9919,0.0,0.141,0.14867,0.1431,2220.32,0.5158,0.4504,0.4534,0.439,0.5582,0.0931,3.852,2.519,0.593,0.1086
task-stim04,144.5,145.0,0.0,0.0,0.0,144.75,0.7325,0.0,0.2506,0.9904,0.0,0.141,0.23644,0.0638,1239.12,0.6085,0.3866,0.4067,0.3713,0.4714,0.0767,3.852,2.889,0.815,0.3289
task-stim04,145.0,145.5,0.0,0.0,0.0,145.25,0.7325,0.0,0.2506,0.9904,0.0,0.141,0.20071,0.1025,1451.55,0.5698,0.3433,0.3641,0.388,0.4483,0.0825,3.63,3.037,0.889,0.5309
task-stim04,145.5,146.0,0.0,0.0,0.0,145.75,0.7325,0.0,0.2506,0.9904,0.0,0.141,0.18352,0.0751,2725.65,0.4704,0.3647,0.3505,0.4356,0.4655,0.0814,3.556,2.889,0.963,0.5641
task-stim04,146.0,146.5,4e-05,7e-05,0.0,146.25,0.7326,0.0001,0.2506,0.9879,0.0,0.1409,0.17911,0.1054,2241.68,0.4383,0.3255,0.3347,0.3569,0.595,0.1246,4.0,2.963,0.519,0.5483
task-stim04,146.5,147.0,9e-05,7e-05,0.0,146.75,0.7334,0.0003,0.251,0.9706,0.0,0.1397,0.14787,0.1174,2740.41,0.4586,0.3103,0.3224,0.3294,0.4337,0.1229,3.926,2.593,0.815,0.5249
task-stim04,147.0,147.5,0.0012,0.00254,0.0,147.25,0.7338,0.0,0.251,0.9559,0.0,0.1391,0.17336,0.0889,2049.24,0.5541,0.33,0.3402,0.4478,0.4873,0.1412,3.481,2.296,0.815,0.6298
task-stim04,147.5,148.0,0.02611,0.00801,0.0,147.75,0.7332,0.0006,0.2492,0.6854,0.0,0.1254,0.15515,0.0874,1943.5,0.5295,0.3404,0.3734,0.3243,0.3523,0.1063,4.148,3.259,0.741,0.8316
task-stim04,148.0,148.5,0.03859,0.00631,0.0,148.25,0.7616,0.0308,0.237,0.3307,0.0,0.0578,0.22113,0.0583,1143.89,0.6722,0.3798,0.4021,0.33,0.4569,0.1135,3.852,2.889,0.741,0.9193
task-stim04,148.5,149.0,0.04694,0.00933,0.0,148.75,0.7505,0.028,0.2393,0.3772,0.0,0.0627,0.14183,0.1241,2030.62,0.5388,0.3919,0.3925,0.3485,0.5282,0.114,3.333,2.37,0.593,0.6678
task-stim04,149.0,149.5,0.0021,0.00513,0.0,149.25,0.7336,0.0001,0.2509,0.9522,0.0,0.1385,0.16234,0.0961,1243.45,0.6363,0.3336,0.3826,0.2509,0.3465,0.0858,4.148,3.185,1.037,0.6786
task-stim04,149.5,150.0,0.00114,0.00022,0.0,149.75,0.7337,0.0002,0.2513,0.9843,0.0,0.1388,0.13483,0.1179,2451.25,0.4584,0.5256,0.527,0.46,0.622,0.0718,5.259,4.074,0.519,0.9768
task-stim04,150.0,150.5,0.00083,0.00015,0.0,150.25,0.7343,0.0002,0.2516,1.0291,0.0,0.1388,0.1571,0.1146,1632.59,0.627,0.596,0.6319,0.4535,0.6883,0.055,3.185,2.296,0.593,0.8905
task-stim04,150.5,151.0,7e-05,0.00021,0.0,150.75,0.7345,0.0,0.2518,1.0563,0.0,0.1388,0.07457,0.1409,600.84,0.3726,0.5363,0.5685,0.4354,0.575,0.0552,3.407,2.519,0.593,0.8581
task-stim04,151.0,151.5,0.0,0.0,0.0,151.25,0.7345,0.0,0.2518,1.0563,0.0,0.1388,0.03748,0.3841,548.56,0.2784,0.4547,0.4836,0.4497,0.4339,0.0884,3.704,2.519,0.741,0.714
task-stim04,151.5,152.0,0.03358,0.03526,0.0,151.75,0.6605,0.0363,0.2562,0.4696,0.0,0.0834,0.17454,0.1121,1780.15,0.618,0.4332,0.4225,0.5558,0.5793,0.0841,2.889,2.0,0.519,0.5905
task-stim04,152.0,152.5,1e-05,2e-05,0.0,152.25,0.6254,0.0,0.2584,0.0951,0.0,0.0293,0.16509,0.1284,2839.63,0.517,0.344,0.3619,0.4088,0.4525,0.1007,4.148,3.259,0.889,0.3173
task-stim04,152.5,153.0,1e-05,2e-05,0.0,152.75,0.6254,0.0,0.2584,0.095,0.0,0.0293,0.15206,0.1821,1224.07,0.7585,0.2785,0.2993,0.3015,0.4762,0.16,3.704,2.667,0.963,-0.1129
task-stim04,153.0,153.5,0.00624,0.00732,0.0,153.25,0.6115,0.0148,0.271,0.1317,0.0,0.0444,0.07824,0.4334,1084.05,0.7913,0.2525,0.3098,0.3532,0.5813,0.1843,3.407,2.667,0.889,-0.1948
task-stim04,153.5,154.0,0.05316,0.01779,0.0,153.75,0.6294,0.0313,0.2998,0.2996,0.0,0.0877,0.18114,0.1329,1018.36,0.6105,0.3838,0.3832,0.3832,0.5556,0.1069,3.185,2.593,0.593,-0.3365
task-stim04,154.0,154.5,0.08133,0.01147,0.0,154.25,0.7276,0.0202,0.27,0.4424,0.0,0.0522,0.17755,0.1014,1182.49,0.6391,0.3546,0.3723,0.3455,0.4528,0.1054,3.926,3.037,0.667,-0.4331
task-stim04,154.5,155.0,0.09704,0.00711,0.0,154.75,0.6633,0.0149,0.2163,0.6879,0.0,0.113,0.16153,0.0929,3035.83,0.361,0.4086,0.4089,0.397,0.5252,0.0758,4.148,2.963,0.667,-0.2028
task-stim04,155.0,155.5,0.0111,0.02153,0.0,155.25,0.692,0.001,0.1964,1.6592,0.0,0.0879,0.13611,0.217,2364.17,0.4771,0.4526,0.4605,0.4791,0.4642,0.0969,3.778,2.444,0.444,0.2976
task-stim04,155.5,156.0,0.00027,0.0006,0.0,155.75,0.6924,0.0002,0.1967,1.7253,0.0,0.0876,0.12332,0.3241,1129.62,0.7415,0.347,0.3503,0.498,0.3906,0.1421,3.852,2.667,0.741,0.491
task-stim04,156.0,156.5,0.00029,0.00041,0.0,156.25,0.6912,0.0008,0.1975,1.7314,0.0,0.0876,0.14059,0.1439,2870.37,0.4391,0.4174,0.3995,0.5288,0.5458,0.1366,4.074,2.741,0.296,0.4325
task-stim04,156.5,157.0,0.00032,0.00037,0.0,156.75,0.6903,0.0001,0.1981,1.7623,0.0,0.0876,0.1397,0.3111,2889.37,0.4171,0.535,0.5326,0.5651,0.6694,0.0739,3.185,1.852,0.741,0.3863
task-stim04,157.0,157.5,0.00038,0.00067,0.0,157.25,0.6906,0.0003,0.198,1.783,0.0,0.0876,0.17187,0.2421,2064.9,0.5946,0.4939,0.4724,0.5889,0.6334,0.0766,2.889,1.481,0.593,0.4959
task-stim04,157.5,158.0,0.00012,0.00037,0.0,157.75,0.6899,0.0002,0.1981,1.775,0.0,0.0876,0.15026,0.1519,1383.25,0.5471,0.3931,0.4202,0.448,0.3129,0.0838,3.63,2.296,0.963,0.5308
task-stim04,158.0,158.5,0.00031,0.00073,0.0,158.25,0.6904,0.0002,0.198,1.7827,0.0,0.0876,0.13814,0.2176,1741.67,0.6143,0.3524,0.3807,0.3229,0.4258,0.1192,3.63,2.519,0.667,0.6005
task-stim04,158.5,159.0,0.00015,0.00042,0.0,158.75,0.6901,0.0004,0.1982,1.7927,0.0,0.0878,0.07345,0.415,4023.94,0.3204,0.3794,0.377,0.4672,0.4574,0.1213,4.222,3.333,0.593,0.6204
task-stim04,159.0,159.5,0.00028,0.00063,0.0,159.25,0.6903,0.0002,0.1981,1.7916,0.0,0.0878,0.19023,0.0851,2699.62,0.4671,0.3794,0.4147,0.2974,0.4888,0.1035,3.63,2.667,0.741,0.6724
task-stim04,159.5,160.0,0.00013,0.00041,0.0,159.75,0.6905,0.0004,0.1981,1.7981,0.0,0.0878,0.13751,0.2085,2092.97,0.5242,0.4227,0.4221,0.4176,0.6412,0.118,3.556,2.074,0.37,0.8425
task-stim04,160.0,160.5,0.00011,0.00035,0.0,160.25,0.69,0.0002,0.1982,1.7908,0.0,0.0878,0.18256,0.1424,1186.08,0.6689,0.4055,0.4002,0.3921,0.606,0.1331,3.704,2.296,0.37,0.8424
task-stim04,160.5,161.0,0.00018,0.00058,0.0,160.75,0.6906,0.0002,0.1981,1.799,0.0,0.0878,0.17599,0.1614,1539.13,0.6256,0.402,0.3808,0.4702,0.4932,0.125,3.556,2.444,0.37,0.691
task-stim04,161.0,161.5,0.00022,0.00052,0.0,161.25,0.69,0.0003,0.1982,1.792,0.0,0.0878,0.10268,0.271,2714.51,0.4332,0.3437,0.3255,0.5003,0.3398,0.1538,3.704,2.593,0.815,0.6509
task-stim04,161.5,162.0,0.00018,0.00058,0.0,161.75,0.6904,0.0002,0.1981,1.7951,0.0,0.0878,0.12906,0.1941,2952.83,0.511,0.3918,0.3638,0.6069,0.6039,0.145,3.63,2.444,0.519,0.8702
task-stim04,162.0,162.5,0.00012,0.0004,0.0,162.25,0.6903,0.0005,0.1982,1.7971,0.0,0.0878,0.16867,0.1345,1508.38,0.5375,0.3494,0.3439,0.4728,0.4997,0.1158,3.704,2.519,0.593,0.9283
task-stim04,162.5,163.0,0.00011,0.00037,0.0,162.75,0.6901,0.0002,0.1981,1.7923,0.0,0.0879,0.12361,0.5091,3226.86,0.3282,0.3613,0.3389,0.5191,0.5854,0.1175,3.926,2.667,0.593,0.7609
task-stim04,163.0,163.5,0.0005,0.00105,0.0,163.25,0.6906,0.0003,0.198,1.7999,0.0,0.0882,0.15084,0.183,2339.95,0.5185,0.3618,0.3913,0.4153,0.3579,0.1097,3.704,2.519,0.593,0.7621
task-stim04,163.5,164.0,0.02611,0.01828,0.0,163.75,0.7272,0.0267,0.1343,0.8095,0.0,0.0537,0.15673,0.1325,1350.16,0.5745,0.3965,0.4119,0.4809,0.4678,0.115,3.407,2.37,0.296,0.6847
task-stim04,164.0,164.5,0.00147,0.00078,0.0,164.25,0.7572,0.0004,0.0687,0.0418,0.0,0.0229,0.15221,0.2456,1791.87,0.5597,0.4734,0.4386,0.5626,0.6259,0.0891,4.815,3.63,0.519,0.6075
task-stim04,164.5,165.0,0.0017,0.00046,0.0,164.75,0.7557,0.0004,0.0679,0.0435,0.0,0.0228,0.10197,0.2055,2701.35,0.4759,0.635,0.6363,0.6797,0.7521,0.0734,3.259,1.778,0.296,0.5033
task-stim04,165.0,165.5,0.00395,0.00583,0.0,165.25,0.7546,0.001,0.07,0.0349,0.0,0.0155,0.06971,0.518,4068.68,0.3228,0.4954,0.4956,0.672,0.5495,0.0878,2.815,1.63,0.815,0.6028
task-stim04,165.5,166.0,0.02057,0.01482,0.0,165.75,0.7607,0.0179,0.161,0.6923,0.0,0.026,0.09832,0.5286,1501.36,0.5237,0.3989,0.4301,0.3252,0.4215,0.0673,4.667,3.704,0.741,0.6598
task-stim04,166.0,166.5,0.00017,4e-05,0.0,166.25,0.7732,0.0,0.189,0.8484,0.0,0.0275,0.181,0.1309,2096.58,0.5282,0.4574,0.4799,0.4077,0.4725,0.0794,3.926,2.889,0.444,0.3476
task-stim04,166.5,167.0,0.00014,1e-05,0.0,166.75,0.7732,0.0,0.189,0.848,0.0,0.0274,0.12643,0.1263,2972.43,0.3606,0.6109,0.625,0.6297,0.6182,0.0616,2.963,1.63,0.296,0.0509
task-stim04,167.0,167.5,0.00014,1e-05,0.0,167.25,0.7732,0.0,0.189,0.847,0.0,0.0274,0.07761,0.4873,1537.57,0.6477,0.5826,0.567,0.5911,0.7061,0.0682,2.963,1.704,0.519,-0.0147
task-stim04,167.5,168.0,0.00013,1e-05,0.0,167.75,0.7732,0.0,0.189,0.8476,0.0,0.0274,0.14836,0.1481,3205.29,0.314,0.4279,0.4135,0.5277,0.4858,0.1324,3.556,2.37,0.519,-0.1603
task-stim04,168.0,168.5,0.00013,1e-05,0.0,168.25,0.7732,0.0,0.189,0.8482,0.0,0.0274,0.14591,0.1427,2076.56,0.488,0.3904,0.4265,0.3514,0.4524,0.1149,4.074,2.741,0.444,-0.1565
task-stim04,168.5,169.0,0.0002,0.00027,0.0,168.75,0.7733,0.0,0.1891,0.8504,0.0,0.0274,0.1264,0.1391,1990.86,0.5143,0.3913,0.4259,0.3285,0.4866,0.1276,4.074,2.815,0.37,-0.1159
task-stim04,169.0,169.5,0.00017,4e-05,0.0,169.25,0.7732,0.0,0.1891,0.8549,0.0,0.0273,0.1473,0.1135,2748.16,0.426,0.4023,0.437,0.4028,0.45,0.114,3.926,2.815,0.37,0.1384
task-stim04,169.5,170.0,0.00026,2e-05,0.0,169.75,0.7731,0.0,0.1891,0.8568,0.0,0.0273,0.08136,0.2586,1955.86,0.5489,0.3887,0.417,0.3853,0.3675,0.0878,4.444,3.407,0.519,0.272
task-stim04,170.0,170.5,0.00029,1e-05,0.0,170.25,0.773,0.0,0.1891,0.8562,0.0,0.0273,0.18224,0.0882,1684.52,0.5414,0.3949,0.3939,0.4514,0.4713,0.0908,4.0,3.037,0.593,0.2568
task-stim04,170.5,171.0,0.00024,2e-05,0.0,170.75,0.7731,0.0,0.1891,0.8573,0.0,0.0273,0.16142,0.11,1620.77,0.5592,0.3991,0.4345,0.4011,0.3638,0.1018,4.074,2.963,0.741,0.118
task-stim04,171.0,171.5,0.00018,1e-05,0.0,171.25,0.7732,0.0,0.1891,0.8544,0.0,0.0273,0.08072,0.3302,1483.58,0.7547,0.3854,0.4542,0.2725,0.4361,0.1061,3.852,2.296,0.519,0.1678
task-stim04,171.5,172.0,0.00161,0.00166,0.0,171.75,0.7728,0.0002,0.1912,1.0713,0.0,0.0273,0.153,0.106,2970.24,0.4005,0.4337,0.483,0.3534,0.4805,0.0834,4.593,3.259,0.37,0.0301
task-stim04,172.0,172.5,0.00021,1e-05,0.0,172.25,0.7726,0.0,0.1927,1.2811,0.0,0.0273,0.11603,0.1301,3072.12,0.4015,0.5407,0.5448,0.4424,0.6655,0.0555,5.111,4.148,0.667,-0.1195
task-stim04,172.5,173.0,0.00027,4e-05,0.0,172.75,0.7725,0.0001,0.1927,1.2826,0.0,0.0273,0.10826,0.2268,2774.95,0.4931,0.5304,0.5521,0.5248,0.5135,0.0481,4.593,3.704,0.519,-0.2835
task-stim04,173.0,173.5,0.00029,3e-05,0.0,173.25,0.7725,0.0001,0.1927,1.2823,0.0,0.0273,0.17836,0.09,1503.54,0.5253,0.4234,0.4186,0.5276,0.4262,0.1065,4.222,3.333,0.815,-0.1912
task-stim04,173.5,174.0,0.00029,0.00023,0.0,173.75,0.7726,0.0,0.1928,1.282,0.0,0.0272,0.096,0.2677,2135.53,0.4991,0.4226,0.4711,0.3983,0.3865,0.0733,4.37,3.259,0.741,0.2802
task-stim04,174.0,174.5,0.00021,3e-05,0.0,174.25,0.7726,0.0,0.1928,1.2817,0.0,0.0271,0.15026,0.1258,1745.97,0.5702,0.5027,0.4844,0.571,0.6507,0.0809,4.444,3.111,0.444,0.1177
task-stim04,174.5,175.0,0.00034,3e-05,0.0,174.75,0.7724,0.0,0.1927,1.2837,0.0,0.0271,0.12688,0.2501,2548.67,0.3916,0.5349,0.4887,0.7509,0.6272,0.0629,4.222,2.593,0.519,0.2077
task-stim04,175.0,175.5,0.00112,0.00088,0.0,175.25,0.7688,0.0013,0.2002,1.3383,0.0,0.0406,0.01752,0.792,4107.82,0.3358,0.5052,0.4887,0.5359,0.6107,0.1327,4.963,3.185,0.296,0.0702
task-stim04,175.5,176.0,0.00109,0.00094,0.0,175.75,0.7677,0.0001,0.2038,1.5692,0.0,0.0639,0.17266,0.1714,2490.5,0.5209,0.4178,0.4061,0.4606,0.5355,0.0879,5.259,3.63,0.519,0.2712
task-stim04,176.0,176.5,0.00029,4e-05,0.0,176.25,0.7676,0.0001,0.2044,1.6628,0.0,0.0689,0.11995,0.2211,1711.6,0.5988,0.4481,0.4595,0.5575,0.3364,0.0911,5.481,4.074,0.741,0.084
task-stim04,176.5,177.0,0.00019,1e-05,0.0,176.75,0.7678,0.0,0.2044,1.6618,0.0,0.0689,0.10829,0.1807,1896.11,0.6096,0.4839,0.4821,0.5768,0.5385,0.0759,4.963,3.556,0.296,-0.0541
task-stim04,177.0,177.5,0.00017,2e-05,0.0,177.25,0.7678,0.0,0.2044,1.6624,0.0,0.0689,0.12427,0.3775,2461.72,0.4448,0.448,0.421,0.6529,0.5384,0.0718,4.444,3.037,0.667,-0.1671
task-stim04,177.5,178.0,0.00034,0.00067,0.0,177.75,0.7679,0.0001,0.2043,1.6611,0.0,0.0694,0.01817,0.7542,530.28,0.3759,0.4386,0.4475,0.4597,0.6093,0.0696,4.667,3.259,0.37,-0.0616
task-stim04,178.0,178.5,0.02463,0.01893,0.0,178.25,0.7593,0.0155,0.1333,0.8114,0.0,0.064,0.0584,0.4031,3883.19,0.1785,0.4249,0.4173,0.6927,0.4678,0.076,3.704,2.519,0.37,-0.2078
task-stim04,178.5,179.0,0.00018,0.00049,0.0,178.75,0.7447,0.0002,0.0734,0.4016,0.0,0.0976,0.18848,0.1056,2406.15,0.4724,0.3966,0.3836,0.5229,0.4123,0.1128,5.111,4.0,0.963,-0.1856
task-stim04,179.0,179.5,3e-05,5e-05,0.0,179.25,0.7449,0.0,0.0736,0.4089,0.0,0.0979,0.12867,0.1349,2546.05,0.4058,0.4974,0.4777,0.5363,0.4677,0.113,4.593,3.407,0.593,-0.3991
task-stim04,179.5,180.0,1e-05,2e-05,0.0,179.75,0.7448,0.0,0.0737,0.4092,0.0,0.0977,0.12183,0.1067,2892.84,0.3707,0.4183,0.4166,0.4972,0.6151,0.1069,4.074,2.889,0.519,-0.5646
task-stim04,180.0,180.5,1e-05,2e-05,0.0,180.25,0.7447,0.0,0.0736,0.4092,0.0,0.0978,0.12234,0.1644,3492.98,0.3227,0.4635,0.5248,0.3459,0.469,0.0885,4.37,3.333,0.519,-0.5265
task-stim04,180.5,181.0,0.0001,0.00023,0.0,180.75,0.7448,0.0002,0.0737,0.4116,0.0,0.0978,0.12499,0.6815,1636.65,0.6386,0.3966,0.3972,0.4633,0.3811,0.0851,4.593,3.778,0.963,-0.4959
task-stim04,181.0,181.5,0.00138,0.00194,0.0,181.25,0.7484,0.0009,0.0847,0.7427,0.0,0.0978,0.15374,0.137,2660.2,0.4479,0.3798,0.3681,0.5646,0.3633,0.1382,4.815,3.407,0.444,-0.3819
task-stim04,181.5,182.0,0.0,1e-05,0.0,181.75,0.7489,0.0,0.0864,0.8353,0.0,0.0978,0.14298,0.166,2435.2,0.4395,0.4785,0.4572,0.5328,0.5803,0.1343,4.889,3.556,0.37,-0.3677
task-stim04,182.0,182.5,0.0034,0.00449,0.0,182.25,0.7518,0.0028,0.0947,1.1808,0.0,0.0978,0.12972,0.1199,2836.87,0.4693,0.3959,0.4111,0.4465,0.4953,0.1137,4.593,3.63,0.444,-0.3662
task-stim04,182.5,183.0,1e-05,1e-05,0.0,182.75,0.7554,0.0,0.1071,1.8252,0.0,0.0978,0.12168,0.1802,2284.82,0.5602,0.4338,0.4179,0.4956,0.5307,0.1523,5.333,4.148,0.296,-0.5854
task-stim04,183.0,183.5,1e-05,1e-05,0.0,183.25,0.7554,0.0,0.1071,1.8252,0.0,0.0978,0.1933,0.0964,1645.68,0.5728,0.4071,0.408,0.4703,0.501,0.1311,4.148,3.037,0.444,-0.6966
task-stim04,183.5,184.0,0.00287,0.00336,0.0,183.75,0.7597,0.0027,0.1158,2.2079,0.0,0.098,0.18632,0.0814,3101.26,0.404,0.4053,0.3693,0.4728,0.5337,0.0987,4.741,3.63,0.444,-0.3691
task-stim04,184.0,184.5,1e-05,2e-05,0.0,184.25,0.7621,0.0,0.1215,2.524,0.0,0.0983,0.14764,0.279,1438.28,0.6523,0.3912,0.4169,0.4392,0.4907,0.1279,4.593,3.407,0.667,-0.624
task-stim04,184.5,185.0,0.0,1e-05,0.0,184.75,0.762,0.0,0.1215,2.5243,0.0,0.0983,0.13903,0.2921,2725.32,0.4789,0.3271,0.337,0.4478,0.319,0.1473,4.37,3.407,0.667,-0.6469
task-stim04,185.0,185.5,1e-05,1e-05,0.0,185.25,0.7621,0.0,0.1215,2.5243,0.0,0.0983,0.11145,0.4755,2551.6,0.5129,0.3961,0.4055,0.3621,0.5268,0.1279,4.37,3.63,0.444,-0.494
task-stim04,185.5,186.0,0.0,0.0,0.0,185.75,0.7621,0.0,0.1215,2.5242,0.0,0.0982,0.13842,0.255,2093.24,0.4786,0.3068,0.3269,0.5797,0.357,0.135,4.519,3.63,0.963,-0.2612
task-stim04,186.0,186.5,0.0,1e-05,0.0,186.25,0.7621,0.0,0.1215,2.5242,0.0,0.0982,0.11183,0.2019,2644.0,0.5163,0.3547,0.3832,0.6559,0.5385,0.1555,4.0,2.815,0.37,-0.3387
task-stim04,186.5,187.0,0.0,1e-05,0.0,186.75,0.7621,0.0,0.1215,2.5242,0.0,0.0982,0.1619,0.1376,1913.55,0.5366,0.324,0.3347,0.6217,0.4703,0.1671,4.741,3.259,0.37,-0.3515
task-stim04,187.0,187.5,0.0,0.0,0.0,187.25,0.7621,0.0,0.1215,2.5242,0.0,0.0982,0.14014,0.1403,2138.9,0.5531,0.3184,0.3354,0.6584,0.3108,0.1731,4.741,3.481,0.519,-0.3511
task-stim04,187.5,188.0,0.01307,0.01546,0.0,187.75,0.7631,0.0018,0.1171,1.8282,0.0,0.0861,0.05017,0.199,1577.06,0.4223,0.348,0.3586,0.4943,0.4503,0.1566,4.444,3.333,0.593,-0.2218
task-stim04,188.0,188.5,0.02345,0.0192,0.0,188.25,0.8091,0.0227,0.0881,0.299,0.0,0.065,0.0693,0.3004,3600.24,0.3157,0.3631,0.382,0.4783,0.444,0.1408,5.259,3.778,0.296,-0.3201
task-stim04,188.5,189.0,0.00142,0.00044,0.0,188.75,0.8301,0.0,0.0817,0.3371,0.0,0.0807,0.13923,0.1355,3258.65,0.3303,0.4669,0.4984,0.3885,0.6156,0.1241,4.37,2.593,0.444,-0.5007
task-stim04,189.0,189.5,0.00208,0.00029,0.0,189.25,0.8299,0.0002,0.0822,0.3441,0.0,0.0837,0.14114,0.2001,1703.89,0.6,0.4749,0.489,0.5333,0.6218,0.1436,3.333,1.852,0.296,-0.5323
task-stim04,189.5,190.0,0.00289,0.00014,0.0,189.75,0.8296,0.0001,0.0831,0.3526,0.0,0.0899,0.14304,0.1969,2958.95,0.3969,0.4351,0.4957,0.3995,0.3072,0.0963,3.778,2.593,0.741,-0.4525
task-stim04,190.0,190.5,0.00325,0.0002,0.0,190.25,0.8299,0.0001,0.083,0.3466,0.0,0.0895,0.11974,0.1089,2809.39,0.3938,0.4567,0.4715,0.4258,0.6435,0.0873,3.704,2.37,0.444,-0.3731
task-stim04,190.5,191.0,0.00385,0.00019,0.0,190.75,0.8299,0.0002,0.0833,0.3499,0.0,0.0872,0.11782,0.1683,1069.26,0.691,0.4416,0.4927,0.3686,0.5098,0.1068,3.185,1.778,0.37,-0.3527
task-stim04,191.0,191.5,0.00427,0.00021,0.0,191.25,0.83,0.0001,0.0834,0.3472,0.0,0.0821,0.11343,0.2941,1635.13,0.5139,0.4664,0.5249,0.3621,0.5838,0.1022,3.852,2.519,0.37,-0.2828
task-stim04,191.5,192.0,0.00485,0.00015,0.0,191.75,0.8301,0.0001,0.0834,0.3526,0.0,0.082,0.14617,0.1041,3324.37,0.3007,0.4054,0.4307,0.4119,0.5126,0.0894,3.63,2.519,0.889,-0.3561
task-stim04,192.0,192.5,0.00556,0.00022,0.0,192.25,0.8302,0.0002,0.0835,0.3472,0.0,0.078,0.13093,0.245,1530.58,0.5705,0.4306,0.4671,0.4163,0.5585,0.1191,3.852,2.815,0.519,-0.2997
task-stim04,192.5,193.0,0.00607,0.00014,0.0,192.75,0.8301,0.0001,0.0838,0.3456,0.0,0.0797,0.13603,0.1915,1415.15,0.6024,0.4332,0.457,0.4644,0.6979,0.1572,4.148,2.963,0.296,-0.3479
task-stim04,193.0,193.5,0.00686,0.00041,0.0,193.25,0.8301,0.0002,0.0846,0.3503,0.0,0.0824,0.16978,0.1419,2295.33,0.4492,0.3887,0.4189,0.4502,0.544,0.1471,3.63,2.519,0.519,-0.3542
task-stim04,193.5,194.0,0.00816,0.00052,0.0,193.75,0.8294,0.0005,0.0855,0.3591,0.0,0.0869,0.14176,0.1906,2973.18,0.3928,0.4025,0.442,0.4057,0.4221,0.1088,3.481,2.519,0.519,-0.377
task-stim04,194.0,194.5,0.0095,0.00051,0.0,194.25,0.8294,0.0003,0.0863,0.3549,0.0,0.0858,0.18363,0.0951,2509.0,0.451,0.3946,0.4171,0.4444,0.4924,0.081,3.63,2.519,0.444,-0.4806
task-stim04,194.5,195.0,0.01167,0.00075,0.0,194.75,0.8274,0.001,0.0892,0.3659,0.0,0.0878,0.13332,0.122,2292.17,0.45,0.3428,0.3508,0.4325,0.4511,0.1004,3.926,2.667,0.741,-0.5799
task-stim04,195.0,195.5,0.01312,0.00021,0.0,195.25,0.8258,0.0004,0.0899,0.3684,0.0,0.0903,0.17095,0.0886,2407.32,0.3515,0.3702,0.372,0.3927,0.4683,0.1265,4.222,2.889,0.741,-0.5284
task-stim04,195.5,196.0,0.01265,0.00027,0.0,195.75,0.8249,0.0002,0.0882,0.3388,0.0,0.0881,0.14645,0.1405,2934.92,0.41,0.4077,0.3973,0.4422,0.5503,0.1437,3.259,1.926,0.444,-0.505
task-stim04,196.0,196.5,0.01233,0.00057,0.0,196.25,0.8214,0.0015,0.0905,0.3284,0.0,0.0896,0.16538,0.1129,2155.9,0.4732,0.3957,0.4219,0.3535,0.5223,0.1339,3.704,2.519,0.741,-0.4822
task-stim04,196.5,197.0,0.01073,0.00037,0.0,196.75,0.8138,0.0029,0.0961,0.3187,0.0,0.0898,0.13515,0.1341,2975.23,0.3426,0.3402,0.362,0.3556,0.3983,0.1039,4.37,3.037,0.741,-0.4501
task-stim04,197.0,197.5,0.01113,0.00055,0.0,197.25,0.809,0.0005,0.102,0.3646,0.0,0.0909,0.14728,0.1168,2219.24,0.4763,0.3872,0.4153,0.443,0.41,0.1135,4.222,2.815,0.667,-0.3689
task-stim04,197.5,198.0,0.00964,0.00046,0.0,197.75,0.8099,0.0005,0.0983,0.3506,0.0,0.0924,0.18031,0.1123,1119.74,0.5029,0.4153,0.4292,0.4533,0.5085,0.101,4.074,2.741,0.519,-0.3826
task-stim04,198.0,198.5,0.00784,0.00042,0.0,198.25,0.8119,0.0004,0.0939,0.3277,0.0,0.0918,0.19415,0.0839,2703.27,0.4849,0.5021,0.5109,0.4514,0.6952,0.074,3.63,2.222,0.222,-0.3514
task-stim04,198.5,199.0,0.00647,0.00039,0.0,198.75,0.813,0.0003,0.0912,0.3134,0.0,0.0925,0.14635,0.1144,1321.36,0.4969,0.4308,0.4487,0.4186,0.4972,0.1147,3.185,1.926,0.37,-0.3272
task-stim04,199.0,199.5,0.00521,0.00039,0.0,199.25,0.812,0.0002,0.0889,0.3,0.0,0.0948,0.13513,0.1202,2657.41,0.4317,0.372,0.3982,0.4059,0.4117,0.1024,3.704,2.519,0.519,-0.2993
task-stim04,199.5,200.0,0.00396,0.00032,0.0,199.75,0.8123,0.0001,0.0875,0.283,0.0,0.0897,0.12961,0.13,3313.95,0.2624,0.4124,0.4186,0.4719,0.595,0.113,3.259,1.852,0.222,-0.4033
task-stim04,200.0,200.5,0.00291,0.00027,0.0,200.25,0.8125,0.0001,0.0857,0.2598,0.0,0.0862,0.18099,0.0904,2459.37,0.418,0.3961,0.3841,0.4147,0.5812,0.1366,3.481,2.074,0.519,-0.4775
task-stim04,200.5,201.0,0.00196,0.00033,0.0,200.75,0.812,0.0002,0.0848,0.2528,0.0,0.0857,0.12646,0.1304,2548.28,0.3823,0.4162,0.4201,0.4328,0.5282,0.1329,3.481,2.148,0.741,-0.3725
task-stim04,201.0,201.5,0.00098,0.00023,0.0,201.25,0.812,0.0001,0.0834,0.2278,0.0,0.0858,0.16126,0.15,2339.29,0.4845,0.3966,0.4266,0.3594,0.5983,0.1418,3.333,2.222,0.444,-0.3256
task-stim04,201.5,202.0,0.00056,7e-05,0.0,201.75,0.812,0.0001,0.0834,0.2355,0.0,0.0856,0.13348,0.228,1576.25,0.5931,0.3969,0.4302,0.4091,0.5078,0.1306,4.148,3.185,0.741,-0.2626
task-stim04,202.0,202.5,0.00093,0.00018,0.0,202.25,0.8113,0.0002,0.0852,0.281,0.0,0.0855,0.19192,0.0907,1077.69,0.6705,0.5004,0.5285,0.4126,0.6078,0.097,4.519,3.704,0.519,-0.2829
task-stim04,202.5,203.0,0.00129,7e-05,0.0,202.75,0.8108,0.0001,0.0859,0.3092,0.0,0.0855,0.11781,0.1517,1962.98,0.545,0.4765,0.4415,0.5527,0.638,0.0589,3.778,2.741,0.667,-0.1009
task-stim04,203.0,203.5,0.00104,6e-05,0.0,203.25,0.8104,0.0001,0.0868,0.3252,0.0,0.0855,0.18819,0.067,3033.5,0.4102,0.4788,0.497,0.4201,0.6549,0.074,3.778,2.519,0.296,-0.0445
task-stim04,203.5,204.0,0.001,0.00028,0.0,203.75,0.8096,0.0004,0.0886,0.3551,0.0,0.0856,0.15629,0.1629,1350.43,0.5143,0.4418,0.4299,0.4861,0.5672,0.1084,4.0,2.889,0.519,-0.148
task-stim04,204.0,204.5,0.00083,0.00018,0.0,204.25,0.8088,0.0,0.0907,0.3839,0.0,0.0858,0.17761,0.086,1419.44,0.5039,0.4809,0.4934,0.4438,0.5489,0.0788,3.704,2.667,0.667,-0.1813
task-stim04,204.5,205.0,0.00027,0.00017,0.0,204.75,0.8088,0.0,0.0908,0.3802,0.0,0.0858,0.13264,0.1017,2845.13,0.4063,0.4172,0.4514,0.5026,0.325,0.1486,3.111,1.926,0.667,-0.2377
task-stim04,205.0,205.5,0.00212,0.00283,0.0,205.25,0.8057,0.0041,0.0894,0.3564,0.0,0.08,0.04691,0.2193,2349.0,0.4059,0.3815,0.3661,0.5009,0.4351,0.1262,3.778,2.519,0.741,-0.2312
task-stim04,205.5,206.0,0.00551,0.00617,0.0,205.75,0.7684,0.0102,0.0305,0.0427,0.0,0.0123,0.15475,0.1955,1384.9,0.5281,0.3259,0.3095,0.3991,0.5949,0.1247,3.407,2.519,0.741,-0.1265
task-stim04,206.0,206.5,0.00028,0.00021,0.0,206.25,0.7604,0.0003,0.0268,0.0355,0.0,0.0137,0.18672,0.0894,2032.63,0.5372,0.3669,0.3638,0.3875,0.4298,0.1339,4.0,3.259,0.741,-0.3872
task-stim04,206.5,207.0,0.00038,0.0002,0.0,206.75,0.7593,0.0003,0.0356,0.0799,0.0,0.0172,0.15226,0.1163,1287.09,0.5706,0.4114,0.4236,0.4451,0.4851,0.1371,4.148,3.111,0.519,-0.7257
task-stim04,207.0,207.5,0.00031,0.00023,0.0,207.25,0.7587,0.0004,0.0434,0.1253,0.0,0.0262,0.17943,0.1034,1855.06,0.4083,0.4243,0.4119,0.4268,0.5651,0.0803,4.074,3.111,0.889,-0.6065
task-stim04,207.5,208.0,0.00038,0.0002,0.0,207.75,0.7582,0.0003,0.0502,0.1832,0.0,0.0297,0.12445,0.1346,2749.0,0.4402,0.4475,0.4447,0.5318,0.5529,0.0982,2.963,1.926,0.519,-0.3844
task-stim04,208.0,208.5,0.00036,0.0002,0.0,208.25,0.7584,0.0003,0.0576,0.2617,0.0,0.0376,0.14427,0.1104,1704.21,0.476,0.4016,0.442,0.4399,0.4589,0.1146,3.111,1.926,0.444,-0.5159
task-stim04,208.5,209.0,0.0005,0.00053,0.0,208.75,0.7583,0.0005,0.0633,0.3254,0.0,0.0508,0.13466,0.1109,3249.12,0.3149,0.3817,0.4379,0.407,0.3673,0.1178,3.852,2.963,0.444,-0.3303
task-stim04,209.0,209.5,0.00087,0.00079,0.0,209.25,0.7586,0.0007,0.069,0.4219,0.0,0.0601,0.15266,0.122,1993.66,0.5548,0.4017,0.4358,0.4103,0.4641,0.0986,4.222,3.333,0.296,-0.2596
task-stim04,209.5,210.0,0.00122,0.00153,0.0,209.75,0.7611,0.0009,0.0766,0.6812,0.0,0.0596,0.03397,0.3605,2616.82,0.4003,0.4517,0.4595,0.4082,0.5281,0.1159,4.741,3.63,0.444,-0.4897
task-stim04,210.0,210.5,0.00104,0.00087,0.0,210.25,0.7634,0.0008,0.0827,0.8976,0.0,0.0597,0.17206,0.1371,2483.68,0.4309,0.4288,0.4455,0.3885,0.5353,0.1003,4.296,3.185,0.444,-0.4365
task-stim04,210.5,211.0,0.00082,0.00091,0.0,210.75,0.766,0.0007,0.0879,1.106,0.0,0.0647,0.20962,0.0815,1330.61,0.6,0.3936,0.4298,0.4656,0.5268,0.0861,4.519,3.704,0.593,-0.3544
task-stim04,211.0,211.5,0.00112,0.00158,0.0,211.25,0.7683,0.0007,0.0938,1.4415,0.0,0.0763,0.14518,0.1319,1580.59,0.5331,0.377,0.3807,0.4307,0.51,0.1122,4.593,3.481,0.519,-0.1472
task-stim04,211.5,212.0,1e-05,1e-05,0.0,211.75,0.7688,0.0,0.0955,1.5548,0.0,0.0766,0.16559,0.1062,1377.66,0.5291,0.3676,0.3863,0.4035,0.5087,0.1021,4.519,3.407,0.37,-0.2166
task-stim04,212.0,212.5,1e-05,2e-05,0.0,212.25,0.7688,0.0,0.0955,1.5548,0.0,0.0766,0.14877,0.1164,2538.64,0.3843,0.3975,0.3771,0.4155,0.6115,0.0975,4.37,3.333,0.519,-0.431
task-stim04,212.5,213.0,1e-05,2e-05,0.0,212.75,0.7688,0.0,0.0955,1.5547,0.0,0.0766,0.04881,0.3654,3897.02,0.2865,0.3763,0.3765,0.3956,0.5118,0.1272,5.259,3.852,0.222,-0.5119
task-stim04,213.0,213.5,0.00837,0.0106,0.0,213.25,0.7959,0.0271,0.0783,0.6359,0.0,0.041,0.11544,0.2364,1881.15,0.5791,0.3454,0.3433,0.4227,0.4247,0.1186,3.63,2.593,0.741,-0.544
task-stim04,213.5,214.0,0.0,0.0,0.0,213.75,0.828,0.0,0.0755,0.0184,0.0,0.0047,0.20481,0.0823,1816.35,0.5168,0.3724,0.3654,0.4222,0.5609,0.0994,3.407,2.37,1.111,-0.9572
task-stim04,214.0,214.5,0.00055,0.0011,0.0,214.25,0.8273,0.0019,0.0747,0.0163,0.0,0.0046,0.17755,0.0678,2093.87,0.4891,0.3825,0.3851,0.4039,0.5001,0.1001,3.556,2.444,1.037,-0.8657
task-stim04,214.5,215.0,0.01873,0.00846,0.0,214.75,0.7918,0.0108,0.0584,0.033,0.0,0.0262,0.17227,0.0922,2519.4,0.4044,0.3707,0.3869,0.3907,0.429,0.1218,3.333,2.296,0.889,-0.6227
task-stim04,215.0,215.5,0.02754,0.00045,0.0,215.25,0.781,0.0022,0.0656,0.0629,0.0,0.0398,0.11322,0.1535,2170.11,0.5337,0.4055,0.4133,0.4337,0.6264,0.0945,3.185,2.148,0.741,-0.3576
task-stim04,215.5,216.0,0.02638,0.0014,0.0,215.75,0.7743,0.0034,0.0594,0.066,0.0,0.041,0.17846,0.0943,2271.78,0.5044,0.3627,0.3658,0.4243,0.453,0.1058,3.407,2.296,0.593,-0.3973
task-stim04,216.0,216.5,0.02824,0.00101,0.0,216.25,0.776,0.0022,0.0634,0.0659,0.0,0.0422,0.18759,0.0892,1138.09,0.6057,0.3498,0.3697,0.4058,0.472,0.1213,3.63,2.222,0.593,-0.273
task-stim04,216.5,217.0,0.02716,0.00118,0.0,216.75,0.7792,0.004,0.0657,0.0655,0.0,0.0353,0.16234,0.0971,2499.11,0.37,0.3532,0.3818,0.3997,0.3727,0.1168,3.111,1.926,0.667,-0.0607
task-stim04,217.0,217.5,0.02662,0.00079,0.0,217.25,0.7787,0.0031,0.064,0.0628,0.0,0.039,0.12825,0.1168,3309.1,0.2958,0.3754,0.388,0.3808,0.4652,0.0921,3.63,2.593,0.593,-0.1043
task-stim04,217.5,218.0,0.02566,0.00076,0.0,217.75,0.7748,0.0013,0.06,0.062,0.0,0.0412,0.14338,0.1584,2617.58,0.3708,0.3701,0.3535,0.4094,0.5507,0.1021,2.963,1.852,0.667,0.0094
task-stim04,218.0,218.5,0.02674,0.00086,0.0,218.25,0.7746,0.0016,0.0619,0.0678,0.0,0.0401,0.12186,0.1446,745.01,0.2806,0.3483,0.3416,0.426,0.5779,0.1175,3.185,2.074,0.593,-0.0225
task-stim04,218.5,219.0,0.02811,0.00053,0.0,218.75,0.7805,0.0018,0.0664,0.0656,0.0,0.0372,0.20289,0.092,2288.81,0.4567,0.3434,0.393,0.4188,0.3807,0.1026,3.111,2.0,0.741,0.0622
task-stim04,219.0,219.5,0.02771,0.00086,0.0,219.25,0.7778,0.0013,0.064,0.0655,0.0,0.0356,0.17541,0.0914,2323.78,0.4665,0.3586,0.3683,0.38,0.5538,0.1078,3.556,2.519,0.815,0.0378
task-stim04,219.5,220.0,0.02533,0.00081,0.0,219.75,0.7721,0.0011,0.0569,0.0678,0.0,0.0394,0.13526,0.1022,1415.07,0.5656,0.3853,0.3985,0.4192,0.5446,0.1118,3.259,2.519,0.37,0.0004
task-stim04,220.0,220.5,0.02754,0.00109,0.0,220.25,0.7767,0.0022,0.064,0.0686,0.0,0.0422,0.16299,0.0876,2922.81,0.3396,0.3377,0.3376,0.4371,0.4877,0.1067,3.037,2.148,0.741,-0.0697
task-stim04,220.5,221.0,0.02833,0.00064,0.0,220.75,0.7839,0.0015,0.0696,0.0633,0.0,0.0413,0.1582,0.091,2958.3,0.395,0.3477,0.3854,0.3498,0.4793,0.1097,3.259,2.222,0.593,-0.033
task-stim04,221.0,221.5,0.02672,0.00111,0.0,221.25,0.7761,0.0014,0.0619,0.0681,0.0,0.0399,0.22651,0.0664,1742.11,0.4806,0.3521,0.3918,0.4348,0.4761,0.0937,3.185,2.222,0.815,0.1182
task-stim04,221.5,222.0,0.02573,0.00038,0.0,221.75,0.7701,0.0026,0.0554,0.0694,0.0,0.0404,0.12371,0.1459,1326.42,0.593,0.3455,0.3385,0.4116,0.5187,0.1106,3.333,2.222,0.741,0.3401
task-stim04,222.0,222.5,0.02805,0.00175,0.0,222.25,0.7804,0.0044,0.0667,0.0658,0.0,0.0365,0.19104,0.097,2241.75,0.4579,0.3539,0.3766,0.449,0.4515,0.1015,3.111,2.148,0.593,0.3593
task-stim04,222.5,223.0,0.02684,0.00056,0.0,222.75,0.7825,0.0008,0.0681,0.0612,0.0,0.0356,0.16212,0.1176,2186.65,0.4337,0.3505,0.3799,0.4026,0.4339,0.1073,3.407,2.667,0.741,0.3697
task-stim04,223.0,223.5,0.02708,0.00141,0.0,223.25,0.7757,0.0041,0.0599,0.0677,0.0,0.0414,0.17206,0.1204,1802.5,0.5453,0.393,0.4221,0.3784,0.4717,0.0969,3.481,2.667,0.593,0.4068
task-stim04,223.5,224.0,0.02751,0.00085,0.0,223.75,0.7702,0.0018,0.0574,0.0749,0.0,0.0426,0.14031,0.1515,2242.66,0.4539,0.3415,0.3405,0.4104,0.538,0.1164,3.111,2.519,0.889,0.4502
task-stim04,224.0,224.5,0.02931,0.00069,0.0,224.25,0.782,0.0019,0.0688,0.0729,0.0,0.0403,0.14858,0.099,2579.39,0.4087,0.3021,0.3293,0.3861,0.3664,0.1243,3.259,2.519,1.111,0.3926
task-stim04,224.5,225.0,0.03011,0.00094,0.0,224.75,0.7859,0.0016,0.0705,0.0659,0.0,0.0417,0.12621,0.1486,1582.02,0.6192,0.3258,0.3654,0.2961,0.4487,0.1086,3.259,2.222,0.815,0.469
task-stim04,225.0,225.5,0.02607,0.00095,0.0,225.25,0.7723,0.004,0.0568,0.072,0.0,0.0353,0.14062,0.1621,1298.29,0.6236,0.3838,0.428,0.411,0.4567,0.1078,3.407,2.37,0.444,0.6011
task-stim04,225.5,226.0,0.05445,0.02617,0.0,225.75,0.7188,0.0472,0.1239,0.2057,0.0,0.0439,0.06029,0.2162,1999.1,0.3076,0.3394,0.3629,0.4513,0.4272,0.1045,3.185,1.926,0.815,0.53
task-stim04,226.0,226.5,0.03081,0.02752,0.0,226.25,0.5857,0.0017,0.24,1.382,0.0,0.1066,0.22021,0.1026,1391.67,0.4997,0.4047,0.4257,0.3944,0.572,0.0982,3.259,1.926,0.37,0.6271
task-stim04,226.5,227.0,0.01806,0.0008,0.0,226.75,0.5864,0.0005,0.2405,1.5621,0.0,0.1154,0.16752,0.1214,2183.15,0.4787,0.3872,0.4115,0.4252,0.4319,0.0997,4.296,2.963,0.444,-0.4918
task-stim04,227.0,227.5,0.01869,0.00046,0.0,227.25,0.5874,0.0001,0.2406,1.5699,0.0,0.1169,0.15712,0.1296,2088.25,0.55,0.3841,0.4106,0.3966,0.4299,0.0842,3.556,2.444,0.593,-1.3451
task-stim04,227.5,228.0,0.01873,0.00041,0.0,227.75,0.5875,0.0001,0.2405,1.5865,0.0,0.1163,0.19124,0.1186,2221.78,0.5091,0.3585,0.3673,0.3609,0.5272,0.0958,3.704,2.741,0.815,-1.3651
task-stim04,228.0,228.5,0.01887,0.00056,0.0,228.25,0.5876,0.0003,0.2409,1.597,0.0,0.1177,0.1765,0.1368,1644.78,0.4986,0.3532,0.3796,0.4145,0.4961,0.1047,3.333,2.593,0.37,-1.3953
task-stim04,228.5,229.0,0.01891,0.00014,0.0,228.75,0.588,0.0001,0.2416,1.6315,0.0,0.119,0.19405,0.0906,2872.09,0.4543,0.3791,0.4077,0.414,0.4298,0.1017,3.407,2.444,0.519,-1.2796
task-stim04,229.0,229.5,0.01912,0.00027,0.0,229.25,0.5884,0.0003,0.2418,1.656,0.0,0.1193,0.16743,0.1275,2213.08,0.3576,0.3232,0.3184,0.4299,0.6017,0.1147,3.704,2.444,0.593,-1.3187
task-stim04,229.5,230.0,0.0193,0.00031,0.0,229.75,0.5888,0.0003,0.2418,1.6315,0.0,0.1169,0.22347,0.0653,2013.74,0.3719,0.3656,0.3768,0.407,0.506,0.1117,3.704,2.37,0.37,-1.2493
task-stim04,230.0,230.5,0.01922,0.00051,0.0,230.25,0.5887,0.0002,0.2415,1.6522,0.0,0.1143,0.07067,0.215,1308.1,0.6147,0.353,0.3835,0.4521,0.4127,0.1127,3.704,2.444,0.519,-1.0759
task-stim04,230.5,231.0,0.01933,0.00023,0.0,230.75,0.5888,0.0001,0.2416,1.6474,0.0,0.115,0.19634,0.1215,1729.35,0.5126,0.3561,0.3793,0.4383,0.4317,0.1168,3.778,2.444,0.37,-1.0591
task-stim04,231.0,231.5,0.01932,0.00019,0.0,231.25,0.5888,0.0001,0.2417,1.6376,0.0,0.1145,0.22516,0.0781,2194.47,0.3937,0.3171,0.3093,0.4085,0.547,0.1351,3.63,2.444,0.593,-1.0334
task-stim04,231.5,232.0,0.01944,0.00027,0.0,231.75,0.589,0.0001,0.2417,1.6635,0.0,0.1142,0.19069,0.0846,2653.41,0.478,0.3591,0.3631,0.4161,0.4252,0.0961,3.778,2.815,0.667,-0.9234
task-stim04,232.0,232.5,0.01955,0.00043,0.0,232.25,0.589,0.0001,0.2419,1.65,0.0,0.1144,0.16838,0.1084,2845.28,0.4082,0.3968,0.4011,0.4188,0.5238,0.1034,3.63,2.37,0.519,-0.8354
task-stim04,232.5,233.0,0.0196,0.0002,0.0,232.75,0.5891,0.0001,0.242,1.6652,0.0,0.1144,0.11122,0.1999,3162.51,0.409,0.3841,0.3984,0.402,0.4744,0.1181,3.63,2.148,0.296,-0.8364
task-stim04,233.0,233.5,0.02,0.00054,0.0,233.25,0.589,0.0003,0.2418,1.6657,0.0,0.1194,0.16734,0.1169,2800.98,0.4517,0.346,0.3713,0.372,0.5197,0.1189,3.63,2.296,0.593,-0.7912
task-stim04,233.5,234.0,0.02003,0.00045,0.0,233.75,0.5887,0.0002,0.2416,1.6242,0.0,0.1182,0.13762,0.2137,1287.49,0.5486,0.3663,0.3661,0.3926,0.5322,0.1046,3.259,2.148,0.667,-0.7586
task-stim04,234.0,234.5,0.02005,0.00024,0.0,234.25,0.5889,0.0001,0.2417,1.6379,0.0,0.1174,0.12475,0.1343,2687.32,0.3909,0.3395,0.3309,0.379,0.5983,0.1171,3.704,2.593,0.741,-0.8508
task-stim04,234.5,235.0,0.02013,0.00042,0.0,234.75,0.5892,0.0001,0.2416,1.6327,0.0,0.1186,0.1551,0.1206,1794.64,0.465,0.367,0.3795,0.4068,0.4739,0.1143,3.63,2.519,0.444,-0.7846
task-stim04,235.0,235.5,0.02021,0.00051,0.0,235.25,0.5893,0.0001,0.2416,1.6352,0.0,0.1177,0.1562,0.1041,2309.34,0.4352,0.3724,0.3816,0.4255,0.5149,0.1044,3.63,2.519,0.444,-0.9715
task-stim04,235.5,236.0,0.02081,0.00149,0.0,235.75,0.5904,0.0026,0.2423,1.6533,0.0,0.1189,0.02822,0.4541,1219.63,0.427,0.4027,0.4133,0.4257,0.4634,0.0794,3.778,2.593,0.593,-1.0377
task-stim04,236.0,236.5,0.03444,0.02249,0.0,236.25,0.7757,0.1104,0.1622,0.7194,0.0,0.0628,0.07409,0.3666,1997.76,0.6043,0.42,0.4236,0.4179,0.5917,0.0833,3.333,2.296,0.296,-1.1925
task-stim04,236.5,237.0,0.00115,0.00202,0.0,236.75,0.8965,0.004,0.055,0.0455,0.0,0.0156,0.23318,0.0584,1843.96,0.5038,0.4417,0.425,0.4967,0.5821,0.0952,3.778,3.111,0.815,-1.7839
task-stim04,237.0,237.5,0.00477,0.00501,0.0,237.25,0.8668,0.0156,0.1069,0.0592,0.0,0.0244,0.11492,0.1735,2947.64,0.3618,0.4676,0.4862,0.515,0.4575,0.0957,2.741,2.222,0.741,-1.9984
task-stim04,237.5,238.0,0.01122,0.00822,0.0,237.75,0.7716,0.0168,0.1831,0.3087,0.0,0.0571,0.16274,0.1057,1378.53,0.6473,0.4149,0.4329,0.3771,0.5579,0.0884,3.333,2.889,0.741,-1.5297
task-stim04,238.0,238.5,0.00036,0.00035,0.0,238.25,0.7603,0.0001,0.1898,0.5116,0.0,0.0594,0.19121,0.0938,1999.17,0.4558,0.4347,0.4663,0.4843,0.6771,0.1278,4.444,3.704,0.519,-0.9929
task-stim04,238.5,239.0,0.0035,0.00251,0.0,238.75,0.758,0.0011,0.1895,0.5586,0.0,0.0615,0.16607,0.0939,2092.08,0.4789,0.4775,0.4834,0.5423,0.5467,0.1293,4.074,3.037,0.444,-0.6438
task-stim04,239.0,239.5,0.00097,0.00179,0.0,239.25,0.7564,0.0001,0.1907,0.6861,0.0,0.0663,0.13444,0.1171,2818.49,0.4287,0.3892,0.415,0.3954,0.5272,0.1092,3.481,2.741,0.519,-0.6302
task-stim04,239.5,240.0,0.00232,0.00209,0.0,239.75,0.7557,0.0008,0.1912,0.7209,0.0,0.0737,0.16004,0.0924,2888.37,0.4006,0.3896,0.4397,0.3825,0.5886,0.0955,3.407,2.593,0.519,-0.5809
task-stim04,240.0,240.5,0.00766,0.00182,0.0,240.25,0.7516,0.0011,0.1932,0.8753,0.0,0.097,0.10686,0.1999,1431.19,0.5502,0.3393,0.3303,0.4192,0.4607,0.1408,3.704,2.963,0.741,-0.5569
task-stim04,240.5,241.0,0.00036,0.00029,0.0,240.75,0.7499,0.0002,0.1946,1.0029,0.0,0.1027,0.20453,0.1253,1347.65,0.5978,0.3837,0.3809,0.4658,0.549,0.1285,3.556,2.593,0.444,-0.6698
task-stim04,241.0,241.5,0.00029,0.00016,0.0,241.25,0.7495,0.0002,0.1947,1.0036,0.0,0.1027,0.20757,0.0744,2103.85,0.5225,0.3722,0.4081,0.4359,0.4844,0.1242,4.0,2.889,0.519,-0.4964
task-stim04,241.5,242.0,0.00034,0.00019,0.0,241.75,0.7489,0.0001,0.1948,1.0037,0.0,0.1027,0.17656,0.0846,2460.38,0.4715,0.3241,0.3652,0.4308,0.4029,0.1273,3.852,2.815,0.741,-0.4607
task-stim04,242.0,242.5,0.00032,0.00014,0.0,242.25,0.7483,0.0002,0.1949,0.9961,0.0,0.1027,0.16934,0.0939,1409.09,0.5308,0.4135,0.4344,0.4843,0.4754,0.0978,3.704,2.889,0.296,-0.6301
task-stim04,242.5,243.0,0.00032,0.00015,0.0,242.75,0.7477,0.0002,0.1949,0.9829,0.0,0.1028,0.14184,0.0905,3423.73,0.3467,0.3862,0.3856,0.4319,0.491,0.0862,3.481,2.667,0.593,-0.7851
task-stim04,243.0,243.5,0.00045,0.00047,0.0,243.25,0.7473,0.0001,0.1949,0.9817,0.0,0.1029,0.14536,0.1158,1510.65,0.5868,0.3392,0.3499,0.3768,0.3844,0.1022,3.63,2.741,0.667,-0.722
task-stim04,243.5,244.0,0.00038,0.00027,0.0,243.75,0.7468,0.0003,0.1949,0.9816,0.0,0.1029,0.14649,0.1109,3702.9,0.2725,0.332,0.333,0.4385,0.5764,0.1379,3.481,2.37,0.37,-0.549
task-stim04,244.0,244.5,0.00458,0.00132,0.0,244.25,0.7405,0.0033,0.1982,0.9215,0.0,0.1063,0.15247,0.1128,2088.49,0.5308,0.3833,0.3792,0.4551,0.4988,0.1264,3.63,2.519,0.296,-0.5015
task-stim04,244.5,245.0,0.00077,0.00093,0.0,244.75,0.7399,0.0005,0.2056,1.0523,0.0,0.112,0.17152,0.1195,1712.17,0.505,0.3555,0.3033,0.4631,0.5142,0.1216,3.926,2.889,0.444,-0.3242
task-stim04,245.0,245.5,0.00024,0.0002,0.0,245.25,0.7399,0.0002,0.2058,1.0572,0.0,0.111,0.1392,0.1365,1688.11,0.5791,0.3305,0.3053,0.491,0.5141,0.1164,3.481,2.444,0.741,-0.1366
task-stim04,245.5,246.0,0.00019,0.00015,0.0,245.75,0.7397,0.0001,0.206,1.0636,0.0,0.111,0.17924,0.1156,1232.03,0.484,0.3611,0.3769,0.4358,0.4819,0.1144,4.0,3.037,0.519,-0.1821
task-stim04,246.0,246.5,0.00018,0.00022,0.0,246.25,0.7397,0.0001,0.2059,1.0696,0.0,0.111,0.18794,0.0732,2338.72,0.4198,0.3184,0.3445,0.4175,0.4125,0.1402,3.556,2.37,0.667,-0.1091
task-stim04,246.5,247.0,0.0174,0.01252,0.0,246.75,0.7436,0.0052,0.2037,0.8484,0.0,0.1046,0.17665,0.08,2013.48,0.4581,0.3478,0.3682,0.3732,0.4796,0.1303,4.0,2.815,0.519,0.1102
task-stim04,247.0,247.5,0.0199,0.01038,0.0,247.25,0.8283,0.0398,0.1506,0.2115,0.0,0.057,0.07997,0.1559,2319.01,0.5033,0.3436,0.3772,0.3734,0.398,0.1138,4.074,2.889,0.519,0.1201
task-stim04,247.5,248.0,0.00206,0.00198,0.0,247.75,0.8952,0.007,0.0805,0.2889,0.0,0.0444,0.09735,0.2025,1659.15,0.5172,0.5103,0.5227,0.4915,0.6871,0.1111,2.815,1.481,0.519,-0.1931
task-stim04,248.0,248.5,0.00091,0.00034,0.0,248.25,0.8955,0.0019,0.0874,0.3562,0.0,0.0615,0.18895,0.103,2368.57,0.4498,0.4133,0.4475,0.4243,0.4274,0.0871,4.444,3.407,0.593,-0.895
task-stim04,248.5,249.0,0.00095,0.00039,0.0,248.75,0.8896,0.0022,0.103,0.4888,0.0,0.0646,0.15708,0.0919,2990.55,0.3603,0.4117,0.44,0.4232,0.4719,0.1014,3.778,2.741,0.519,-1.0639
task-stim04,249.0,249.5,0.00032,0.00022,0.0,249.25,0.8851,0.0002,0.1153,0.5788,0.0,0.0729,0.14774,0.0983,3195.86,0.2938,0.3693,0.3751,0.398,0.4518,0.1171,4.37,3.333,0.37,-0.6599
task-stim04,249.5,250.0,0.00027,4e-05,0.0,249.75,0.885,0.0,0.1154,0.5828,0.0,0.0737,0.18255,0.1163,2605.34,0.4644,0.3969,0.3992,0.406,0.541,0.128,4.444,3.63,0.444,-0.5259
task-stim04,250.0,250.5,0.00032,3e-05,0.0,250.25,0.885,0.0,0.1154,0.5836,0.0,0.0736,0.14835,0.1938,1377.43,0.6623,0.4124,0.415,0.4608,0.4535,0.0957,3.63,2.593,0.593,-0.665
task-stim04,250.5,251.0,0.00044,4e-05,0.0,250.75,0.885,0.0,0.1154,0.5834,0.0,0.0733,0.17211,0.1174,2299.46,0.4659,0.4417,0.428,0.4648,0.5739,0.0756,3.778,2.519,0.444,-0.6663
task-stim04,251.0,251.5,0.00052,2e-05,0.0,251.25,0.885,0.0,0.1154,0.5863,0.0,0.0723,0.12861,0.1291,3221.86,0.4101,0.4715,0.4758,0.54,0.5141,0.0784,3.259,1.926,0.444,-0.586
task-stim04,251.5,252.0,0.00059,3e-05,0.0,251.75,0.885,0.0,0.1154,0.5877,0.0,0.0716,0.16985,0.0819,2655.29,0.48,0.4576,0.4564,0.4939,0.5575,0.0911,3.481,2.296,0.296,-0.7242
task-stim04,252.0,252.5,0.00062,2e-05,0.0,252.25,0.885,0.0,0.1154,0.5878,0.0,0.0717,0.17679,0.1434,2369.67,0.3455,0.4274,0.416,0.4613,0.5746,0.088,3.704,2.296,0.519,-0.7603
task-stim04,252.5,253.0,0.00072,5e-05,0.0,252.75,0.885,0.0,0.1154,0.5869,0.0,0.0729,0.18326,0.1108,1167.07,0.6948,0.4159,0.4554,0.4101,0.3885,0.0902,3.407,2.222,0.667,-0.8899
task-stim04,253.0,253.5,0.00083,0.00021,0.0,253.25,0.885,0.0,0.1154,0.5862,0.0,0.0738,0.18907,0.1079,2653.84,0.3656,0.3669,0.3776,0.3729,0.5203,0.1232,3.852,2.667,0.444,-1.0747
task-stim04,253.5,254.0,0.00076,3e-05,0.0,253.75,0.885,0.0,0.1154,0.5877,0.0,0.0738,0.15793,0.1486,1477.59,0.5741,0.3924,0.4243,0.386,0.4142,0.1227,3.407,2.074,0.519,-1.2147
task-stim04,254.0,254.5,0.00069,6e-05,0.0,254.25,0.885,0.0,0.1154,0.5858,0.0,0.0739,0.15621,0.1646,1637.68,0.6194,0.4623,0.4699,0.4864,0.6308,0.1084,3.407,2.074,0.444,-1.3053
task-stim04,254.5,255.0,0.0006,2e-05,0.0,254.75,0.885,0.0,0.1154,0.5849,0.0,0.0732,0.16995,0.0964,2692.81,0.3932,0.4319,0.4645,0.5028,0.4909,0.1087,3.481,2.148,0.593,-1.2726
task-stim04,255.0,255.5,0.00056,5e-05,0.0,255.25,0.885,0.0,0.1153,0.582,0.0,0.0723,0.14991,0.1185,1836.35,0.5504,0.4739,0.5439,0.4962,0.4383,0.118,3.111,1.704,0.444,-1.2387
task-stim04,255.5,256.0,0.00379,0.00616,0.0,255.75,0.885,0.0,0.1148,0.5372,0.0,0.0707,0.03855,0.3655,1769.14,0.6642,0.4673,0.5101,0.4993,0.4733,0.1043,3.333,2.0,0.444,-1.1506
task-stim04,256.0,256.5,0.02234,0.01321,0.0,256.25,0.8894,0.0049,0.0822,0.1026,0.0,0.0229,0.03881,0.3786,2019.31,0.4607,0.4226,0.4644,0.3852,0.5533,0.1027,3.111,2.0,0.519,-1.1706
task-stim04,256.5,257.0,0.00012,0.00013,0.0,256.75,0.8963,0.0001,0.0532,0.0513,0.0,0.0167,0.1797,0.107,2801.74,0.4045,0.4789,0.5188,0.4656,0.5221,0.0798,3.63,2.741,0.741,-0.7932
task-stim04,257.0,257.5,2e-05,3e-05,0.0,257.25,0.8964,0.0,0.0538,0.0651,0.0,0.0167,0.18417,0.1017,1338.72,0.5761,0.4925,0.5269,0.416,0.479,0.0826,3.852,3.037,0.815,-0.8252
task-stim04,257.5,258.0,0.0,1e-05,0.0,257.75,0.8964,0.0,0.0537,0.0648,0.0,0.0167,0.2317,0.0591,2050.68,0.3812,0.4258,0.4328,0.397,0.613,0.0752,3.037,2.0,0.815,-0.7444
task-stim04,258.0,258.5,0.00011,0.00016,0.0,258.25,0.8964,0.0,0.0537,0.0642,0.0,0.0166,0.12302,0.1196,3187.29,0.3494,0.4351,0.4067,0.4866,0.6495,0.09,3.63,2.593,0.889,-0.7256
task-stim04,258.5,259.0,0.00015,0.00011,0.0,258.75,0.8962,0.0,0.053,0.049,0.0,0.0168,0.17226,0.0917,2779.57,0.3808,0.522,0.5396,0.4906,0.5618,0.0913,2.963,1.778,0.296,-0.784
task-stim04,259.0,259.5,0.00189,0.00094,0.0,259.25,0.8964,0.0002,0.0547,0.0664,0.0,0.0171,0.11645,0.1324,2742.44,0.3935,0.5292,0.5448,0.4305,0.6702,0.0833,3.481,2.296,0.593,-0.6929
task-stim04,259.5,260.0,0.00244,0.00104,0.0,259.75,0.8967,0.0001,0.0584,0.1376,0.0,0.0265,0.11882,0.1787,2075.47,0.5259,0.5081,0.517,0.5685,0.4571,0.1059,4.074,2.815,0.444,-0.673
task-stim04,260.0,260.5,0.00154,0.00137,0.0,260.25,0.897,0.0002,0.061,0.1844,0.0,0.0355,0.19325,0.1042,2258.3,0.5167,0.48,0.452,0.4846,0.7199,0.1022,3.778,2.593,0.519,-0.4407
task-stim04,260.5,261.0,0.00082,0.00119,0.0,260.75,0.8973,0.0,0.0637,0.2333,0.0,0.0437,0.13744,0.1824,1498.96,0.5586,0.4001,0.433,0.4119,0.4188,0.0977,3.926,3.111,0.741,-0.4922
task-stim04,261.0,261.5,1e-05,1e-05,0.0,261.25,0.8973,0.0,0.0639,0.2358,0.0,0.0438,0.1378,0.1008,1304.54,0.72,0.3824,0.3941,0.3944,0.4664,0.0815,3.111,2.222,0.815,-0.7599
task-stim04,261.5,262.0,1e-05,1e-05,0.0,261.75,0.8973,0.0,0.0639,0.2357,0.0,0.0438,0.0954,0.137,3315.07,0.2669,0.4383,0.4847,0.383,0.4666,0.076,3.407,2.296,0.519,-0.7632
task-stim04,262.0,262.5,0.0,0.0,0.0,262.25,0.8973,0.0,0.0638,0.2354,0.0,0.0438,0.19078,0.1125,1387.11,0.5954,0.3599,0.3295,0.5096,0.5504,0.0954,3.926,3.111,0.889,-0.7867
task-stim04,262.5,263.0,0.0,0.0,0.0,262.75,0.8973,0.0,0.0638,0.2354,0.0,0.0438,0.13779,0.1539,2500.04,0.4936,0.3654,0.3975,0.449,0.3598,0.0945,3.037,2.074,0.741,-0.6769
task-stim04,263.0,263.5,9e-05,0.00024,0.0,263.25,0.8973,0.0,0.0638,0.2364,0.0,0.0439,0.13704,0.1242,3087.86,0.3684,0.3726,0.359,0.4284,0.5098,0.0935,3.704,2.741,0.593,-0.7361
task-stim04,263.5,264.0,0.00614,0.0067,0.0,263.75,0.8978,0.0006,0.0635,0.1861,0.0,0.0454,0.09229,0.3031,2987.96,0.3985,0.3942,0.396,0.3831,0.4955,0.0835,3.407,2.444,0.667,-0.7929
task-stim04,264.0,264.5,0.05427,0.02526,0.0,264.25,0.8591,0.0362,0.1354,0.4271,0.0,0.0538,0.14037,0.2389,1687.28,0.6155,0.3907,0.3815,0.4362,0.4917,0.091,3.63,2.667,0.519,-0.8113
task-stim04,264.5,265.0,0.00175,0.00564,0.0,264.75,0.8118,0.0,0.2164,2.6216,0.0,0.1194,0.21205,0.0973,1968.86,0.5026,0.417,0.437,0.4502,0.464,0.1127,4.963,3.926,0.519,-0.7
task-stim04,265.0,265.5,3e-05,1e-05,0.0,265.25,0.8117,0.0001,0.2165,2.6,0.0,0.1193,0.18687,0.1062,2444.45,0.5055,0.4633,0.4597,0.6165,0.6003,0.118,4.815,3.556,0.222,-0.6955
task-stim04,265.5,266.0,4e-05,2e-05,0.0,265.75,0.8115,0.0,0.2166,2.5794,0.0,0.1192,0.16933,0.0896,1129.22,0.6331,0.4787,0.4649,0.5146,0.6416,0.1045,4.741,3.556,0.444,-0.5018
task-stim04,266.0,266.5,3e-05,1e-05,0.0,266.25,0.8114,0.0,0.2166,2.5734,0.0,0.1193,0.17113,0.0966,1096.09,0.6705,0.4726,0.4443,0.5022,0.6456,0.1123,4.074,3.185,0.444,-0.2137
task-stim04,266.5,267.0,3e-05,1e-05,0.0,266.75,0.8113,0.0,0.2167,2.5614,0.0,0.1193,0.06898,0.2795,1433.1,0.6857,0.4302,0.4386,0.4218,0.5153,0.0993,4.0,2.815,0.444,-0.0833
task-stim04,267.0,267.5,3e-05,1e-05,0.0,267.25,0.8112,0.0,0.2168,2.5521,0.0,0.1193,0.182,0.2044,2561.62,0.4279,0.4008,0.3721,0.4844,0.6035,0.0999,4.222,3.037,0.519,-0.0497
task-stim04,267.5,268.0,3e-05,1e-05,0.0,267.75,0.8111,0.0,0.2169,2.54,0.0,0.1193,0.19826,0.0941,2225.84,0.4304,0.4245,0.419,0.3767,0.5647,0.1109,3.778,2.741,0.593,-0.0452
task-stim04,268.0,268.5,0.00015,0.00032,0.0,268.25,0.811,0.0,0.217,2.5324,0.0,0.1189,0.18997,0.083,1303.37,0.5535,0.442,0.4288,0.4106,0.7363,0.1215,3.556,2.37,0.444,-0.3535
task-stim04,268.5,269.0,5e-05,2e-05,0.0,268.75,0.8108,0.0001,0.2172,2.5396,0.0,0.118,0.20356,0.0897,2424.35,0.4895,0.3668,0.3478,0.4255,0.5106,0.1127,3.778,2.741,0.889,-0.5239
task-stim04,269.0,269.5,5e-05,2e-05,0.0,269.25,0.8104,0.0001,0.2175,2.5713,0.0,0.1178,0.10311,0.1896,1514.42,0.638,0.3916,0.3933,0.4623,0.5079,0.1331,4.667,3.704,0.519,-0.5926
task-stim04,269.5,270.0,3e-05,1e-05,0.0,269.75,0.8101,0.0,0.2176,2.5932,0.0,0.1178,0.17138,0.1094,1694.75,0.5838,0.4747,0.4454,0.5927,0.7735,0.1326,4.0,2.667,0.37,-0.3865
task-stim04,270.0,270.5,3e-05,2e-05,0.0,270.25,0.8101,0.0,0.2176,2.6075,0.0,0.1179,0.16105,0.1469,2314.53,0.5338,0.3974,0.4139,0.4545,0.4904,0.1026,4.741,3.259,0.444,-0.2244
task-stim04,270.5,271.0,2e-05,1e-05,0.0,270.75,0.81,0.0,0.2177,2.6131,0.0,0.1179,0.18287,0.0938,1324.23,0.5538,0.358,0.3493,0.4114,0.4713,0.1143,4.296,3.111,0.815,-0.129
task-stim04,271.0,271.5,1e-05,1e-05,0.0,271.25,0.81,0.0,0.2177,2.6131,0.0,0.1179,0.14567,0.1465,1423.1,0.6653,0.4016,0.4172,0.4197,0.4494,0.1074,4.519,3.852,0.741,-0.1811
task-stim04,271.5,272.0,1e-05,1e-05,0.0,271.75,0.81,0.0,0.2177,2.613,0.0,0.1179,0.02656,0.4425,1293.55,0.7123,0.3698,0.3698,0.4536,0.4367,0.1079,4.37,3.704,0.741,-0.0933
task-stim04,272.0,272.5,0.0487,0.03312,0.0,272.25,0.8169,0.0105,0.2031,1.5523,0.0,0.0896,0.16868,0.1742,1818.79,0.6005,0.3227,0.3233,0.3998,0.5254,0.1317,3.852,3.185,0.889,-0.0165
task-stim04,272.5,273.0,0.09823,0.05584,0.0,272.75,0.7454,0.0418,0.2491,1.37,0.0,0.1907,0.16535,0.0951,1968.12,0.5616,0.3168,0.3313,0.3777,0.3867,0.1301,3.185,2.667,0.889,-0.0319
task-stim04,273.0,273.5,0.0004,9e-05,0.0,273.25,0.7032,0.0,0.2721,3.301,0.0,0.2497,0.15105,0.1109,2775.7,0.4558,0.4579,0.4127,0.5992,0.6194,0.1083,4.519,3.704,0.593,-0.059
task-stim04,273.5,274.0,0.00023,0.00012,0.0,273.75,0.7032,0.0,0.272,3.3041,0.0,0.2504,0.1657,0.088,2063.91,0.5424,0.3863,0.373,0.6453,0.4151,0.1278,4.0,3.037,0.889,-0.3764
task-stim04,274.0,274.5,0.00055,5e-05,0.0,274.25,0.7031,0.0,0.2721,3.2973,0.0,0.2511,0.1544,0.1146,2554.3,0.411,0.4331,0.422,0.4678,0.5209,0.0857,4.0,3.037,0.444,-0.0244
task-stim04,274.5,275.0,0.00052,9e-05,0.0,274.75,0.7031,0.0001,0.2722,3.3062,0.0,0.2516,0.18156,0.0766,2680.94,0.4303,0.3558,0.3274,0.4271,0.5608,0.1078,3.852,2.815,0.889,-0.087
task-stim04,275.0,275.5,0.00022,9e-05,0.0,275.25,0.7032,0.0,0.2722,3.3067,0.0,0.251,0.17995,0.0932,1696.29,0.6049,0.3721,0.3862,0.5253,0.4382,0.1148,3.481,2.444,0.889,-0.1513
task-stim04,275.5,276.0,0.00049,6e-05,0.0,275.75,0.7032,0.0,0.2722,3.3018,0.0,0.251,0.16842,0.1145,2481.64,0.4058,0.3886,0.3523,0.5112,0.526,0.1053,3.556,2.593,0.667,0.0582
task-stim04,276.0,276.5,0.00047,9e-05,0.0,276.25,0.7032,0.0001,0.2721,3.2988,0.0,0.2498,0.15874,0.1089,2725.72,0.3927,0.3983,0.3671,0.5168,0.5043,0.1046,3.926,3.111,0.741,0.1782
task-stim04,276.5,277.0,0.00012,0.00011,0.0,276.75,0.7033,0.0,0.2721,3.3022,0.0,0.2494,0.19876,0.0871,2238.2,0.4178,0.4139,0.4286,0.4833,0.4419,0.1022,3.778,2.815,0.593,0.235
task-stim04,277.0,277.5,0.0,0.0,0.0,277.25,0.7033,0.0,0.2721,3.3037,0.0,0.2494,0.08261,0.201,1240.11,0.6511,0.3824,0.3552,0.4615,0.529,0.1179,3.185,2.296,0.963,0.0757
task-stim04,277.5,278.0,0.02165,0.0292,0.0,277.75,0.706,0.0048,0.2708,2.8961,0.0,0.2524,0.05033,0.6216,4774.63,0.1239,0.4845,0.4999,0.6463,0.43,0.106,2.815,2.0,0.889,0.2613
task-stim04,278.0,278.5,0.0767,0.03492,0.0,278.25,0.8202,0.0606,0.1923,0.3469,0.0,0.1131,0.12699,0.306,2450.07,0.525,0.467,0.4566,0.5869,0.4951,0.1062,3.333,2.148,0.519,0.4001
task-stim04,278.5,279.0,0.00052,0.00055,0.0,278.75,0.9122,0.0008,0.0228,0.0126,0.0,0.0024,0.17634,0.1644,1671.07,0.5358,0.4554,0.45,0.5079,0.5381,0.1036,4.444,3.333,0.222,0.1282
task-stim04,279.0,279.5,0.00104,0.00042,0.0,279.25,0.9083,0.0012,0.0441,0.0935,0.0,0.0078,0.19063,0.0696,2811.52,0.4851,0.5126,0.4837,0.5276,0.7265,0.0825,3.185,2.296,0.741,-0.1172
task-stim04,279.5,280.0,0.00195,0.00054,0.0,279.75,0.9053,0.0007,0.052,0.1642,0.0,0.0343,0.21061,0.0505,2126.34,0.4904,0.3918,0.385,0.392,0.452,0.1125,3.481,2.889,0.741,0.1442
task-stim04,280.0,280.5,0.00106,0.00037,0.0,280.25,0.9037,0.0,0.0546,0.2147,0.0,0.0361,0.16004,0.1454,2851.02,0.4086,0.3316,0.3416,0.3622,0.4569,0.1205,3.704,3.111,0.815,-0.1972
task-stim04,280.5,281.0,0.00154,0.0012,0.0,280.75,0.9032,0.0008,0.0556,0.2161,0.0,0.0358,0.09234,0.1878,1782.31,0.5597,0.3427,0.3613,0.4281,0.4148,0.1329,3.481,2.815,0.37,-0.4046
task-stim04,281.0,281.5,0.00963,0.00504,0.0,281.25,0.8937,0.0021,0.0778,0.359,0.0,0.0512,0.16531,0.1119,2201.12,0.4923,0.3998,0.4047,0.4365,0.5814,0.1183,3.259,2.296,0.593,-0.1727
task-stim04,281.5,282.0,0.00586,0.00013,0.0,281.75,0.8922,0.0001,0.0821,0.3882,0.0,0.0495,0.20455,0.0791,2672.63,0.3776,0.4259,0.4069,0.5208,0.5815,0.0923,3.556,2.37,0.593,-0.0636
task-stim04,282.0,282.5,0.00596,8e-05,0.0,282.25,0.8921,0.0001,0.0823,0.3983,0.0,0.054,0.17499,0.1333,2321.14,0.4646,0.3546,0.3632,0.3434,0.4647,0.0988,4.148,3.185,0.963,0.0379
task-stim04,282.5,283.0,0.00582,0.00025,0.0,282.75,0.8927,0.0002,0.0809,0.3891,0.0,0.0496,0.14716,0.2188,2315.73,0.5038,0.3868,0.3812,0.5051,0.4636,0.1054,2.815,2.0,0.667,-0.1993
task-stim04,283.0,283.5,0.00598,0.00012,0.0,283.25,0.8919,0.0002,0.0835,0.4123,0.0,0.0532,0.12128,0.1216,2684.21,0.4478,0.3713,0.3718,0.3904,0.4838,0.1321,3.481,2.444,0.593,-0.1981
task-stim04,283.5,284.0,0.00592,0.00012,0.0,283.75,0.8922,0.0002,0.0827,0.396,0.0,0.0504,0.14188,0.1145,3295.62,0.3546,0.4229,0.382,0.5598,0.6125,0.1292,3.63,2.444,0.37,0.0022
task-stim04,284.0,284.5,0.00592,8e-05,0.0,284.25,0.8924,0.0001,0.0825,0.4104,0.0,0.0521,0.21401,0.0818,1349.8,0.532,0.4276,0.4172,0.5278,0.4914,0.1012,3.481,2.222,0.593,0.0349
task-stim04,284.5,285.0,0.00656,0.0014,0.0,284.75,0.8921,0.0002,0.0828,0.4006,0.0,0.0507,0.19566,0.0866,2134.51,0.4837,0.3756,0.3644,0.5873,0.4186,0.1338,3.333,2.222,0.593,0.1628
task-stim04,285.0,285.5,0.01776,0.01636,0.0,285.25,0.8568,0.0355,0.1357,0.7217,0.0,0.0852,0.14306,0.171,3154.51,0.3803,0.4635,0.4556,0.5093,0.6336,0.0924,3.259,2.296,0.444,0.0735
task-stim04,285.5,286.0,0.00098,0.0001,0.0,285.75,0.8185,0.0001,0.1954,1.2924,0.0,0.1201,0.18707,0.0974,1661.81,0.588,0.5305,0.5397,0.5535,0.5894,0.0601,3.778,2.741,0.37,0.344
task-stim04,286.0,286.5,0.00087,8e-05,0.0,286.25,0.8187,0.0001,0.1952,1.2856,0.0,0.1186,0.18028,0.0805,2614.63,0.4128,0.4362,0.4334,0.4102,0.5892,0.0782,4.148,2.963,0.741,0.6608
task-stim04,286.5,287.0,0.00128,0.00042,0.0,286.75,0.8195,0.0006,0.1948,1.3071,0.0,0.1195,0.15905,0.0996,2574.82,0.5007,0.4442,0.447,0.5207,0.4891,0.0937,4.0,2.444,0.444,0.7411
task-stim04,287.0,287.5,0.00165,0.00045,0.0,287.25,0.8231,0.0016,0.1923,1.3959,0.0,0.1193,0.17914,0.1022,2488.17,0.5029,0.5078,0.5077,0.4596,0.6585,0.088,3.926,2.593,0.296,0.7996
task-stim04,287.5,288.0,0.00137,0.00061,0.0,287.75,0.827,0.0007,0.1891,1.4929,0.0,0.1189,0.20716,0.062,2055.19,0.5222,0.481,0.4595,0.4734,0.6741,0.0698,5.037,3.778,0.667,0.6112
task-stim04,288.0,288.5,0.00099,0.00013,0.0,288.25,0.8276,0.0002,0.1887,1.5202,0.0,0.1206,0.17831,0.0978,2005.09,0.5004,0.445,0.4392,0.4349,0.5191,0.0764,4.148,3.111,0.444,0.556
task-stim04,288.5,289.0,0.0008,8e-05,0.0,288.75,0.8278,0.0002,0.1886,1.5073,0.0,0.1182,0.14759,0.1961,2991.1,0.4861,0.3459,0.3586,0.4542,0.438,0.1296,3.63,2.815,0.667,0.4862
task-stim04,289.0,289.5,0.00097,8e-05,0.0,289.25,0.8276,0.0002,0.1888,1.5224,0.0,0.1209,0.19503,0.1384,1152.44,0.7215,0.3873,0.384,0.4872,0.5178,0.1039,3.778,2.444,0.741,0.4253
task-stim04,289.5,290.0,0.02854,0.02368,0.0,289.75,0.8265,0.0029,0.1869,1.045,0.0,0.1355,0.14787,0.1304,2848.34,0.4297,0.3959,0.3983,0.4582,0.4827,0.1222,3.259,1.852,0.222,0.408
task-stim04,290.0,290.5,0.04956,0.02744,0.0,290.25,0.7808,0.0214,0.2067,0.1751,0.0,0.0764,0.1908,0.0969,1205.84,0.636,0.4402,0.42,0.5626,0.513,0.091,3.259,1.926,0.667,0.3178
task-stim04,290.5,291.0,0.00145,0.00022,0.0,290.75,0.762,0.0007,0.2208,0.3892,0.0,0.058,0.18755,0.0885,1578.02,0.6114,0.4598,0.4532,0.5003,0.6211,0.0679,4.222,2.889,0.741,0.5693
task-stim04,291.0,291.5,0.00175,4e-05,0.0,291.25,0.7637,0.0001,0.2212,0.4962,0.0,0.0695,0.17422,0.0774,2039.57,0.5806,0.4534,0.4144,0.4907,0.7429,0.0703,2.889,1.778,0.593,0.6631
task-stim04,291.5,292.0,0.0018,5e-05,0.0,291.75,0.7638,0.0,0.2215,0.5124,0.0,0.0709,0.21035,0.0911,2448.5,0.3856,0.4708,0.4562,0.4976,0.6976,0.0769,3.185,1.926,0.444,0.387
task-stim04,292.0,292.5,0.00189,4e-05,0.0,292.25,0.7639,0.0001,0.2216,0.5367,0.0,0.0714,0.13779,0.2152,1273.16,0.6242,0.4794,0.4808,0.4531,0.6993,0.0886,3.185,1.778,0.296,0.3602
task-stim04,292.5,293.0,0.00213,0.0002,0.0,292.75,0.7645,0.0002,0.2215,0.6158,0.0,0.073,0.20844,0.0895,1177.39,0.5556,0.3908,0.418,0.4244,0.3992,0.0938,2.963,1.778,0.593,0.217
task-stim04,293.0,293.5,0.0023,9e-05,0.0,293.25,0.7653,0.0003,0.2211,0.7263,0.0,0.073,0.15906,0.1096,2544.32,0.421,0.3478,0.3699,0.4147,0.4068,0.0882,3.037,2.074,0.889,0.1018
task-stim04,293.5,294.0,0.00257,9e-05,0.0,293.75,0.7664,0.0004,0.2205,0.8966,0.0,0.0748,0.17451,0.1432,1278.29,0.5965,0.4261,0.4432,0.4398,0.6314,0.0891,2.667,1.556,0.444,0.0204
task-stim04,294.0,294.5,0.00285,7e-05,0.0,294.25,0.7676,0.0003,0.2199,1.0593,0.0,0.0745,0.06897,0.3001,2007.86,0.4229,0.4502,0.4575,0.4596,0.6518,0.0911,3.259,2.0,0.37,-0.1867
task-stim04,294.5,295.0,0.00304,8e-05,0.0,294.75,0.7683,0.0003,0.2196,1.1809,0.0,0.0705,0.16786,0.1474,1539.33,0.6667,0.4375,0.4179,0.4251,0.7296,0.1117,2.741,1.407,0.444,-0.4714
task-stim04,295.0,295.5,0.0032,7e-05,0.0,295.25,0.7691,0.0001,0.2192,1.322,0.0,0.0675,0.13633,0.1747,1513.26,0.4854,0.429,0.4095,0.5126,0.6874,0.097,2.963,1.778,0.741,-0.3662
task-stim04,295.5,296.0,0.0032,8e-05,0.0,295.75,0.7693,0.0001,0.2192,1.4028,0.0,0.0656,0.14914,0.125,2946.53,0.4079,0.4386,0.427,0.4242,0.6787,0.0944,3.185,2.0,0.593,-0.2415
task-stim04,296.0,296.5,0.00315,8e-05,0.0,296.25,0.7686,0.0002,0.2196,1.4197,0.0,0.0641,0.14655,0.1383,1091.24,0.641,0.4817,0.4889,0.4824,0.5506,0.0707,3.259,1.926,0.593,-0.3245
task-stim04,296.5,297.0,0.00311,7e-05,0.0,296.75,0.7679,0.0002,0.22,1.4139,0.0,0.0625,0.18839,0.1114,1437.39,0.5661,0.4636,0.4415,0.5483,0.6486,0.081,3.481,2.074,0.519,0.0392
task-stim04,297.0,297.5,0.00309,6e-05,0.0,297.25,0.7672,0.0002,0.2203,1.4138,0.0,0.0619,0.16729,0.1175,2673.73,0.4663,0.4768,0.47,0.4976,0.6348,0.0792,3.407,1.852,0.444,-0.003
task-stim04,297.5,298.0,0.00323,0.00026,0.0,297.75,0.7666,0.0002,0.2204,1.4233,0.0,0.0616,0.13615,0.3185,1426.99,0.6265,0.4449,0.4624,0.3689,0.6288,0.0907,3.037,1.704,0.593,-0.3159
task-stim04,298.0,298.5,0.0032,8e-05,0.0,298.25,0.7662,0.0002,0.2202,1.4318,0.0,0.062,0.20845,0.0793,1273.11,0.6058,0.4092,0.4014,0.4008,0.6342,0.0911,3.037,1.852,0.889,-0.3535
task-stim04,298.5,299.0,0.00321,7e-05,0.0,298.75,0.7657,0.0001,0.2199,1.4483,0.0,0.0627,0.20796,0.086,1434.77,0.6084,0.3982,0.4273,0.3447,0.5064,0.1002,3.037,1.704,0.815,-0.384
task-stim04,299.0,299.5,0.00324,6e-05,0.0,299.25,0.7655,0.0001,0.2197,1.459,0.0,0.0626,0.13468,0.2392,3571.23,0.2831,0.4405,0.4478,0.4373,0.5334,0.0995,3.333,1.778,0.519,-0.1785
task-stim04,299.5,300.0,0.00321,7e-05,0.0,299.75,0.7655,0.0001,0.2192,1.4647,0.0,0.0625,0.17075,0.1399,1084.73,0.706,0.4987,0.5148,0.4767,0.7131,0.0887,3.111,1.556,0.37,-0.2148
task-stim04,300.0,300.5,0.00326,7e-05,0.0,300.25,0.7658,0.0002,0.2186,1.4602,0.0,0.0631,0.13184,0.124,2608.75,0.4148,0.446,0.4612,0.4189,0.5193,0.0736,2.963,1.778,0.815,-0.109
task-stim04,300.5,301.0,0.00332,6e-05,0.0,300.75,0.7668,0.0003,0.2175,1.4673,0.0,0.0636,0.11433,0.1541,2226.87,0.5885,0.454,0.4622,0.4923,0.5778,0.0807,3.111,1.926,0.444,-0.0934
task-stim04,301.0,301.5,0.01316,0.00789,0.0,301.25,0.8114,0.0472,0.1738,1.0845,0.0,0.0486,0.03194,0.384,1751.13,0.4232,0.5027,0.5192,0.4497,0.6397,0.0766,3.111,1.63,0.444,0.0371
task-stim04,301.5,302.0,0.00176,0.0024,0.0,301.75,0.911,0.0027,0.0293,0.0199,0.0,0.0036,0.03404,0.3493,1268.16,0.6113,0.4592,0.4555,0.5887,0.586,0.0957,3.926,2.815,0.667,-0.0155
task-stim04,302.0,302.5,0.01716,0.01161,0.0,302.25,0.8539,0.0323,0.1619,0.2509,0.667,0.0681,0.1803,0.1353,1645.61,0.6076,0.392,0.4337,0.4213,0.4998,0.1188,3.333,2.667,0.667,-0.5169
task-stim04,302.5,303.0,0.0003,0.00024,0.0,302.75,0.8155,0.0,0.2262,0.581,1.0,0.0911,0.09304,0.3407,2294.45,0.5803,0.4146,0.4532,0.4035,0.3952,0.0914,3.704,2.815,0.741,-0.3408
task-stim04,303.0,303.5,0.00015,6e-05,0.0,303.25,0.8155,0.0,0.2262,0.5864,1.0,0.0911,0.21849,0.0906,1935.44,0.5199,0.4204,0.4324,0.4402,0.5745,0.0626,3.926,2.815,0.667,0.1936
task-stim04,303.5,304.0,0.0001,4e-05,0.0,303.75,0.8156,0.0,0.2262,0.5833,1.0,0.0906,0.14037,0.1495,2917.98,0.4178,0.3961,0.3744,0.4991,0.6214,0.0935,3.556,2.296,0.815,0.4836
task-stim04,304.0,304.5,0.00019,6e-05,0.0,304.25,0.8155,0.0,0.2262,0.587,1.0,0.0905,0.19029,0.0816,2254.49,0.5049,0.4472,0.5035,0.4449,0.4437,0.1025,3.704,2.37,0.593,0.4608
task-stim04,304.5,305.0,0.00314,0.0033,0.0,304.75,0.8063,0.0066,0.2317,0.6518,1.0,0.0904,0.14698,0.1189,1323.0,0.606,0.4371,0.4536,0.4096,0.578,0.0959,4.074,2.889,0.593,0.6036
task-stim04,305.0,305.5,0.00019,6e-05,0.0,305.25,0.7996,0.0001,0.236,0.7368,1.0,0.0909,0.12504,0.1406,2578.42,0.4473,0.4623,0.4313,0.4864,0.6534,0.0732,3.481,2.519,0.667,0.3522
task-stim04,305.5,306.0,0.00026,4e-05,0.0,305.75,0.7995,0.0,0.236,0.7417,1.0,0.091,0.17195,0.2455,2417.7,0.4876,0.4657,0.5025,0.4387,0.5812,0.0754,4.222,2.815,0.444,0.4336
task-stim04,306.0,306.5,0.00401,0.00455,0.0,306.25,0.7921,0.0073,0.2415,1.065,1.0,0.0906,0.15114,0.3175,1582.92,0.6375,0.4733,0.4734,0.4442,0.6078,0.0901,4.815,3.63,0.444,0.5419
task-stim04,306.5,307.0,0.00021,9e-05,0.0,306.75,0.7825,0.0,0.2485,1.3812,1.0,0.0898,0.16327,0.0911,1428.63,0.5938,0.5974,0.5955,0.5228,0.7692,0.0774,3.926,2.741,0.296,0.4579
task-stim04,307.0,307.5,0.00024,0.0001,0.0,307.25,0.7826,0.0001,0.2483,1.3663,1.0,0.0907,0.09929,0.3849,1641.44,0.7266,0.5553,0.5345,0.5447,0.7285,0.1025,3.333,2.148,0.296,0.3273
task-stim04,307.5,308.0,0.00083,0.00073,0.0,307.75,0.7807,0.0025,0.2473,1.3627,1.0,0.0904,0.21921,0.0643,1754.41,0.5291,0.4755,0.4649,0.4776,0.5783,0.0905,3.926,2.741,0.593,0.2242
task-stim04,308.0,308.5,0.00051,0.00042,0.0,308.25,0.7713,0.0013,0.2514,1.4654,1.0,0.0902,0.155,0.1105,3205.79,0.368,0.4998,0.5077,0.4328,0.6775,0.0964,4.222,2.889,0.444,0.1958
task-stim04,308.5,309.0,0.0,1e-05,0.0,308.75,0.7701,0.0,0.2523,1.4303,1.0,0.0902,0.18565,0.1516,2373.44,0.505,0.5053,0.5172,0.4471,0.5997,0.079,3.63,2.444,0.593,0.16
task-stim04,309.0,309.5,1e-05,2e-05,0.0,309.25,0.7701,0.0,0.2523,1.4302,1.0,0.0903,0.11725,0.2865,1934.55,0.5104,0.4245,0.4137,0.4338,0.5144,0.0746,3.556,2.815,1.037,0.4492
task-stim04,309.5,310.0,1e-05,2e-05,0.0,309.75,0.7701,0.0,0.2523,1.4302,1.0,0.0903,0.21356,0.1011,1292.98,0.544,0.3338,0.3438,0.4328,0.4305,0.1066,4.148,3.333,1.111,0.2923
task-stim04,310.0,310.5,0.0028,0.00286,0.0,310.25,0.774,0.0053,0.2504,1.3718,1.0,0.0902,0.15059,0.1295,1412.97,0.431,0.3782,0.4259,0.4342,0.3649,0.1125,3.778,2.815,0.667,0.3045
task-stim04,310.5,311.0,0.00667,0.00597,0.0,310.75,0.8007,0.0122,0.2355,0.9962,1.0,0.0902,0.12379,0.1629,2495.11,0.5145,0.4849,0.4864,0.4229,0.6279,0.0989,4.148,2.963,0.444,0.4324
task-stim04,311.0,311.5,0.00566,0.00323,0.0,311.25,0.8256,0.0089,0.2156,0.4458,1.0,0.0866,0.14863,0.1035,1447.17,0.6614,0.5149,0.5215,0.6991,0.5554,0.0861,3.63,2.074,0.37,0.4812
task-stim04,311.5,312.0,0.00865,0.0025,0.0,311.75,0.8618,0.007,0.1691,0.3167,0.667,0.0789,0.03686,0.324,2328.76,0.5927,0.5218,0.4853,0.593,0.7221,0.0953,3.481,2.296,0.519,0.5949
task-stim04,312.0,312.5,0.00217,0.00258,0.0,312.25,0.8613,0.0006,0.1592,0.4523,0.0,0.0776,0.21635,0.0905,1158.85,0.6104,0.4622,0.4217,0.6997,0.5369,0.1168,5.111,3.778,0.222,0.2428
task-stim04,312.5,313.0,0.00145,0.00058,0.0,312.75,0.8596,0.0008,0.1601,0.4736,0.0,0.0776,0.1333,0.1519,1361.0,0.6133,0.5295,0.5192,0.6895,0.6572,0.106,3.333,1.704,0.37,-0.1536
task-stim04,313.0,313.5,0.0055,0.00442,0.0,313.25,0.8475,0.0039,0.1629,0.5876,0.0,0.0779,0.16196,0.0936,1642.35,0.5585,0.4865,0.4866,0.4657,0.6072,0.0761,4.889,3.333,0.37,-0.1382
task-stim04,313.5,314.0,0.00263,0.00047,0.0,313.75,0.8449,0.0004,0.1641,0.6329,0.0,0.078,0.17419,0.1174,2087.77,0.5206,0.5543,0.5311,0.7011,0.7007,0.1163,3.778,2.37,0.222,-0.2125
task-stim04,314.0,314.5,0.00247,0.0002,0.0,314.25,0.8435,0.0002,0.1668,0.6777,0.0,0.0779,0.15111,0.1234,2406.23,0.4713,0.4622,0.4314,0.6099,0.5431,0.106,4.222,2.889,0.519,-0.2961
task-stim04,314.5,315.0,0.00252,0.00033,0.0,314.75,0.8437,0.0001,0.1663,0.6721,0.0,0.0779,0.16673,0.1035,2582.44,0.4817,0.4707,0.4897,0.6693,0.4471,0.0927,4.444,2.963,0.296,-0.2144
task-stim04,315.0,315.5,0.00354,0.00074,0.0,315.25,0.8433,0.0007,0.1661,0.6621,0.0,0.0779,0.15676,0.0998,3353.96,0.3678,0.4254,0.4336,0.6096,0.4715,0.1018,4.296,2.889,0.37,-0.3366
task-stim04,315.5,316.0,0.0039,0.001,0.0,315.75,0.8423,0.0008,0.1668,0.6714,0.0,0.079,0.14133,0.1847,2434.85,0.4043,0.3976,0.3866,0.6074,0.4456,0.1179,5.185,3.778,0.444,-0.2497
task-stim04,316.0,316.5,0.00248,0.0002,0.0,316.25,0.843,0.0002,0.167,0.7062,0.0,0.0805,0.17671,0.1309,2071.05,0.5901,0.462,0.4506,0.5233,0.7509,0.1354,4.815,3.333,0.296,-0.3471
task-stim04,316.5,317.0,0.00263,0.00033,0.0,316.75,0.8432,0.0,0.1665,0.7047,0.0,0.0806,0.14039,0.218,3170.34,0.3942,0.408,0.4314,0.4061,0.4756,0.1005,4.074,2.741,0.519,-0.4649
task-stim04,317.0,317.5,0.0026,0.00033,0.0,317.25,0.8432,0.0001,0.1666,0.7046,0.0,0.0806,0.14923,0.0954,2301.17,0.4329,0.3946,0.4154,0.3855,0.5678,0.0976,3.852,2.667,0.444,-0.4505
task-stim04,317.5,318.0,0.00266,0.00039,0.0,317.75,0.8428,0.0002,0.1675,0.7148,0.0,0.0808,0.08004,0.2236,3039.05,0.416,0.4132,0.4529,0.4325,0.5339,0.1067,3.852,2.593,0.444,-0.3999
task-stim04,318.0,318.5,0.00259,7e-05,0.0,318.25,0.8427,0.0001,0.1675,0.7128,0.0,0.0809,0.0349,0.3249,1584.77,0.5816,0.3598,0.3787,0.3883,0.4845,0.087,3.704,2.444,0.741,-0.4023
task-stim04,318.5,319.0,0.02486,0.0156,0.0,318.75,0.8525,0.0098,0.144,0.4471,0.0,0.0792,0.15596,0.1256,1816.01,0.5186,0.3884,0.3989,0.4137,0.5084,0.0854,3.63,2.593,0.667,-0.3604
task-stim04,319.0,319.5,0.02023,0.01995,0.0,319.25,0.8978,0.015,0.0534,0.0799,0.0,0.0398,0.18684,0.0991,2300.64,0.46,0.3532,0.366,0.3861,0.4087,0.1129,5.63,4.593,0.815,-0.5007
task-stim04,319.5,320.0,0.00117,0.00045,0.0,319.75,0.9067,0.0027,0.0557,0.1335,0.0,0.0024,0.12916,0.1158,3181.53,0.3268,0.4115,0.4517,0.3259,0.4764,0.1617,4.074,3.037,0.37,-0.7639
task-stim04,320.0,320.5,0.00139,0.00069,0.0,320.25,0.8985,0.0019,0.0886,0.2723,0.0,0.008,0.13464,0.1506,2952.29,0.4654,0.3857,0.4066,0.4542,0.533,0.0846,3.704,2.593,0.593,-0.4989
task-stim04,320.5,321.0,0.0023,0.00058,0.0,320.75,0.887,0.0031,0.1243,0.5547,0.0,0.0198,0.21163,0.0824,1839.79,0.4654,0.3777,0.3911,0.4707,0.4535,0.0955,4.593,3.185,0.37,-0.2612
task-stim04,321.0,321.5,0.00152,0.00061,0.0,321.25,0.8818,0.001,0.1344,0.7055,0.0,0.0291,0.1403,0.1509,2655.59,0.3372,0.3588,0.3616,0.411,0.4893,0.1048,4.074,2.667,0.593,-0.0477
task-stim04,321.5,322.0,0.00195,0.00112,0.0,321.75,0.8738,0.0011,0.1484,0.839,0.0,0.04,0.1503,0.1406,2441.87,0.3757,0.4066,0.4342,0.3879,0.5754,0.106,4.148,3.037,0.519,-0.1921
task-stim04,322.0,322.5,0.00193,0.00058,0.0,322.25,0.8696,0.0014,0.1527,0.9297,0.0,0.07,0.05197,0.2746,2515.94,0.5073,0.4286,0.4091,0.4218,0.6289,0.106,3.556,2.37,0.593,-0.0785
task-stim04,322.5,323.0,0.00163,0.00038,0.0,322.75,0.868,0.0006,0.1543,0.9472,0.0,0.0821,0.1851,0.1111,2477.72,0.4211,0.4406,0.4188,0.5465,0.6329,0.1134,2.963,1.63,0.37,-0.0181
task-stim04,323.0,323.5,0.00247,0.00092,0.0,323.25,0.8632,0.001,0.1645,1.1143,0.0,0.1211,0.0919,0.2253,3277.95,0.3835,0.3624,0.3906,0.4365,0.4354,0.1189,3.704,2.444,0.444,-0.2414
task-stim04,323.5,324.0,0.00203,0.0003,0.0,323.75,0.8627,0.0001,0.1679,1.1842,0.0,0.1285,0.14937,0.1615,1840.45,0.5364,0.4631,0.4626,0.464,0.5896,0.1124,4.444,3.111,0.296,-0.2706
task-stim04,324.0,324.5,0.002,0.00033,0.0,324.25,0.8629,0.0001,0.1696,1.2585,0.0,0.1326,0.07637,0.2195,3464.71,0.3471,0.4053,0.4113,0.4264,0.5511,0.1188,4.296,2.963,0.37,-0.2644
task-stim04,324.5,325.0,0.00251,0.00024,0.0,324.75,0.8629,0.0005,0.1712,1.322,0.0,0.1348,0.11442,0.273,1660.57,0.6085,0.4183,0.4308,0.3998,0.574,0.0985,4.222,3.111,0.222,-0.155
task-stim04,325.0,325.5,0.00236,0.00049,0.0,325.25,0.8647,0.0006,0.1703,1.3475,0.0,0.1383,0.12606,0.1391,2748.99,0.473,0.3598,0.3791,0.4429,0.4781,0.1184,4.296,3.407,0.667,-0.2372
task-stim04,325.5,326.0,0.00214,0.00033,0.0,325.75,0.8656,0.0001,0.1692,1.3539,0.0,0.1406,0.21526,0.085,2543.56,0.3571,0.4007,0.4289,0.5292,0.5108,0.1474,4.222,3.259,0.519,-0.2439
task-stim04,326.0,326.5,0.00205,0.00037,0.0,326.25,0.8653,0.0001,0.1697,1.3279,0.0,0.1402,0.16243,0.0828,2288.89,0.4899,0.3183,0.3162,0.4767,0.4341,0.1191,4.444,3.111,0.593,-0.2965
task-stim04,326.5,327.0,0.00209,0.00034,0.0,326.75,0.8652,0.0001,0.1701,1.3263,0.0,0.1394,0.19287,0.0751,1501.66,0.564,0.3222,0.3378,0.4084,0.4662,0.1277,3.556,2.37,0.519,-0.3445
task-stim04,327.0,327.5,0.00202,0.00026,0.0,327.25,0.8655,0.0001,0.1696,1.358,0.0,0.1398,0.19573,0.1055,2841.2,0.3549,0.3319,0.3376,0.4185,0.5019,0.1417,4.667,3.556,0.444,-0.3712
task-stim04,327.5,328.0,0.00494,0.00308,0.0,327.75,0.8646,0.0012,0.1686,1.2971,0.0,0.1359,0.19771,0.0806,2587.37,0.4623,0.3485,0.3382,0.4469,0.4934,0.1277,3.852,2.37,0.37,-0.384
task-stim04,328.0,328.5,0.00681,0.00184,0.0,328.25,0.8905,0.0151,0.1014,0.4662,0.0,0.062,0.06881,0.2045,2889.09,0.4629,0.3427,0.3538,0.4223,0.5706,0.1412,3.259,1.926,0.37,-0.1821
task-stim04,328.5,329.0,0.00456,0.00761,0.0,328.75,0.9066,0.0109,0.043,0.0142,0.0,0.0126,0.08796,0.1841,1740.11,0.4674,0.4089,0.4619,0.3818,0.4745,0.1122,3.111,1.778,0.519,-0.3493
task-stim04,329.0,329.5,0.01331,0.01847,0.0,329.25,0.8102,0.007,0.1936,0.4675,1.0,0.0696,0.2167,0.0587,1590.56,0.61,0.3737,0.3986,0.4261,0.412,0.0927,3.926,2.963,0.593,-0.5982
task-stim04,329.5,330.0,0.00084,0.00097,0.0,329.75,0.8072,0.0002,0.1962,0.6885,1.0,0.0653,0.14648,0.1919,1896.15,0.5258,0.3868,0.3913,0.4233,0.4827,0.0807,4.741,3.704,0.667,-0.3512
task-stim04,330.0,330.5,0.00012,2e-05,0.0,330.25,0.8076,0.0001,0.1965,0.7992,1.0,0.0663,0.17742,0.1303,2332.87,0.4177,0.5887,0.5783,0.5097,0.8011,0.115,3.852,2.667,0.519,-0.5509
task-stim04,330.5,331.0,7e-05,5e-05,0.0,330.75,0.8076,0.0,0.1963,0.7888,1.0,0.0652,0.16864,0.1229,2342.92,0.4486,0.4688,0.5102,0.3798,0.542,0.1243,4.074,2.963,0.741,-0.312
task-stim04,331.0,331.5,0.00085,0.00092,0.0,331.25,0.8076,0.0,0.1955,0.679,1.0,0.0649,0.16305,0.1194,1722.64,0.5602,0.4307,0.4642,0.3092,0.3995,0.0879,3.63,2.444,0.667,-0.1413
task-stim04,331.5,332.0,8e-05,2e-05,0.0,331.75,0.8076,0.0,0.1941,0.5286,1.0,0.065,0.16231,0.1281,2337.49,0.4968,0.4323,0.4607,0.4559,0.4152,0.0826,3.852,2.593,0.444,-0.1096
task-stim04,332.0,332.5,0.00037,0.00076,0.0,332.25,0.8073,0.0001,0.1959,0.7083,1.0,0.0649,0.17058,0.1001,3010.63,0.4094,0.4152,0.4218,0.3887,0.52,0.0897,4.296,2.963,0.519,-0.1513
task-stim04,332.5,333.0,0.01088,0.00829,0.0,332.75,0.8147,0.0087,0.1885,0.4429,0.667,0.0655,0.03896,0.3857,2167.1,0.5489,0.4477,0.5379,0.384,0.4517,0.1494,4.889,3.481,0.593,-0.2251
task-stim04,333.0,333.5,0.03693,0.00465,0.0,333.25,0.8627,0.0106,0.1411,0.2006,0.333,0.0691,0.22845,0.0622,1294.34,0.5314,0.3992,0.4026,0.4189,0.5083,0.1076,3.407,2.0,0.37,0.1633
task-stim04,333.5,334.0,0.00208,0.00519,0.0,333.75,0.8696,0.0001,0.1385,0.7379,0.0,0.0506,0.19402,0.0707,2940.65,0.3662,0.397,0.4018,0.4253,0.5177,0.1058,5.037,3.63,0.519,-0.0233
task-stim04,334.0,334.5,0.00052,0.00056,0.0,334.25,0.8718,0.0023,0.1351,0.7514,0.0,0.0506,0.1573,0.086,2988.25,0.4406,0.3991,0.3992,0.4204,0.5538,0.0983,4.37,3.037,0.444,-0.4762
task-stim04,334.5,335.0,0.00034,0.00019,0.0,334.75,0.8748,0.0,0.1306,0.7581,0.0,0.0506,0.14936,0.0988,1646.46,0.6842,0.4084,0.4008,0.4184,0.5607,0.1525,4.148,3.407,0.444,-0.5016
task-stim04,335.0,335.5,0.00042,0.00029,0.0,335.25,0.8748,0.0,0.1306,0.7567,0.0,0.0506,0.11061,0.1618,2602.07,0.4121,0.3458,0.3536,0.4581,0.4088,0.1553,3.333,2.889,0.889,-0.4724
task-stim04,335.5,336.0,0.02375,0.02445,0.0,335.75,0.8756,0.007,0.1238,0.4417,0.0,0.041,0.04221,0.2759,1731.14,0.5106,0.3486,0.3561,0.427,0.451,0.1488,3.556,2.889,0.519,-0.3214
task-stim04,336.0,336.5,0.00404,0.00862,0.0,336.25,0.9113,0.0033,0.0261,0.0093,0.0,0.0039,0.13281,0.1072,1357.95,0.603,0.3756,0.398,0.5068,0.4366,0.0927,3.852,3.037,0.519,-0.2433
task-stim04,336.5,337.0,0.00103,0.00023,0.0,336.75,0.9066,0.0019,0.065,0.1156,0.0,0.0095,0.21686,0.0655,2223.74,0.41,0.479,0.4726,0.4682,0.597,0.0927,4.37,3.481,0.444,-0.4462
task-stim04,337.0,337.5,0.00048,0.00043,0.0,337.25,0.9013,0.0007,0.0801,0.2329,0.0,0.0205,0.1646,0.1026,1774.45,0.5558,0.3466,0.3466,0.4,0.4925,0.1178,4.519,3.333,0.519,-0.379
task-stim04,337.5,338.0,0.00093,0.00029,0.0,337.75,0.8985,0.0008,0.0861,0.2992,0.0,0.0236,0.12881,0.1153,1275.52,0.6392,0.4418,0.431,0.5942,0.5256,0.1315,3.63,2.296,0.296,-0.4772
task-stim04,338.0,338.5,0.00112,0.00034,0.0,338.25,0.896,0.001,0.0892,0.3671,0.0,0.0387,0.16047,0.0974,2013.39,0.5543,0.456,0.4234,0.5982,0.5286,0.0948,3.704,2.37,0.519,-0.2354
task-stim04,338.5,339.0,0.00064,1e-05,0.0,338.75,0.8947,0.0,0.0907,0.4132,0.0,0.0393,0.12064,0.2885,1020.49,0.6114,0.383,0.3789,0.4212,0.6038,0.095,3.926,2.741,0.667,-0.1292
task-stim04,339.0,339.5,0.00065,2e-05,0.0,339.25,0.8946,0.0,0.0906,0.4126,0.0,0.0393,0.21498,0.0779,1032.83,0.6031,0.3452,0.3661,0.3635,0.4878,0.0941,3.407,2.074,0.593,-0.1561
task-stim04,339.5,340.0,0.00068,3e-05,0.0,339.75,0.8944,0.0001,0.0911,0.4136,0.0,0.0393,0.18157,0.1171,1471.8,0.6064,0.3807,0.3597,0.4519,0.6025,0.0864,3.704,2.37,0.667,-0.2115
task-stim04,340.0,340.5,0.00066,9e-05,0.0,340.25,0.8943,0.0001,0.091,0.4167,0.0,0.0393,0.13895,0.1499,2771.35,0.442,0.4067,0.3964,0.5193,0.575,0.1025,3.259,1.926,0.444,-0.3974
task-stim04,340.5,341.0,0.00116,0.00059,0.0,340.75,0.8944,0.0001,0.091,0.4065,0.0,0.0392,0.15448,0.12,1283.97,0.6624,0.3868,0.3802,0.6302,0.5965,0.1038,3.63,2.37,0.519,-0.3511
task-stim04,341.0,341.5,0.00475,0.00148,0.0,341.25,0.8948,0.0008,0.0901,0.381,0.0,0.0344,0.2178,0.067,1231.13,0.5661,0.4484,0.4551,0.6654,0.6071,0.0862,3.852,2.667,0.37,-0.1059
task-stim04,341.5,342.0,0.00987,0.00754,0.0,341.75,0.8834,0.0133,0.1066,0.4365,0.0,0.0429,0.20837,0.0938,2567.88,0.4243,0.531,0.5075,0.568,0.7861,0.0981,3.556,2.296,0.296,-0.1615
task-stim04,342.0,342.5,0.0,1e-05,0.0,342.25,0.8669,0.0,0.131,0.7164,0.0,0.0737,0.19205,0.0775,2901.66,0.4524,0.4748,0.4452,0.4837,0.7705,0.0682,4.222,3.111,0.444,-0.3151
task-stim04,342.5,343.0,0.00013,0.00033,0.0,342.75,0.8669,0.0,0.131,0.7184,0.0,0.0739,0.20622,0.1527,1124.51,0.677,0.4666,0.4758,0.4354,0.6812,0.0773,3.704,2.444,0.444,-0.4391
task-stim04,343.0,343.5,0.00062,0.00054,0.0,343.25,0.8686,0.0019,0.1267,0.6969,0.0,0.074,0.14445,0.1245,2698.55,0.4698,0.4318,0.4155,0.4787,0.6142,0.1096,4.0,2.519,0.37,-0.3964
task-stim04,343.5,344.0,0.00102,0.00017,0.0,343.75,0.8755,0.0018,0.1131,0.5746,0.0,0.0622,0.12901,0.1754,1477.25,0.5481,0.3766,0.3485,0.4702,0.6193,0.1187,4.0,2.667,0.444,-0.2897
task-stim04,344.0,344.5,6e-05,0.00012,0.0,344.25,0.8786,0.0001,0.1083,0.4749,0.0,0.0556,0.16041,0.1144,2360.19,0.4863,0.465,0.4182,0.5906,0.7428,0.1149,4.222,3.037,0.593,-0.3262
task-stim04,344.5,345.0,3e-05,7e-05,0.0,344.75,0.8786,0.0,0.1083,0.4737,0.0,0.0556,0.14738,0.118,1548.73,0.4887,0.4023,0.3857,0.5568,0.6242,0.1029,3.778,2.667,0.593,-0.3285
task-stim04,345.0,345.5,0.0008,0.00054,0.0,345.25,0.8775,0.0004,0.1089,0.5056,0.0,0.0556,0.1584,0.0909,2956.59,0.4546,0.4076,0.3801,0.6278,0.6045,0.1132,4.148,3.111,0.519,-0.2662
task-stim04,345.5,346.0,0.00136,0.00121,0.0,345.75,0.8757,0.0016,0.1104,0.5277,0.0,0.0556,0.22492,0.091,1687.9,0.4843,0.478,0.4543,0.6667,0.7288,0.1034,4.0,2.815,0.296,-0.2602
task-stim04,346.0,346.5,0.00023,0.00043,0.0,346.25,0.8739,0.0,0.112,0.5468,0.0,0.0556,0.1136,0.2506,1320.63,0.7194,0.4226,0.4127,0.6879,0.6111,0.0868,3.556,2.296,0.519,-0.1023
task-stim04,346.5,347.0,1e-05,2e-05,0.0,346.75,0.8739,0.0,0.112,0.5484,0.0,0.0556,0.14828,0.1126,2660.43,0.4716,0.4086,0.3821,0.6515,0.5788,0.1027,4.074,2.889,0.444,0.1067
task-stim04,347.0,347.5,0.00217,0.00237,0.0,347.25,0.8715,0.0028,0.1147,0.562,0.0,0.0616,0.10628,0.2144,1355.65,0.5916,0.388,0.3921,0.6686,0.5525,0.1334,4.296,3.037,0.37,0.0358
task-stim04,347.5,348.0,0.00103,0.00134,0.0,347.75,0.8675,0.0001,0.1202,0.66,0.0,0.0833,0.1385,0.1314,2877.38,0.4582,0.4471,0.436,0.5413,0.4471,0.1069,4.148,2.963,0.444,0.0591
task-stim04,348.0,348.5,0.00083,0.00145,0.0,348.25,0.8665,0.0022,0.122,0.6795,0.0,0.0876,0.17811,0.128,2747.69,0.5433,0.4362,0.4335,0.5255,0.5172,0.1059,3.333,1.852,0.667,-0.0757
task-stim04,348.5,349.0,0.00206,0.00198,0.0,348.75,0.8563,0.0008,0.1413,0.8507,0.0,0.1266,0.15247,0.1406,1113.51,0.6654,0.4708,0.4952,0.5349,0.4924,0.1085,5.481,3.852,0.222,-0.2155
task-stim04,349.0,349.5,1e-05,2e-05,0.0,349.25,0.8559,0.0,0.1421,0.8783,0.0,0.1284,0.17674,0.1106,2000.12,0.5965,0.59,0.6121,0.4726,0.9498,0.1292,3.407,1.852,0.37,-0.162
task-stim04,349.5,350.0,0.00168,0.00098,0.0,349.75,0.8535,0.0008,0.1454,0.9326,0.0,0.1446,0.12471,0.1613,2783.66,0.3769,0.5598,0.571,0.4319,0.8346,0.1545,3.926,2.296,0.222,-0.4007
task-stim04,350.0,350.5,1e-05,1e-05,0.0,350.25,0.8527,0.0,0.1463,0.9743,0.0,0.1493,0.20613,0.0848,1581.56,0.6769,0.4946,0.5026,0.4846,0.7752,0.1295,3.704,2.296,0.519,-0.3409
task-stim04,350.5,351.0,0.0,1e-05,0.0,350.75,0.8527,0.0,0.1463,0.9743,0.0,0.1493,0.17268,0.1279,2738.57,0.5047,0.4981,0.4786,0.5236,0.7675,0.1105,4.074,2.741,0.222,-0.3004
task-stim04,351.0,351.5,1e-05,1e-05,0.0,351.25,0.8527,0.0,0.1463,0.9742,0.0,0.1493,0.17819,0.0973,2264.02,0.5634,0.4726,0.4407,0.486,0.8373,0.116,4.37,2.815,0.37,-0.1897
task-stim04,351.5,352.0,0.00279,0.00159,0.0,351.75,0.8494,0.0017,0.1481,1.0305,0.0,0.1627,0.11411,0.1346,1258.72,0.6559,0.4248,0.3806,0.4075,0.7529,0.1103,4.815,3.556,0.444,-0.2953
task-stim04,352.0,352.5,3e-05,9e-05,0.0,352.25,0.8483,0.0,0.1492,1.1369,0.0,0.174,0.1716,0.0993,2213.83,0.5145,0.413,0.3861,0.5956,0.6598,0.1193,4.889,3.63,0.741,-0.215
task-stim04,352.5,353.0,0.00357,0.00312,0.0,352.75,0.8437,0.0042,0.1555,1.1589,0.0,0.1739,0.16532,0.1561,946.07,0.5046,0.399,0.3629,0.5554,0.681,0.1416,5.037,3.556,0.296,-0.1963
task-stim04,353.0,353.5,0.00058,0.00105,0.0,353.25,0.839,0.0,0.1627,1.238,0.0,0.1739,0.18121,0.1234,2259.58,0.442,0.3962,0.3705,0.5434,0.5549,0.1314,4.222,2.667,0.444,-0.2663
task-stim04,353.5,354.0,1e-05,1e-05,0.0,353.75,0.839,0.0,0.1627,1.2387,0.0,0.1739,0.23421,0.0726,1902.72,0.5293,0.3759,0.3598,0.5368,0.5414,0.1454,3.778,2.444,0.444,-0.2654
task-stim04,354.0,354.5,0.00145,0.00114,0.0,354.25,0.8365,0.0023,0.1641,1.2689,0.0,0.1739,0.11769,0.1554,1360.16,0.5498,0.3307,0.3178,0.4869,0.5172,0.1648,4.667,3.111,0.444,-0.2414
task-stim04,354.5,355.0,0.00154,7e-05,0.0,354.75,0.8329,0.0003,0.1665,1.3229,0.0,0.1739,0.1771,0.0889,1645.16,0.5839,0.4258,0.4272,0.4938,0.5669,0.1823,3.556,1.926,0.296,-0.1245
task-stim04,355.0,355.5,0.00128,7e-05,0.0,355.25,0.8333,0.0001,0.166,1.3168,0.0,0.1739,0.19473,0.1138,2726.83,0.4789,0.431,0.4498,0.4608,0.5221,0.1726,3.111,1.852,0.296,-0.2283
task-stim04,355.5,356.0,0.00114,5e-05,0.0,355.75,0.8334,0.0002,0.1657,1.3185,0.0,0.1739,0.20223,0.102,1273.11,0.7061,0.3906,0.3733,0.473,0.541,0.1647,3.333,2.0,0.667,-0.1889
task-stim04,356.0,356.5,0.00126,0.00012,0.0,356.25,0.8333,0.0003,0.1662,1.3238,0.0,0.1739,0.18896,0.0849,1294.35,0.6752,0.3798,0.4099,0.5812,0.657,0.1951,3.481,2.0,0.444,-0.3308
task-stim04,356.5,357.0,0.00149,5e-05,0.0,356.75,0.8332,0.0,0.1662,1.3248,0.0,0.1739,0.16022,0.102,1378.85,0.6023,0.3632,0.4035,0.5405,0.6215,0.1942,3.259,1.926,0.667,-0.1215
task-stim04,357.0,357.5,0.00158,8e-05,0.0,357.25,0.8327,0.0002,0.1667,1.3192,0.0,0.1739,0.17346,0.106,1240.29,0.6469,0.4784,0.5116,0.5969,0.5664,0.1706,3.185,1.778,0.148,-0.1522
task-stim04,357.5,358.0,0.00151,0.00057,0.0,357.75,0.833,0.0001,0.1659,1.3147,0.0,0.1739,0.2048,0.1014,2391.52,0.5392,0.4292,0.4278,0.615,0.6032,0.1787,3.259,2.0,0.593,0.016
task-stim04,358.0,358.5,0.06083,0.02742,0.0,358.25,0.8357,0.0033,0.1533,0.4663,0.0,0.0977,0.17035,0.0963,1878.13,0.5095,0.4435,0.4876,0.6184,0.4217,0.1751,3.037,1.926,0.37,0.087
task-stim04,358.5,359.0,0.05929,0.02136,0.0,358.75,0.8216,0.0137,0.1863,1.0246,0.667,0.0537,0.1791,0.0839,2009.5,0.4649,0.4039,0.3994,0.5415,0.392,0.1188,4.074,2.963,0.444,0.1969
task-stim04,359.0,359.5,0.01323,0.00244,0.0,359.25,0.7852,0.0039,0.211,2.9278,0.0,0.0711,0.21313,0.0569,1610.93,0.4135,0.4264,0.4126,0.6108,0.496,0.1038,4.074,3.111,0.296,0.3108
task-stim04,359.5,360.0,0.01046,0.00012,0.0,359.75,0.7806,0.0002,0.2106,3.0056,0.0,0.0693,0.18302,0.099,1311.27,0.5833,0.4207,0.4216,0.4622,0.481,0.0968,3.704,2.519,0.519,-0.1157
task-stim04,360.0,360.5,0.01026,8e-05,0.0,360.25,0.7803,0.0001,0.2106,3.0049,0.0,0.0693,0.06515,0.1711,1482.53,0.5983,0.467,0.4695,0.4489,0.5989,0.1066,3.259,1.852,0.222,-0.1453
task-stim04,360.5,361.0,0.01028,4e-05,0.0,360.75,0.7803,0.0001,0.2106,3.0077,0.0,0.0693,0.21741,0.0703,1691.71,0.5572,0.3739,0.3899,0.3986,0.4571,0.1187,3.852,2.667,0.519,-0.0838
task-stim04,361.0,361.5,0.01021,6e-05,0.0,361.25,0.7802,0.0001,0.2106,3.0085,0.0,0.0693,0.16134,0.1504,1224.02,0.6502,0.492,0.4902,0.5196,0.6207,0.085,3.185,2.296,0.296,0.0319
task-stim04,361.5,362.0,0.0102,7e-05,0.0,361.75,0.7802,0.0003,0.2106,3.0058,0.0,0.0693,0.17979,0.1219,1298.82,0.6166,0.4823,0.4894,0.3964,0.6918,0.0808,4.0,2.963,0.37,0.1199
task-stim04,362.0,362.5,0.01028,0.0001,0.0,362.25,0.7799,0.0003,0.2109,3.0077,0.0,0.0693,0.19917,0.074,1406.26,0.5236,0.4056,0.4259,0.4335,0.5224,0.1228,3.481,2.444,0.296,0.0789
task-stim04,362.5,363.0,0.01047,0.00034,0.0,362.75,0.7802,0.0002,0.2107,3.0113,0.0,0.0693,0.1048,0.1976,2755.15,0.4596,0.4984,0.4907,0.4684,0.6455,0.0883,3.63,2.444,0.296,-0.0821
task-stim04,363.0,363.5,0.01024,6e-05,0.0,363.25,0.7796,0.0003,0.2111,3.0169,0.0,0.0692,0.13481,0.2145,2621.39,0.4921,0.3749,0.3781,0.463,0.432,0.1313,3.63,2.444,0.593,0.0331
task-stim04,363.5,364.0,0.01011,7e-05,0.0,363.75,0.7798,0.0004,0.211,3.0145,0.0,0.0692,0.15442,0.0989,2828.94,0.4494,0.3754,0.3413,0.56,0.5534,0.1293,3.704,2.593,0.667,0.0967
task-stim04,364.0,364.5,0.01012,7e-05,0.0,364.25,0.7801,0.0002,0.211,3.0102,0.0,0.0692,0.17265,0.0896,2124.14,0.5127,0.3678,0.385,0.4798,0.3537,0.1566,3.481,2.296,0.593,-0.0459
task-stim04,364.5,365.0,0.01008,6e-05,0.0,364.75,0.78,0.0004,0.2109,3.0082,0.0,0.0692,0.18303,0.1087,1453.43,0.5749,0.3524,0.3597,0.4815,0.3592,0.1633,4.074,2.963,0.593,-0.0687
task-stim04,365.0,365.5,0.01115,0.00264,0.0,365.25,0.7799,0.0003,0.2109,3.0084,0.0,0.0692,0.17264,0.111,2082.53,0.4849,0.4159,0.389,0.5932,0.5888,0.134,3.481,2.444,0.519,-0.0399
task-stim04,365.5,366.0,0.06224,0.02044,0.0,365.75,0.7894,0.0069,0.2108,2.8758,0.0,0.0622,0.13447,0.1265,2427.61,0.467,0.3754,0.352,0.4291,0.6257,0.1198,3.63,2.519,0.815,0.0675
task-stim04,366.0,366.5,0.08573,0.00279,0.0,366.25,0.8201,0.0148,0.2096,2.7094,0.0,0.0371,0.1649,0.1249,2033.34,0.4913,0.3769,0.3884,0.5109,0.4696,0.1306,4.074,2.815,0.296,0.1443
task-stim04,366.5,367.0,0.06494,0.01402,0.0,366.75,0.888,0.0259,0.1699,1.9043,0.0,0.0364,0.17058,0.0752,2540.03,0.4672,0.3854,0.4354,0.3513,0.3948,0.1303,3.704,2.222,0.519,-0.0602
task-stim04,367.0,367.5,0.02614,0.0054,0.0,367.25,0.928,0.0022,0.111,0.9439,0.0,0.0473,0.14051,0.1232,1397.89,0.5061,0.3976,0.3978,0.4411,0.6154,0.1279,3.556,2.222,0.296,-0.331
task-stim04,367.5,368.0,0.00349,0.00353,0.0,367.75,0.9212,0.0001,0.141,0.9755,0.0,0.0735,0.05919,0.2059,1743.46,0.5443,0.4253,0.4421,0.4809,0.5381,0.0998,4.815,3.481,0.222,-0.3742
task-stim04,368.0,368.5,1e-05,2e-05,0.0,368.25,0.9213,0.0,0.1423,1.0965,0.0,0.0732,0.0536,0.2424,1296.63,0.6092,0.447,0.4475,0.4461,0.5389,0.1175,4.37,3.111,0.37,-0.5014
task-stim04,368.5,369.0,0.0,1e-05,0.0,368.75,0.9213,0.0,0.1423,1.0966,0.0,0.0732,0.03239,0.3904,1096.67,0.5909,0.4385,0.465,0.4638,0.4812,0.0681,4.519,3.407,0.519,-0.4345
task-stim04,369.0,369.5,1e-05,2e-05,0.0,369.25,0.9213,0.0,0.1423,1.0966,0.0,0.0733,0.0407,0.2405,578.41,0.3168,0.3788,0.3427,0.5647,0.5152,0.105,4.148,3.037,0.593,-0.4733
task-stim04,369.5,370.0,0.0,1e-05,0.0,369.75,0.9213,0.0,0.1423,1.0966,0.0,0.0733,0.03482,0.4731,588.86,0.3165,0.4127,0.4076,0.6032,0.5292,0.1205,2.741,2.296,0.222,-0.4686
task-stim05,0.0,0.5,0.0,0.0,0.0,0.25,0.9948,0.0,0.0507,0.9625,0.0,0.0,0.0,1.0,0.0,0.0,0.482,0.5212,0.4642,0.5342,0.1359,4.593,3.926,0.222,3.3198
task-stim05,0.5,1.0,0.0,0.0,0.0,0.75,0.9948,0.0,0.0507,0.9624,0.0,0.0,0.00868,0.9331,944.65,0.2479,0.4788,0.4579,0.6209,0.6284,0.0568,5.111,3.704,0.593,0.7985
task-stim05,1.0,1.5,7e-05,0.00024,0.0,1.25,0.9948,0.0002,0.05,0.9381,0.0,0.0,0.06556,0.1898,1534.34,0.3321,0.4547,0.4459,0.5795,0.4432,0.0878,4.519,3.111,0.667,-0.1089
task-stim05,1.5,2.0,0.00146,0.00078,0.0,1.75,0.9918,0.0034,0.072,0.8747,0.0,0.0,0.12044,0.2039,1724.57,0.6598,0.5337,0.5443,0.4663,0.634,0.0846,4.963,3.407,0.37,-0.0094
task-stim05,2.0,2.5,0.00643,0.00845,0.0,2.25,0.9794,0.0069,0.1208,1.7553,0.0,0.0241,0.12641,0.178,1660.93,0.5711,0.5789,0.6095,0.5543,0.6059,0.0658,3.556,1.926,0.667,0.1351
task-stim05,2.5,3.0,0.01888,0.01173,0.0,2.75,0.9525,0.0076,0.1686,2.8973,0.0,0.0761,0.15762,0.1691,2545.78,0.4604,0.4948,0.5202,0.4728,0.5249,0.0675,4.222,2.889,0.519,0.9991
task-stim05,3.0,3.5,0.00029,0.00039,0.0,3.25,0.9439,0.0002,0.1824,2.9609,0.0,0.0675,0.09891,0.1786,2323.26,0.5729,0.4263,0.4472,0.3814,0.5885,0.1038,4.593,3.556,0.593,1.2843
task-stim05,3.5,4.0,0.00257,0.00113,0.0,3.75,0.9424,0.001,0.1843,3.0181,0.0,0.0675,0.09319,0.2145,2066.59,0.613,0.464,0.4685,0.4733,0.4827,0.0977,4.593,3.481,0.37,1.2476
task-stim05,4.0,4.5,0.00219,0.00036,0.0,4.25,0.9418,0.0004,0.1851,3.1183,0.0,0.0675,0.1042,0.1709,1683.82,0.6483,0.4469,0.4622,0.4626,0.5599,0.0795,5.037,3.63,0.296,1.1189
task-stim05,4.5,5.0,0.0016,0.00062,0.0,4.75,0.9419,0.0004,0.1851,3.1103,0.0,0.0675,0.10566,0.2079,1713.33,0.6486,0.53,0.6039,0.411,0.5224,0.1154,4.222,2.741,0.296,1.3359
task-stim05,5.0,5.5,0.00031,0.00037,0.0,5.25,0.9418,0.0002,0.1852,3.1068,0.0,0.0675,0.0752,0.2835,1485.91,0.5792,0.5375,0.5651,0.4251,0.6251,0.1069,3.926,2.815,0.444,1.7394
task-stim05,5.5,6.0,0.00118,7e-05,0.0,5.75,0.9428,0.0002,0.184,3.0791,0.0,0.0675,0.18003,0.108,1712.52,0.5167,0.4333,0.4433,0.4746,0.5356,0.1013,4.593,3.481,0.593,1.6484
task-stim05,6.0,6.5,0.00791,0.00648,0.0,6.25,0.9425,0.0009,0.1841,3.0062,0.0,0.0701,0.09817,0.1825,1141.13,0.629,0.538,0.5346,0.5066,0.7389,0.0927,3.481,2.296,0.37,1.5212
task-stim05,6.5,7.0,0.00483,0.00151,0.0,6.75,0.9416,0.0003,0.1853,3.1304,0.0,0.0736,0.13541,0.2667,1425.35,0.5861,0.4262,0.4493,0.4369,0.5289,0.0823,5.037,3.926,0.222,1.3542
task-stim05,7.0,7.5,0.00202,0.00031,0.0,7.25,0.9418,0.0004,0.1851,3.1428,0.0,0.074,0.12455,0.1805,2022.3,0.6202,0.4922,0.5132,0.4369,0.5328,0.0936,4.222,2.889,0.222,1.2434
task-stim05,7.5,8.0,0.00033,0.00041,0.0,7.75,0.9414,0.0002,0.1857,3.154,0.0,0.074,0.09676,0.1574,1380.51,0.6921,0.5652,0.6125,0.4215,0.7462,0.1076,3.037,1.852,0.519,1.4474
task-stim05,8.0,8.5,0.00097,0.00023,0.0,8.25,0.9423,0.0003,0.1844,3.1154,0.0,0.074,0.09584,0.1774,1180.12,0.7728,0.435,0.4313,0.4557,0.5732,0.1193,4.074,3.037,0.593,1.5646
task-stim05,8.5,9.0,0.00307,0.00376,0.0,8.75,0.9428,0.0003,0.1839,3.082,0.0,0.0736,0.08063,0.2959,1135.36,0.7806,0.48,0.5168,0.4502,0.4385,0.0996,3.778,2.519,0.37,1.3866
task-stim05,9.0,9.5,0.00856,0.00384,0.0,9.25,0.9424,0.0011,0.1842,3.0351,0.0,0.0676,0.16338,0.151,1389.57,0.5785,0.3674,0.3857,0.4334,0.4481,0.1122,3.778,2.519,0.667,1.1123
task-stim05,9.5,10.0,0.00375,0.00098,0.0,9.75,0.9413,0.0003,0.1858,3.1671,0.0,0.0674,0.13551,0.0949,1572.91,0.7261,0.4208,0.4334,0.4675,0.5142,0.0783,5.111,3.926,0.296,0.7687
task-stim05,10.0,10.5,0.00114,0.001,0.0,10.25,0.9413,0.0004,0.1861,3.2364,0.0,0.0673,0.07689,0.2377,1393.52,0.7574,0.5389,0.545,0.5198,0.7288,0.1008,3.926,2.667,0.222,0.7439
task-stim05,10.5,11.0,0.00034,0.00014,0.0,10.75,0.9412,0.0004,0.1864,3.2661,0.0,0.0673,0.10709,0.2124,1673.0,0.73,0.5643,0.6002,0.4537,0.7888,0.0944,2.815,1.259,0.593,1.131
task-stim05,11.0,11.5,0.00036,0.00015,0.0,11.25,0.9413,0.0003,0.1862,3.2605,0.0,0.0674,0.09875,0.1626,1426.79,0.622,0.6073,0.6518,0.5396,0.7891,0.0924,2.37,0.815,0.444,1.0034
task-stim05,11.5,12.0,0.0006,0.00049,0.0,11.75,0.9412,0.0003,0.1863,3.2365,0.0,0.0674,0.07413,0.2381,1557.7,0.7168,0.6485,0.7386,0.5236,0.7402,0.0919,1.926,0.296,0.222,0.9328
task-stim05,12.0,12.5,0.00159,0.00168,0.0,12.25,0.9408,0.0006,0.187,3.2039,0.0,0.0674,0.12669,0.1394,1325.54,0.6944,0.4883,0.556,0.3667,0.5662,0.0999,4.0,2.593,0.741,0.8342
task-stim05,12.5,13.0,0.0109,0.00528,0.0,12.75,0.9398,0.0012,0.1885,3.2467,0.0,0.0699,0.10916,0.1679,1464.98,0.6042,0.6101,0.6231,0.5395,0.7474,0.0783,3.704,2.296,0.148,0.98
task-stim05,13.0,13.5,0.00507,0.00163,0.0,13.25,0.9397,0.0003,0.1888,3.3727,0.0,0.0734,0.11186,0.1711,1338.65,0.6515,0.4975,0.5197,0.51,0.447,0.0763,4.741,3.407,0.222,0.7472
task-stim05,13.5,14.0,0.00201,0.00031,0.0,13.75,0.9398,0.0004,0.1887,3.3878,0.0,0.0739,0.09649,0.2749,1256.91,0.5754,0.4494,0.4965,0.4684,0.4515,0.105,3.481,2.148,0.519,0.5704
task-stim05,14.0,14.5,0.00056,0.00054,0.0,14.25,0.9395,0.0002,0.1893,3.4033,0.0,0.074,0.13807,0.0901,1418.96,0.5697,0.5001,0.5703,0.414,0.5795,0.1092,3.63,2.148,0.593,1.1027
task-stim05,14.5,15.0,0.00595,0.00389,0.0,14.75,0.9384,0.0012,0.1911,3.4326,0.0,0.0736,0.11252,0.1568,1271.16,0.6973,0.5274,0.5826,0.4502,0.6794,0.0825,3.852,2.37,0.296,1.3475
task-stim05,15.0,15.5,0.00857,0.00643,0.0,15.25,0.939,0.0004,0.1909,3.5626,0.0,0.0676,0.10043,0.1729,2350.78,0.533,0.5444,0.5969,0.3778,0.7362,0.0816,3.704,2.296,0.296,1.1057
task-stim05,15.5,16.0,0.00868,0.00649,0.0,15.75,0.9393,0.0003,0.1904,3.492,0.0,0.0709,0.06574,0.2966,2278.68,0.5587,0.5082,0.5646,0.388,0.5544,0.0813,3.63,2.37,0.667,1.0559
task-stim05,16.0,16.5,0.00252,0.00141,0.0,16.25,0.9395,0.0,0.1903,3.5071,0.0,0.0735,0.08065,0.3175,1252.2,0.7271,0.4275,0.4534,0.4581,0.5209,0.0715,3.556,2.148,0.815,1.3073
task-stim05,16.5,17.0,0.0,1e-05,0.0,16.75,0.9395,0.0,0.1904,3.5218,0.0,0.074,0.03254,0.4113,3288.5,0.342,0.4298,0.4846,0.3456,0.4312,0.0834,4.0,2.444,0.593,1.1422
task-stim05,17.0,17.5,0.00575,0.01655,0.0,17.25,0.9957,0.0027,0.0534,0.5628,0.0,0.0076,0.13494,0.2276,1421.81,0.7498,0.47,0.5149,0.4533,0.5025,0.0916,3.778,2.519,0.519,0.6967
task-stim05,17.5,18.0,0.00079,0.00032,0.0,17.75,0.9865,0.0024,0.1001,1.7727,0.0,0.019,0.09305,0.3397,1662.01,0.7489,0.5405,0.5561,0.4468,0.8178,0.0661,3.185,1.926,0.519,0.221
task-stim05,18.0,18.5,0.00119,0.00055,0.0,18.25,0.9745,0.0042,0.132,1.3596,0.0,0.016,0.10567,0.2076,2588.78,0.4685,0.5693,0.59,0.486,0.8558,0.0621,2.889,1.333,0.444,0.3905
task-stim05,18.5,19.0,0.00075,0.00047,0.0,18.75,0.9624,0.0031,0.1521,0.9091,0.0,0.0134,0.09243,0.192,2752.63,0.5085,0.6273,0.6936,0.4434,0.7974,0.0621,2.667,0.963,0.148,0.4073
task-stim05,19.0,19.5,0.0007,0.00018,0.0,19.25,0.9547,0.0026,0.1669,1.3407,0.0,0.0269,0.10905,0.1998,1659.33,0.622,0.5033,0.5145,0.5684,0.6142,0.0679,3.333,1.926,0.815,0.4893
task-stim05,19.5,20.0,0.00057,0.00029,0.0,19.75,0.9468,0.0019,0.1824,2.4316,0.0,0.0562,0.09515,0.2037,1367.7,0.6057,0.5361,0.59,0.3908,0.6738,0.072,4.296,2.889,0.444,0.6005
task-stim05,20.0,20.5,0.0011,0.00014,0.0,20.25,0.9368,0.0038,0.1995,3.8406,0.0,0.0998,0.18552,0.103,1839.89,0.4924,0.4805,0.5222,0.4131,0.6998,0.0874,3.63,2.222,0.593,0.3689
task-stim05,20.5,21.0,0.00323,0.0019,0.0,20.75,0.919,0.0066,0.2236,6.3968,0.0,0.1876,0.16127,0.0494,1248.41,0.4553,0.507,0.5688,0.3877,0.6188,0.0894,2.889,1.407,0.222,0.4012
task-stim05,21.0,21.5,0.00405,0.00267,0.0,21.25,0.902,0.0039,0.2381,9.9382,0.0,0.3547,0.12186,0.121,1189.72,0.6245,0.4756,0.5276,0.3934,0.5366,0.083,3.63,2.148,0.519,0.442
task-stim05,21.5,22.0,0.0,0.0,0.0,21.75,0.8978,0.0,0.2452,10.9751,0.0,0.3899,0.09698,0.1417,1407.48,0.6043,0.4647,0.5286,0.3767,0.5269,0.0933,3.185,2.074,0.593,0.1724
task-stim05,22.0,22.5,1e-05,2e-05,0.0,22.25,0.8978,0.0,0.2452,10.9757,0.0,0.3899,0.09295,0.2055,1226.27,0.6802,0.3868,0.4366,0.3537,0.3883,0.1115,3.481,2.444,0.667,-0.0339
task-stim05,22.5,23.0,0.0,0.0,0.0,22.75,0.8978,0.0,0.2453,10.9796,0.0,0.3899,0.11164,0.121,1018.5,0.6969,0.3542,0.3742,0.467,0.545,0.1165,3.333,2.444,0.963,0.0016
task-stim05,23.0,23.5,0.0,0.0,0.0,23.25,0.8978,0.0,0.2453,10.9796,0.0,0.3899,0.08138,0.1721,1921.74,0.6639,0.4522,0.4726,0.5214,0.7004,0.1063,3.259,2.0,0.296,-0.1398
task-stim05,23.5,24.0,0.0,0.0,0.0,23.75,0.8978,0.0,0.2453,10.9797,0.0,0.3899,0.07734,0.2437,1534.28,0.7638,0.4479,0.4963,0.426,0.4521,0.1113,3.778,2.222,0.593,-0.1205
task-stim05,24.0,24.5,0.00992,0.02804,0.0,24.25,0.9668,0.0401,0.1239,3.4914,0.0,0.1218,0.09906,0.4351,1384.32,0.7987,0.4729,0.4975,0.3909,0.6428,0.0974,3.704,2.815,0.519,-0.1703
task-stim05,24.5,25.0,0.00666,0.00349,0.0,24.75,0.9598,0.0125,0.1421,2.3838,0.0,0.0834,0.16285,0.166,1689.39,0.7842,0.4775,0.5364,0.4644,0.6345,0.095,4.444,3.556,0.222,-0.6622
task-stim05,25.0,25.5,0.00334,0.00341,0.0,25.25,0.9214,0.0049,0.2006,3.6781,0.0,0.1892,0.10328,0.2131,1583.61,0.5975,0.4548,0.4635,0.4651,0.6479,0.1061,4.889,3.481,0.296,-0.4357
task-stim05,25.5,26.0,0.00037,0.00059,0.0,25.75,0.911,0.0012,0.2139,4.4613,0.0,0.2644,0.13694,0.095,1460.74,0.7041,0.4192,0.4489,0.3794,0.5077,0.1033,4.667,3.111,0.296,-0.1858
task-stim05,26.0,26.5,0.0,0.0,0.0,26.25,0.9104,0.0,0.2143,4.4908,0.0,0.2666,0.08323,0.3071,2142.66,0.7395,0.3976,0.4005,0.4137,0.4611,0.1085,4.889,3.333,0.444,-0.1738
task-stim05,26.5,27.0,0.00664,0.00554,0.0,26.75,0.9075,0.0028,0.2166,4.4735,0.0,0.2702,0.08758,0.22,1672.27,0.7495,0.4192,0.449,0.3924,0.423,0.1106,4.148,2.815,0.37,-0.3594
task-stim05,27.0,27.5,0.0,0.0,0.0,27.25,0.9035,0.0,0.2201,4.5268,0.0,0.272,0.12762,0.1358,1572.56,0.8133,0.4387,0.4395,0.4299,0.5101,0.1332,4.074,2.741,0.222,-0.0634
task-stim05,27.5,28.0,1e-05,3e-05,0.0,27.75,0.9035,0.0,0.22,4.5249,0.0,0.272,0.07119,0.3109,1497.03,0.7784,0.3779,0.3927,0.4465,0.4987,0.125,4.593,3.259,0.37,-0.0001
task-stim05,28.0,28.5,0.00154,0.0023,0.0,28.25,0.9015,0.0035,0.2218,4.5616,0.0,0.2803,0.05357,0.3301,2083.53,0.6024,0.3787,0.3801,0.4682,0.4469,0.1283,3.926,3.259,0.593,-0.1062
task-stim05,28.5,29.0,0.05175,0.05532,0.0,28.75,0.8884,0.0133,0.2304,4.669,0.0,0.292,0.14354,0.1946,1665.04,0.6914,0.3904,0.3904,0.4045,0.5444,0.1271,4.444,3.556,0.37,0.0502
task-stim05,29.0,29.5,0.0369,0.03355,0.0,29.25,0.9403,0.0052,0.1676,2.6268,0.0,0.0981,0.09362,0.1546,2714.38,0.4921,0.4463,0.4755,0.4188,0.4947,0.1015,4.741,3.63,0.222,0.0711
task-stim05,29.5,30.0,0.0,0.0,0.0,29.75,0.9415,0.0,0.1674,2.815,0.0,0.0824,0.10648,0.2039,2202.73,0.4514,0.4124,0.4339,0.4285,0.5361,0.1043,4.222,3.185,0.222,-0.1928
task-stim05,30.0,30.5,1e-05,2e-05,0.0,30.25,0.9415,0.0,0.1674,2.8154,0.0,0.0825,0.08668,0.2485,1749.4,0.7466,0.375,0.4008,0.4731,0.3431,0.1261,4.444,3.333,0.444,-0.479
task-stim05,30.5,31.0,0.0,0.0,0.0,30.75,0.9415,0.0,0.1674,2.8154,0.0,0.0825,0.11543,0.1573,1328.12,0.7694,0.3071,0.3171,0.4243,0.3614,0.1384,4.741,3.63,0.741,-0.579
task-stim05,31.0,31.5,0.0,0.0,0.0,31.25,0.9415,0.0,0.1674,2.8153,0.0,0.0825,0.08154,0.2695,1957.2,0.7603,0.3442,0.3727,0.3506,0.358,0.1245,4.148,3.185,0.741,-0.5702
task-stim05,31.5,32.0,0.04314,0.0335,0.0,31.75,0.9468,0.0153,0.1476,1.4304,0.0,0.1326,0.04439,0.5517,2029.0,0.3611,0.3465,0.3629,0.4901,0.5766,0.1305,3.407,2.37,0.37,-0.5692
task-stim05,32.0,32.5,0.04644,0.01618,0.0,32.25,0.9404,0.0137,0.1676,2.4537,0.0,0.1038,0.18249,0.1175,2477.04,0.351,0.4249,0.4433,0.4614,0.4973,0.0862,4.0,2.889,0.519,-0.5847
task-stim05,32.5,33.0,0.00944,0.00273,0.0,32.75,0.925,0.0033,0.1945,4.2404,0.0,0.0947,0.12679,0.0914,1357.15,0.5622,0.4474,0.5046,0.4089,0.4902,0.0939,4.0,2.667,0.593,-0.3599
task-stim05,33.0,33.5,0.00186,0.00232,0.0,33.25,0.9155,0.0022,0.2045,4.8708,0.0,0.0947,0.09562,0.143,1921.74,0.6999,0.4281,0.5173,0.3882,0.5268,0.1023,3.852,2.667,0.519,-0.2905
task-stim05,33.5,34.0,0.00329,0.00348,0.0,33.75,0.9098,0.0033,0.2092,5.216,0.0,0.0947,0.08092,0.2376,2186.5,0.5389,0.42,0.4651,0.4224,0.5024,0.1143,4.296,3.259,0.593,-0.1426
task-stim05,34.0,34.5,0.00053,0.0004,0.0,34.25,0.906,0.0002,0.213,5.602,0.0,0.0947,0.06933,0.2816,1710.63,0.5745,0.4459,0.4912,0.3841,0.6069,0.1304,4.667,3.481,0.296,-0.1989
task-stim05,34.5,35.0,0.00834,0.00646,0.0,34.75,0.9067,0.0,0.2117,5.4475,0.0,0.1027,0.09394,0.2091,1478.9,0.8354,0.4778,0.5141,0.4234,0.6445,0.1224,4.741,3.481,0.148,-0.0681
task-stim05,35.0,35.5,0.00151,0.00118,0.0,35.25,0.9067,0.0,0.2118,5.4702,0.0,0.1031,0.04784,0.3205,2322.41,0.6144,0.4026,0.4373,0.4102,0.4432,0.0991,4.37,2.963,0.37,-0.1335
task-stim05,35.5,36.0,0.00721,0.00236,0.0,35.75,0.9058,0.0009,0.211,5.2688,0.0,0.104,0.0978,0.5292,1469.19,0.5011,0.3862,0.413,0.409,0.5129,0.1069,4.0,2.593,0.37,-0.0117
task-stim05,36.0,36.5,0.00945,0.00039,0.0,36.25,0.9046,0.0008,0.2119,5.2772,0.0,0.1181,0.11793,0.3734,1755.76,0.8606,0.4836,0.499,0.4559,0.6564,0.0953,3.778,2.593,0.444,0.2306
task-stim05,36.5,37.0,0.01402,0.00716,0.0,36.75,0.9083,0.0025,0.2101,5.2094,0.0,0.1246,0.20181,0.0984,1656.59,0.3481,0.431,0.4795,0.4181,0.4887,0.082,4.148,3.185,0.519,0.1637
task-stim05,37.0,37.5,0.00255,0.00106,0.0,37.25,0.9111,0.0001,0.2085,5.2388,0.0,0.1345,0.15034,0.099,1652.83,0.6378,0.3943,0.3995,0.4268,0.4452,0.0803,4.444,3.407,1.111,-0.0268
task-stim05,37.5,38.0,0.0,0.0,0.0,37.75,0.9112,0.0,0.2086,5.2562,0.0,0.1344,0.10109,0.2656,1452.57,0.7056,0.3497,0.3616,0.3568,0.6341,0.1027,4.0,2.815,0.815,0.0526
task-stim05,38.0,38.5,0.0,0.0,0.0,38.25,0.9112,0.0,0.2086,5.2546,0.0,0.1344,0.09922,0.157,2692.24,0.6299,0.4381,0.4745,0.4095,0.4763,0.1074,4.222,3.185,0.37,0.0747
task-stim05,38.5,39.0,0.01055,0.03137,0.0,38.75,0.9254,0.0169,0.1783,3.5157,0.0,0.0949,0.0552,0.3954,1982.51,0.4827,0.3861,0.4017,0.4158,0.4934,0.1089,3.481,2.593,0.519,-0.0076
task-stim05,39.0,39.5,0.00557,0.00056,0.0,39.25,0.9431,0.0005,0.1411,1.2084,0.0,0.0396,0.19561,0.1618,1482.08,0.7033,0.3973,0.4285,0.3622,0.5202,0.0885,5.111,4.0,0.667,-0.105
task-stim05,39.5,40.0,0.00582,0.00629,0.0,39.75,0.9038,0.0195,0.2108,0.8223,0.0,0.035,0.11803,0.1664,2660.13,0.4767,0.5103,0.545,0.4743,0.5573,0.0727,4.0,2.667,0.296,-0.1203
task-stim05,40.0,40.5,0.19135,0.11458,0.0,40.25,0.7398,0.0741,0.265,1.4953,0.0,0.1978,0.12859,0.206,1451.44,0.685,0.5333,0.5596,0.444,0.6997,0.0753,2.296,0.889,0.741,-0.1945
task-stim05,40.5,41.0,0.00012,0.00021,0.0,40.75,0.7596,0.0001,0.2808,5.6929,0.0,0.4001,0.13857,0.0826,1268.77,0.6258,0.5229,0.5768,0.4922,0.5487,0.0885,3.778,2.444,0.296,-0.3484
task-stim05,41.0,41.5,2e-05,4e-05,0.0,41.25,0.7596,0.0,0.2808,5.711,0.0,0.4002,0.11332,0.2721,1746.19,0.4673,0.3739,0.3897,0.458,0.4612,0.1281,3.704,2.444,0.444,-1.07
task-stim05,41.5,42.0,1e-05,2e-05,0.0,41.75,0.7596,0.0,0.2808,5.712,0.0,0.4001,0.11646,0.1631,1695.23,0.7191,0.3168,0.3434,0.411,0.4155,0.1436,3.185,2.222,0.889,-1.0133
task-stim05,42.0,42.5,0.09371,0.09483,0.0,42.25,0.7749,0.0203,0.2649,3.9909,0.0,0.3559,0.10269,0.2909,1531.31,0.811,0.344,0.3978,0.4017,0.5227,0.1376,3.037,2.0,0.741,-0.8868
task-stim05,42.5,43.0,0.05619,0.05925,0.0,42.75,0.8364,0.0068,0.2389,4.3346,0.0,0.2092,0.1426,0.1455,1443.48,0.6288,0.3896,0.4356,0.4303,0.4464,0.1259,3.926,2.519,0.37,-0.7517
task-stim05,43.0,43.5,7e-05,0.00015,0.0,43.25,0.8409,0.0,0.2384,4.7151,0.0,0.2,0.09055,0.1588,1591.03,0.5933,0.3782,0.4446,0.4076,0.4954,0.1132,3.704,2.593,0.889,-0.8764
task-stim05,43.5,44.0,0.00041,0.0008,0.0,43.75,0.8406,0.0008,0.2386,4.719,0.0,0.2006,0.03225,0.3999,3187.76,0.2688,0.402,0.4348,0.4176,0.5574,0.1152,3.852,2.815,0.519,-0.7111
task-stim05,44.0,44.5,0.00225,0.00253,0.0,44.25,0.8358,0.0002,0.2431,5.1952,0.0,0.2501,0.1125,0.168,2039.33,0.6117,0.4256,0.4501,0.4137,0.6237,0.1181,4.889,3.704,0.37,-0.3502
task-stim05,44.5,45.0,7e-05,0.00015,0.0,44.75,0.8357,0.0,0.2436,5.286,0.0,0.2544,0.13337,0.2101,1862.75,0.7917,0.4737,0.4371,0.5031,0.8652,0.1224,3.778,2.444,0.667,-0.4902
task-stim05,45.0,45.5,0.0,0.0,0.0,45.25,0.8357,0.0,0.2436,5.2921,0.0,0.2545,0.10227,0.1646,1830.71,0.7304,0.4803,0.4806,0.5192,0.7564,0.1147,4.0,2.667,0.37,-0.5363
task-stim05,45.5,46.0,0.0,0.0,0.0,45.75,0.8357,0.0,0.2436,5.2921,0.0,0.2545,0.08994,0.1734,1636.28,0.6363,0.3879,0.4351,0.3661,0.3564,0.1384,4.0,2.667,0.889,-0.3677
task-stim05,46.0,46.5,4e-05,6e-05,0.0,46.25,0.8357,0.0,0.2436,5.2932,0.0,0.2545,0.05682,0.3374,2058.29,0.6346,0.4754,0.4866,0.4454,0.5053,0.1199,4.0,2.519,0.222,-0.4435
task-stim05,46.5,47.0,0.0,0.0,0.0,46.75,0.8357,0.0,0.2436,5.2972,0.0,0.2545,0.09478,0.2121,1734.74,0.8043,0.4152,0.4471,0.3778,0.597,0.1069,3.926,2.444,0.444,-0.3331
task-stim05,47.0,47.5,0.0,0.0,0.0,47.25,0.8357,0.0,0.2436,5.296,0.0,0.2545,0.09576,0.2285,1357.06,0.7781,0.3618,0.3748,0.3857,0.5013,0.1152,3.852,2.667,0.593,-0.3858
task-stim05,47.5,48.0,2e-05,4e-05,0.0,47.75,0.8357,0.0,0.2436,5.2945,0.0,0.2545,0.0864,0.1699,2201.38,0.6995,0.35,0.356,0.4074,0.5482,0.1174,3.556,2.444,0.593,-0.3421
task-stim05,48.0,48.5,0.0,0.0,0.0,48.25,0.8357,0.0,0.2437,5.2957,0.0,0.2545,0.10177,0.1719,1523.84,0.8166,0.3276,0.3286,0.3294,0.5114,0.127,3.63,2.444,0.963,-0.2843
task-stim05,48.5,49.0,0.01505,0.04504,0.0,48.75,0.9773,0.043,0.0957,1.3464,0.0,0.0738,0.11381,0.2231,1395.25,0.7062,0.4109,0.4216,0.3762,0.6242,0.1075,3.704,2.444,0.222,-0.5087
task-stim05,49.0,49.5,0.00091,0.00045,0.0,49.25,0.9775,0.0035,0.1311,2.3734,0.0,0.127,0.08505,0.279,2064.76,0.5558,0.4356,0.4279,0.41,0.5928,0.1239,4.593,3.185,0.296,-1.0809
task-stim05,49.5,50.0,0.00049,0.00036,0.0,49.75,0.9689,0.0015,0.1524,2.7852,0.0,0.1624,0.12762,0.2006,1783.52,0.64,0.515,0.5118,0.5081,0.7222,0.1107,3.111,1.778,0.519,-1.0486
task-stim05,50.0,50.5,0.00029,0.0002,0.0,50.25,0.9647,0.0011,0.1614,2.8323,0.0,0.1848,0.11617,0.1705,1429.5,0.6859,0.429,0.4353,0.468,0.5084,0.0987,4.741,3.407,0.667,-0.2049
task-stim05,50.5,51.0,3e-05,4e-05,0.0,50.75,0.9632,0.0001,0.1642,2.8372,0.0,0.1902,0.10255,0.2013,2234.59,0.401,0.5517,0.5859,0.5347,0.5833,0.097,2.889,1.333,0.37,0.137
task-stim05,51.0,51.5,0.0,0.0,0.0,51.25,0.9631,0.0,0.1643,2.8328,0.0,0.1901,0.08822,0.1854,2248.33,0.5721,0.4191,0.4061,0.4274,0.6446,0.1288,3.556,2.444,0.593,-0.1489
task-stim05,51.5,52.0,0.0,0.0,0.0,51.75,0.9631,0.0,0.1644,2.8327,0.0,0.1901,0.09332,0.1726,1978.52,0.5364,0.424,0.397,0.4156,0.6603,0.1198,3.926,3.111,0.889,-0.1145
task-stim05,52.0,52.5,0.0,0.0,0.0,52.25,0.9631,0.0,0.1644,2.8326,0.0,0.1901,0.1188,0.1159,1528.63,0.5365,0.3861,0.3813,0.4618,0.5948,0.1598,4.0,2.889,0.444,0.104
task-stim05,52.5,53.0,0.0,1e-05,0.0,52.75,0.9631,0.0,0.1644,2.8333,0.0,0.1901,0.05789,0.2525,2039.69,0.5368,0.4134,0.4136,0.4452,0.5692,0.1413,3.778,2.37,0.444,0.12
task-stim05,53.0,53.5,0.00011,0.00024,0.0,53.25,0.9629,0.0004,0.1647,2.8505,0.0,0.1913,0.03521,0.3565,2599.35,0.4533,0.3892,0.3703,0.3962,0.6686,0.1516,3.704,2.296,0.37,-0.1947
task-stim05,53.5,54.0,0.00048,0.00029,0.0,53.75,0.9584,0.0017,0.1741,3.3131,0.0,0.2124,0.13271,0.246,1696.75,0.5598,0.4156,0.4036,0.4818,0.6101,0.1217,4.0,2.815,0.444,-0.1833
task-stim05,54.0,54.5,0.00021,0.00011,0.0,54.25,0.9547,0.0007,0.1811,3.756,0.0,0.2163,0.13221,0.1394,1779.44,0.4668,0.4554,0.493,0.4947,0.3568,0.0892,3.852,2.815,0.741,-0.3995
task-stim05,54.5,55.0,0.00025,0.00018,0.0,54.75,0.952,0.0009,0.1852,4.0142,0.0,0.2163,0.10006,0.2069,1594.87,0.6738,0.5014,0.5555,0.431,0.6062,0.1025,3.63,2.37,0.519,-0.5639
task-stim05,55.0,55.5,0.00012,9e-05,0.0,55.25,0.9498,0.0004,0.1868,3.9148,0.0,0.2164,0.09612,0.1976,2049.87,0.3448,0.4915,0.4954,0.4495,0.7566,0.1107,3.259,1.852,0.593,-0.4167
task-stim05,55.5,56.0,6e-05,5e-05,0.0,55.75,0.9488,0.0002,0.1881,3.855,0.0,0.2165,0.13583,0.1254,1213.92,0.6372,0.591,0.6412,0.4744,0.7403,0.0797,3.704,2.222,0.296,-0.4328
task-stim05,56.0,56.5,0.00046,0.00073,0.0,56.25,0.9477,0.0017,0.1899,3.9491,0.0,0.2239,0.09647,0.1447,1803.85,0.5765,0.5741,0.6185,0.5036,0.7613,0.0891,3.037,1.556,0.37,-0.4622
task-stim05,56.5,57.0,0.0012,0.0007,0.0,56.75,0.9345,0.0043,0.2111,5.4039,0.0,0.2555,0.07363,0.2661,2334.94,0.4549,0.5192,0.5677,0.4271,0.616,0.1091,3.63,2.148,0.296,-0.4145
task-stim05,57.0,57.5,0.00161,0.00098,0.0,57.25,0.9159,0.0059,0.2287,5.468,0.0,0.2508,0.1348,0.2666,1436.57,0.5644,0.4572,0.5039,0.4068,0.7217,0.1221,4.074,2.593,0.444,-0.5014
task-stim05,57.5,58.0,0.00037,0.00026,0.0,57.75,0.9075,0.001,0.236,5.2135,0.0,0.2513,0.14912,0.1124,1076.38,0.6585,0.4812,0.5655,0.447,0.6015,0.1493,3.926,2.667,0.37,-0.3713
task-stim05,58.0,58.5,0.0009,0.00057,0.0,58.25,0.9012,0.0031,0.244,5.7554,0.0,0.2615,0.04632,0.3098,3662.05,0.3669,0.4239,0.5489,0.4271,0.4448,0.1493,4.148,2.963,0.37,0.0718
task-stim05,58.5,59.0,0.00053,0.0004,0.0,58.75,0.8933,0.0018,0.2533,6.1881,0.0,0.2686,0.12205,0.2409,1402.46,0.7153,0.4584,0.5376,0.4177,0.6484,0.1459,3.63,2.074,0.444,0.2515
task-stim05,59.0,59.5,3e-05,3e-05,0.0,59.25,0.8909,0.0001,0.2556,6.0983,0.0,0.2686,0.1717,0.0674,1281.95,0.6053,0.4422,0.5149,0.4033,0.6652,0.1677,3.778,2.148,0.296,0.1902
task-stim05,59.5,60.0,0.0,0.0,0.0,59.75,0.8909,0.0,0.2557,6.0952,0.0,0.2686,0.08597,0.3029,1507.22,0.7438,0.3806,0.5023,0.4469,0.5292,0.174,3.704,2.444,0.37,0.1223
task-stim05,60.0,60.5,0.0,0.0,0.0,60.25,0.8909,0.0,0.2557,6.0951,0.0,0.2686,0.07859,0.2259,1375.33,0.7222,0.362,0.4191,0.3996,0.4779,0.1328,3.926,2.963,0.519,0.0992
task-stim05,60.5,61.0,0.01124,0.03722,0.0,60.75,0.9181,0.0323,0.2155,4.6176,0.0,0.1792,0.03471,0.3391,3630.69,0.2455,0.336,0.3854,0.3961,0.4577,0.1486,4.148,3.333,0.37,-0.0042
task-stim05,61.0,61.5,0.00091,0.0018,0.0,61.25,0.9562,0.0002,0.1596,2.5751,0.0,0.0541,0.12952,0.1346,2030.51,0.652,0.4043,0.4282,0.4745,0.5738,0.0949,4.074,3.037,0.741,-0.4027
task-stim05,61.5,62.0,0.00673,0.00378,0.0,61.75,0.9546,0.0005,0.1622,2.6867,0.0,0.0548,0.10827,0.2112,2391.93,0.4765,0.4444,0.4745,0.4309,0.6312,0.1056,4.222,3.037,0.593,-0.648
task-stim05,62.0,62.5,0.0078,0.00406,0.0,62.25,0.9519,0.0007,0.1666,2.9834,0.0,0.0604,0.11633,0.1227,1102.01,0.7569,0.4508,0.5216,0.4105,0.6703,0.1172,3.333,2.296,0.444,-0.3162
task-stim05,62.5,63.0,0.00488,0.00065,0.0,62.75,0.9486,0.0007,0.1719,3.36,0.0,0.0711,0.10495,0.2015,2163.28,0.5342,0.4555,0.5133,0.4599,0.525,0.1294,4.074,2.815,0.074,-0.2426
task-stim05,63.0,63.5,0.00969,0.00402,0.0,63.25,0.9451,0.0013,0.1774,3.716,0.0,0.0886,0.12503,0.1111,1427.31,0.5103,0.451,0.4464,0.4864,0.5622,0.1019,3.481,2.074,0.37,-0.1125
task-stim05,63.5,64.0,0.00663,0.00261,0.0,63.75,0.9425,0.0009,0.1812,4.103,0.0,0.0929,0.06409,0.3528,2117.42,0.4552,0.4318,0.4998,0.4081,0.4879,0.1282,3.63,2.222,0.37,-0.0222
task-stim05,64.0,64.5,0.01704,0.00986,0.0,64.25,0.9408,0.0006,0.1833,4.2647,0.0,0.0926,0.1101,0.1299,2495.32,0.5057,0.3894,0.4306,0.4814,0.4681,0.1384,3.63,2.074,0.296,-0.1651
task-stim05,64.5,65.0,0.01148,0.00476,0.0,64.75,0.9382,0.0009,0.1876,4.5368,0.0,0.1166,0.08526,0.2034,2203.47,0.5393,0.376,0.4418,0.5125,0.491,0.1411,4.222,2.815,0.222,-0.2224
task-stim05,65.0,65.5,0.00401,0.00217,0.0,65.25,0.937,0.0001,0.1895,4.6739,0.0,0.1226,0.10625,0.1495,1528.79,0.5163,0.3816,0.4004,0.4961,0.5529,0.1403,4.222,3.037,0.667,-0.2246
task-stim05,65.5,66.0,0.00209,0.0011,0.0,65.75,0.9369,0.0,0.1897,4.673,0.0,0.1226,0.07555,0.2671,2826.3,0.4379,0.3827,0.432,0.5076,0.3927,0.1378,3.852,2.667,0.444,-0.2856
task-stim05,66.0,66.5,0.00029,0.00042,0.0,66.25,0.9369,0.0,0.19,4.7239,0.0,0.1226,0.12185,0.1334,1258.17,0.8081,0.3147,0.3072,0.5288,0.5748,0.1407,4.0,2.889,0.889,-0.3803
task-stim05,66.5,67.0,0.0,1e-05,0.0,66.75,0.9369,0.0,0.19,4.7397,0.0,0.1226,0.09506,0.1492,1371.65,0.5724,0.3844,0.4262,0.5388,0.5566,0.1309,4.222,3.111,0.37,-0.3244
task-stim05,67.0,67.5,0.0,0.0,0.0,67.25,0.9369,0.0,0.19,4.7404,0.0,0.1226,0.04708,0.393,1286.63,0.6259,0.3514,0.3841,0.5267,0.428,0.1463,4.0,3.037,0.593,-0.3956
task-stim05,67.5,68.0,0.00645,0.01706,0.0,67.75,0.9912,0.0049,0.0757,1.0256,0.0,0.0459,0.1027,0.2666,1722.02,0.6545,0.3747,0.4279,0.5175,0.3918,0.1219,4.0,3.481,0.963,-0.299
task-stim05,68.0,68.5,0.0007,0.00065,0.0,68.25,0.9791,0.0025,0.1206,0.9991,0.0,0.0696,0.11547,0.1718,1382.2,0.6741,0.4265,0.469,0.4822,0.5012,0.1006,3.63,2.889,0.963,-0.7533
task-stim05,68.5,69.0,0.0,0.0,0.0,68.75,0.9768,0.0,0.1274,0.8903,0.0,0.0695,0.14103,0.0902,1390.1,0.583,0.4779,0.5211,0.5332,0.5598,0.0887,2.815,1.778,0.815,-0.4641
task-stim05,69.0,69.5,0.0,0.0,0.0,69.25,0.9768,0.0,0.1274,0.8903,0.0,0.0695,0.10605,0.164,1497.95,0.4992,0.4096,0.4699,0.4561,0.4748,0.1152,3.407,2.296,0.815,0.0284
task-stim05,69.5,70.0,0.00042,0.00067,0.0,69.75,0.9756,0.0018,0.1303,0.9775,0.0,0.0695,0.07997,0.2169,1684.79,0.6243,0.5307,0.5628,0.5249,0.603,0.1111,3.333,1.778,0.37,-0.1182
task-stim05,70.0,70.5,0.00349,0.00176,0.0,70.25,0.9497,0.0127,0.18,3.2422,0.0,0.1943,0.1095,0.1601,1948.8,0.5653,0.5155,0.5784,0.5074,0.5833,0.0846,4.148,2.519,0.519,0.0954
task-stim05,70.5,71.0,0.02959,0.03461,0.0,70.75,0.9262,0.0035,0.2032,2.6996,0.0,0.1893,0.12095,0.2238,1726.73,0.3334,0.4095,0.4933,0.5625,0.3266,0.1141,3.926,2.519,0.593,0.0372
task-stim05,71.0,71.5,0.0271,0.03071,0.0,71.25,0.859,0.0086,0.2712,6.6382,0.0,0.4409,0.14914,0.1711,1667.72,0.5693,0.4298,0.4709,0.5454,0.5452,0.1021,4.815,3.407,0.222,-0.0546
task-stim05,71.5,72.0,0.0,0.0,0.0,71.75,0.8582,0.0,0.276,7.5184,0.0,0.4671,0.13853,0.1296,1646.08,0.4258,0.4697,0.5329,0.5258,0.584,0.1129,4.593,3.333,0.37,0.1117
task-stim05,72.0,72.5,1e-05,1e-05,0.0,72.25,0.8582,0.0,0.276,7.516,0.0,0.4671,0.08205,0.2189,2364.1,0.4708,0.4044,0.4431,0.5202,0.4205,0.1328,5.037,3.852,0.37,0.1113
task-stim05,72.5,73.0,0.0,0.0,0.0,72.75,0.8582,0.0,0.276,7.5159,0.0,0.4671,0.09189,0.1531,1236.37,0.6484,0.307,0.3426,0.4454,0.4539,0.1486,4.963,3.704,0.667,0.1027
task-stim05,73.0,73.5,0.0,0.0,0.0,73.25,0.8582,0.0,0.276,7.516,0.0,0.4671,0.04176,0.336,1653.87,0.4313,0.3572,0.3745,0.4577,0.5472,0.1451,4.519,3.333,0.593,0.087
task-stim05,73.5,74.0,0.01272,0.03897,0.0,73.75,0.9717,0.0509,0.0963,1.6126,0.0,0.0877,0.07987,0.4156,2010.48,0.6519,0.3704,0.374,0.5172,0.4911,0.1213,3.852,2.667,0.444,0.0189
task-stim05,74.0,74.5,0.00045,0.00033,0.0,74.25,0.9867,0.0016,0.0994,1.0913,0.0,0.0295,0.08967,0.2487,1405.14,0.6968,0.3452,0.3666,0.5092,0.5286,0.128,4.741,3.481,0.815,-0.8028
task-stim05,74.5,75.0,0.00029,0.00018,0.0,74.75,0.9816,0.0009,0.1146,1.5706,0.0,0.0323,0.14483,0.1436,1436.29,0.7237,0.4296,0.4713,0.5254,0.4868,0.1199,5.037,3.852,0.741,-0.8148
task-stim05,75.0,75.5,0.0003,0.00021,0.0,75.25,0.9786,0.001,0.1192,1.6904,0.0,0.0339,0.10163,0.2076,1831.73,0.6472,0.3891,0.4166,0.5365,0.4594,0.1043,4.444,3.556,0.519,-0.6391
task-stim05,75.5,76.0,0.00047,0.00016,0.0,75.75,0.974,0.0016,0.1276,1.9487,0.0,0.0431,0.08223,0.243,2317.84,0.5899,0.422,0.4819,0.4932,0.6251,0.1159,3.926,3.111,0.444,-0.7165
task-stim05,76.0,76.5,0.00039,0.00023,0.0,76.25,0.9684,0.0015,0.1416,2.5276,0.0,0.1178,0.10835,0.1306,1552.32,0.7285,0.3925,0.4098,0.4965,0.5295,0.1027,5.185,4.074,0.519,-0.5516
task-stim05,76.5,77.0,0.0,0.0,0.0,76.75,0.9664,0.0,0.1467,2.7625,0.0,0.1494,0.06463,0.23,3053.23,0.3379,0.3533,0.3472,0.4702,0.5417,0.109,4.37,3.407,0.741,-0.4981
task-stim05,77.0,77.5,0.00012,0.00018,0.0,77.25,0.9662,0.0004,0.1471,2.7782,0.0,0.1495,0.0581,0.3018,1909.32,0.4335,0.4062,0.4145,0.518,0.5838,0.0951,4.0,2.963,0.667,-0.7119
task-stim05,77.5,78.0,1e-05,2e-05,0.0,77.75,0.965,0.0,0.1493,2.8589,0.0,0.1496,0.13589,0.182,1560.31,0.7547,0.3909,0.4183,0.5137,0.5026,0.1265,4.667,3.704,0.667,-0.6243
task-stim05,78.0,78.5,0.0,0.0,0.0,78.25,0.965,0.0,0.1493,2.859,0.0,0.1495,0.08093,0.1941,1597.7,0.6169,0.3533,0.3719,0.4682,0.4872,0.1229,4.0,3.111,1.037,-0.5915
task-stim05,78.5,79.0,0.0,0.0,0.0,78.75,0.965,0.0,0.1493,2.859,0.0,0.1496,0.0903,0.1519,2685.25,0.5903,0.3674,0.3968,0.5101,0.4792,0.1129,4.074,2.963,0.741,-0.5484
task-stim05,79.0,79.5,2e-05,4e-05,0.0,79.25,0.9649,0.0001,0.1496,2.8694,0.0,0.1497,0.10093,0.2437,2001.24,0.519,0.4193,0.4783,0.5586,0.4636,0.1131,4.667,3.407,0.519,-0.494
task-stim05,79.5,80.0,0.0,0.0,0.0,79.75,0.9648,0.0,0.1499,2.8753,0.0,0.1499,0.12886,0.1171,1840.26,0.5505,0.4676,0.5426,0.505,0.5385,0.1192,2.741,1.556,0.889,-0.4048
task-stim05,80.0,80.5,1e-05,2e-05,0.0,80.25,0.9648,0.0,0.1499,2.8765,0.0,0.1499,0.03441,0.5395,2167.98,0.6024,0.4204,0.4895,0.5091,0.4178,0.1206,3.926,2.741,0.815,-0.5563
task-stim05,80.5,81.0,6e-05,0.00014,0.0,80.75,0.964,0.0001,0.1513,2.9399,0.0,0.1499,0.11532,0.1693,2298.29,0.4412,0.4041,0.4816,0.5114,0.4542,0.1326,4.296,2.889,0.444,-0.565
task-stim05,81.0,81.5,0.0,0.0,0.0,81.25,0.9639,0.0,0.1514,2.9439,0.0,0.1499,0.08067,0.194,1514.84,0.7222,0.348,0.4194,0.4771,0.3683,0.1515,4.0,2.593,0.667,-0.6295
task-stim05,81.5,82.0,0.0,0.0,0.0,81.75,0.9639,0.0,0.1514,2.9439,0.0,0.1499,0.06015,0.2716,1842.59,0.5233,0.3519,0.3749,0.4947,0.4054,0.1504,4.444,2.963,0.519,-0.6576
task-stim05,82.0,82.5,0.00425,0.00993,0.0,82.25,0.9864,0.011,0.0913,1.3814,0.0,0.0596,0.12816,0.3276,1561.83,0.6941,0.3834,0.4271,0.5434,0.4874,0.1147,4.222,2.815,0.444,-0.7082
task-stim05,82.5,83.0,0.00146,0.00079,0.0,82.75,0.9775,0.0058,0.1293,1.8459,0.0,0.1242,0.15168,0.1111,1295.01,0.5931,0.4289,0.4637,0.469,0.6169,0.109,4.222,2.889,0.667,-0.7955
task-stim05,83.0,83.5,0.00173,0.00099,0.0,83.25,0.9576,0.007,0.1746,2.9357,0.0,0.2008,0.0988,0.1911,1859.0,0.5172,0.4453,0.4933,0.5247,0.5382,0.1009,4.0,2.815,0.296,-0.5057
task-stim05,83.5,84.0,0.00075,0.00126,0.0,83.75,0.9402,0.0031,0.2066,3.5575,0.0,0.2436,0.13525,0.0833,1524.15,0.6421,0.383,0.3988,0.5276,0.4678,0.1288,4.741,3.63,0.593,-0.7651
task-stim05,84.0,84.5,0.00111,0.00126,0.0,84.25,0.9312,0.0051,0.2199,4.3195,0.0,0.2694,0.11497,0.2845,2760.66,0.4628,0.4042,0.4266,0.5006,0.5469,0.1487,4.0,3.037,0.296,-0.4662
task-stim05,84.5,85.0,0.00052,0.00026,0.0,84.75,0.9223,0.002,0.2314,5.0486,0.0,0.3254,0.13603,0.1913,1618.4,0.8115,0.4305,0.4837,0.4899,0.6763,0.151,3.556,2.667,0.296,-0.3142
task-stim05,85.0,85.5,0.00074,0.00038,0.0,85.25,0.914,0.0028,0.2422,5.9165,0.0,0.4429,0.1171,0.1654,1528.96,0.74,0.3963,0.4358,0.5162,0.5168,0.1459,4.37,3.333,0.593,-0.0989
task-stim05,85.5,86.0,0.00056,0.00046,0.0,85.75,0.9051,0.002,0.2528,6.6884,0.0,0.5201,0.08448,0.2031,1515.05,0.7601,0.4296,0.4878,0.5002,0.4653,0.1341,4.667,3.333,0.37,-0.1485
task-stim05,86.0,86.5,0.0,0.0,0.0,86.25,0.9035,0.0,0.2548,6.6875,0.0,0.5339,0.0806,0.2974,1646.68,0.7209,0.3736,0.3994,0.4925,0.5099,0.1198,4.148,2.741,0.593,-0.3119
task-stim05,86.5,87.0,3e-05,0.00011,0.0,86.75,0.9035,0.0,0.2548,6.6794,0.0,0.5336,0.08032,0.2305,1862.93,0.6492,0.383,0.4499,0.4918,0.4459,0.1063,4.963,3.704,0.444,-0.1539
task-stim05,87.0,87.5,0.0,0.0,0.0,87.25,0.9035,0.0,0.2548,6.6776,0.0,0.5335,0.03239,0.3977,2772.85,0.3426,0.3586,0.4015,0.5126,0.4332,0.1254,4.444,3.407,0.37,-0.15
task-stim05,87.5,88.0,0.0,0.0,0.0,87.75,0.9035,0.0,0.2548,6.6776,0.0,0.5335,0.11664,0.2426,1620.65,0.6523,0.3662,0.4209,0.4807,0.3748,0.1217,3.852,2.963,0.741,-0.0315
task-stim05,88.0,88.5,0.01244,0.026,0.0,88.25,0.9594,0.0289,0.1675,1.8694,0.0,0.1526,0.15257,0.2561,1484.83,0.6127,0.3419,0.3837,0.4776,0.4716,0.1296,3.63,2.519,0.519,-0.1334
task-stim05,88.5,89.0,0.00456,0.00303,0.0,88.75,0.9102,0.013,0.2474,1.3396,0.0,0.1094,0.1411,0.0969,1287.6,0.7684,0.3962,0.386,0.5227,0.6222,0.1268,3.407,2.074,0.593,-0.5496
task-stim05,89.0,89.5,0.00117,0.00099,0.0,89.25,0.8824,0.0033,0.2759,3.9001,0.0,0.2049,0.06162,0.2318,3143.12,0.3552,0.4949,0.5487,0.4768,0.7031,0.1087,3.926,2.519,0.444,-0.1184
task-stim05,89.5,90.0,0.00181,0.00175,0.0,89.75,0.8627,0.0065,0.2783,3.4172,0.0,0.197,0.10234,0.1514,2020.0,0.5226,0.5452,0.601,0.5328,0.6294,0.0897,2.667,1.407,0.519,0.0456
task-stim05,90.0,90.5,1e-05,3e-05,0.0,90.25,0.8578,0.0,0.2784,3.273,0.0,0.1893,0.10154,0.2111,2337.61,0.6069,0.4855,0.5267,0.546,0.5165,0.0984,3.333,2.37,0.667,-0.0694
task-stim05,90.5,91.0,0.00018,0.00058,0.0,90.75,0.8577,0.0006,0.2786,3.28,0.0,0.1893,0.121,0.1013,1216.57,0.5304,0.4104,0.4869,0.5087,0.4456,0.113,3.407,2.593,0.815,0.034
task-stim05,91.0,91.5,0.00117,0.00136,0.0,91.25,0.844,0.0031,0.2921,3.829,0.0,0.1893,0.10801,0.1653,1411.02,0.6759,0.4337,0.5179,0.4829,0.526,0.1112,4.296,3.185,0.37,0.1531
task-stim05,91.5,92.0,0.0008,0.00266,0.0,91.75,0.8411,0.0027,0.2944,3.8973,0.0,0.1902,0.10229,0.2161,2048.87,0.5807,0.4317,0.4679,0.489,0.4748,0.1145,4.0,2.593,0.519,0.1881
task-stim05,92.0,92.5,0.01124,0.00888,0.0,92.25,0.7538,0.0461,0.338,5.5764,0.0,0.3116,0.10833,0.3776,1408.4,0.3615,0.4223,0.4579,0.5345,0.6005,0.1122,3.63,2.222,0.222,0.4715
task-stim05,92.5,93.0,0.00404,0.00414,0.0,92.75,0.6673,0.0164,0.3425,6.6927,0.0,0.368,0.13287,0.0946,2139.29,0.3773,0.4621,0.4974,0.5147,0.6241,0.1358,4.222,2.963,0.296,0.6017
task-stim05,93.0,93.5,6e-05,0.0002,0.0,93.25,0.6494,0.0001,0.339,6.5486,0.0,0.3612,0.10007,0.1771,1880.36,0.6323,0.3812,0.4414,0.494,0.5489,0.1314,4.148,2.889,0.593,0.4698
task-stim05,93.5,94.0,0.0,0.0,0.0,93.75,0.6494,0.0,0.339,6.5473,0.0,0.3613,0.0836,0.3085,1398.37,0.7651,0.4133,0.476,0.5295,0.4116,0.1192,4.741,3.556,0.296,0.5317
task-stim05,94.0,94.5,0.00277,0.00299,0.0,94.25,0.6459,0.004,0.3404,6.891,0.0,0.3923,0.12363,0.229,2157.35,0.452,0.4371,0.4733,0.5059,0.4672,0.1185,3.63,2.667,0.444,0.6453
task-stim05,94.5,95.0,0.00236,0.00279,0.0,94.75,0.6357,0.0004,0.3453,8.0338,0.0,0.4679,0.1409,0.1482,2196.06,0.5675,0.449,0.4811,0.5023,0.5021,0.1047,4.148,3.556,0.444,0.6006
task-stim05,95.0,95.5,0.0,0.0,0.0,95.25,0.6358,0.0,0.3453,8.052,0.0,0.4663,0.12396,0.1454,1384.86,0.7232,0.4114,0.4369,0.5266,0.521,0.0847,3.63,3.037,0.519,0.4927
task-stim05,95.5,96.0,0.0,0.0,0.0,95.75,0.6358,0.0,0.3453,8.0527,0.0,0.4664,0.11353,0.1861,1294.91,0.6978,0.4337,0.4847,0.5333,0.3475,0.0753,4.148,3.481,0.444,0.5855
task-stim05,96.0,96.5,0.0,0.0,0.0,96.25,0.6358,0.0,0.3453,8.0523,0.0,0.4664,0.06671,0.2251,2757.53,0.4337,0.436,0.5023,0.4526,0.4828,0.0811,4.519,3.333,0.444,0.4395
task-stim05,96.5,97.0,0.03047,0.10049,2.0,0.0,0.7264,0.1569,0.268,6.0955,0.0,0.3498,0.0317,0.3845,1527.53,0.5022,0.4592,0.4723,0.5113,0.5564,0.0853,4.074,2.667,0.444,0.3281
task-stim05,97.0,97.5,0.00064,0.00048,0.0,0.5,0.9926,0.0023,0.0747,0.8858,0.0,0.0,0.16614,0.0979,2269.87,0.4337,0.327,0.3817,0.4936,0.2302,0.1366,4.593,3.481,1.037,-0.2277
task-stim05,97.5,98.0,0.00015,0.00012,0.0,1.0,0.9882,0.0006,0.0918,1.1087,0.0,0.0,0.08717,0.2274,2637.55,0.5254,0.4048,0.4998,0.4947,0.5613,0.1291,3.556,2.667,0.815,-1.0845
task-stim05,98.0,98.5,0.00635,0.00764,0.0,1.5,0.9786,0.0119,0.1123,1.5555,0.0,0.0324,0.07952,0.3436,2299.42,0.6185,0.4478,0.528,0.5198,0.5258,0.133,4.296,3.111,0.667,-0.6689
task-stim05,98.5,99.0,0.00245,0.00542,0.0,2.0,0.9603,0.0008,0.1537,2.961,0.0,0.0951,0.0963,0.2112,2155.56,0.6034,0.4492,0.4629,0.5669,0.5728,0.1156,4.519,3.259,0.444,-0.1399
task-stim05,99.0,99.5,0.00513,0.00334,0.0,2.5,0.9606,0.0,0.1532,2.9221,0.0,0.0887,0.0845,0.2968,1564.68,0.6471,0.4042,0.4222,0.5124,0.5288,0.0891,4.074,2.667,0.741,-0.3946
task-stim05,99.5,100.0,0.00154,0.00089,0.0,3.0,0.9606,0.0,0.1532,2.9113,0.0,0.085,0.09256,0.202,1635.95,0.7522,0.4508,0.4634,0.5212,0.6169,0.106,3.926,2.444,0.519,-0.2446
task-stim05,100.0,100.5,5e-05,0.00016,0.0,3.5,0.9606,0.0,0.1534,2.9491,0.0,0.0851,0.11426,0.1455,1268.3,0.6841,0.4087,0.4426,0.5185,0.4983,0.1013,3.852,2.593,0.593,-0.2638
task-stim05,100.5,101.0,0.00031,0.0004,0.0,4.0,0.9597,0.0012,0.1552,3.0428,0.0,0.0851,0.03476,0.6627,1254.75,0.5456,0.4056,0.4359,0.4696,0.5624,0.0986,3.259,2.37,0.37,-0.2188
task-stim05,101.0,101.5,0.00092,0.00048,0.0,4.5,0.9518,0.0033,0.1713,3.6619,0.0,0.0852,0.16937,0.0986,2193.01,0.4165,0.3349,0.3966,0.4738,0.3245,0.1226,4.222,3.259,0.741,-0.1288
task-stim05,101.5,102.0,0.00793,0.00861,0.0,5.0,0.9312,0.0141,0.1951,4.0767,0.0,0.1222,0.11615,0.2184,1930.05,0.6692,0.4039,0.4493,0.4683,0.5881,0.176,3.037,2.0,0.296,-0.3917
task-stim05,102.0,102.5,0.00438,0.00639,0.0,5.5,0.9124,0.0,0.2174,5.5468,0.0,0.1876,0.05972,0.3359,1202.9,0.657,0.3674,0.3931,0.4981,0.6399,0.1552,3.704,2.667,0.444,-0.0553
task-stim05,102.5,103.0,0.00415,0.00346,0.0,6.0,0.9125,0.0,0.2174,5.5922,0.0,0.191,0.12667,0.1177,1330.52,0.7575,0.3538,0.4018,0.483,0.5675,0.1369,4.0,2.741,0.519,-0.1607
task-stim05,103.0,103.5,0.0,0.0,0.0,6.5,0.9125,0.0,0.2174,5.5692,0.0,0.1907,0.04924,0.3585,1150.53,0.637,0.3422,0.3827,0.5113,0.5997,0.1373,4.222,2.815,0.519,-0.096
task-stim05,103.5,104.0,0.05444,0.04034,0.0,7.0,0.9394,0.015,0.1712,2.9271,0.0,0.1195,0.07825,0.3089,1770.51,0.6668,0.3278,0.3714,0.4538,0.4007,0.1402,3.926,2.667,0.444,-0.0954
task-stim05,104.0,104.5,1e-05,2e-05,0.0,7.5,0.9532,0.0,0.1753,4.3489,0.0,0.1412,0.10868,0.1361,2135.68,0.5607,0.3992,0.425,0.5329,0.6007,0.1201,4.0,2.815,0.593,-0.129
task-stim05,104.5,105.0,0.0,0.0,0.0,8.0,0.9531,0.0,0.1753,4.3534,0.0,0.1413,0.15746,0.1022,1630.3,0.6004,0.3409,0.3952,0.5295,0.4357,0.1319,3.926,2.741,0.593,-0.3325
task-stim05,105.0,105.5,0.00024,0.00029,0.0,8.5,0.952,0.0011,0.1766,4.3933,0.0,0.1413,0.0873,0.2034,1927.64,0.6578,0.377,0.447,0.5098,0.3897,0.0945,4.296,2.963,0.741,-0.4153
task-stim05,105.5,106.0,0.00019,0.00028,0.0,9.0,0.9486,0.0008,0.18,4.4844,0.0,0.1413,0.08892,0.1935,2330.79,0.4493,0.3718,0.3898,0.5434,0.4857,0.1313,4.444,2.889,0.593,-0.4789
task-stim05,106.0,106.5,0.0,0.0,0.0,9.5,0.948,0.0,0.1805,4.4979,0.0,0.1413,0.05363,0.3409,2734.48,0.6132,0.327,0.3595,0.4608,0.5438,0.1465,3.926,2.667,0.815,-0.5041
task-stim05,106.5,107.0,0.01487,0.00768,0.0,10.0,0.939,0.0218,0.1917,3.9551,0.0,0.1204,0.0926,0.3009,1815.54,0.5499,0.39,0.4296,0.508,0.6199,0.1394,3.704,2.519,0.667,-0.4556
task-stim05,107.0,107.5,0.00211,0.00671,0.0,10.5,0.8908,0.0,0.2613,4.9529,0.0,0.1554,0.07781,0.2492,1532.26,0.7916,0.4609,0.5645,0.501,0.6211,0.1398,4.148,2.593,0.519,-0.2915
task-stim05,107.5,108.0,1e-05,1e-05,0.0,11.0,0.8908,0.0,0.2613,4.9545,0.0,0.1555,0.03533,0.4025,1886.89,0.5177,0.5438,0.6778,0.4902,0.6497,0.1323,3.037,1.333,0.222,0.174
task-stim05,108.0,108.5,1e-05,0.0,0.0,11.5,0.8908,0.0,0.2613,4.9547,0.0,0.1555,0.15586,0.1455,1409.88,0.7489,0.4734,0.5959,0.4878,0.683,0.1315,3.333,1.852,0.37,0.4245
task-stim05,108.5,109.0,1e-05,0.0,0.0,12.0,0.8908,0.0,0.2613,4.9547,0.0,0.1555,0.10173,0.2612,1756.38,0.7661,0.3781,0.4321,0.496,0.6428,0.1503,3.333,2.37,0.815,0.4696
task-stim05,109.0,109.5,0.00976,0.0301,0.0,12.5,0.9516,0.0513,0.1434,2.4194,0.0,0.073,0.06278,0.2794,2353.34,0.5434,0.4401,0.4717,0.499,0.7268,0.1401,3.556,2.889,0.444,0.5416
task-stim05,109.5,110.0,0.00062,0.00031,0.0,13.0,0.9877,0.0024,0.0908,1.0908,0.0,0.0176,0.11675,0.1812,1150.42,0.6394,0.4867,0.5431,0.5406,0.4888,0.1142,4.148,3.185,0.37,-0.3539
task-stim05,110.0,110.5,2e-05,7e-05,0.0,13.5,0.9843,0.0,0.1006,0.8163,0.0,0.0175,0.11294,0.2993,1321.51,0.7468,0.5047,0.5777,0.4732,0.637,0.1207,2.667,1.333,0.667,-0.8941
task-stim05,110.5,111.0,0.00046,0.0006,0.0,14.0,0.9828,0.002,0.1057,1.0173,0.0,0.026,0.06784,0.2086,2155.57,0.5653,0.5177,0.5538,0.543,0.6937,0.1049,2.815,1.852,0.444,-0.6653
task-stim05,111.0,111.5,0.00127,0.00065,0.0,14.5,0.9711,0.0047,0.1372,1.6169,0.0,0.0676,0.07305,0.2616,2587.84,0.483,0.507,0.5303,0.5521,0.644,0.1114,4.296,3.111,0.37,-0.271
task-stim05,111.5,112.0,0.0,0.0,0.0,15.0,0.9636,0.0,0.1537,1.7101,0.0,0.0896,0.05899,0.3121,2703.38,0.5467,0.4258,0.4493,0.5359,0.4688,0.0955,4.222,2.889,0.593,-0.358
task-stim05,112.0,112.5,0.00021,0.00016,0.0,15.5,0.9621,0.0008,0.1555,1.8117,0.0,0.0896,0.1125,0.3231,2175.82,0.6667,0.4229,0.4629,0.5268,0.4064,0.1146,3.852,2.741,0.519,-0.5973
task-stim05,112.5,113.0,0.00013,6e-05,0.0,16.0,0.9601,0.0004,0.1572,1.8777,0.0,0.0896,0.14306,0.135,1814.07,0.6479,0.4591,0.5044,0.5284,0.5814,0.1149,3.63,2.519,0.741,-0.6663
task-stim05,113.0,113.5,0.00074,0.00074,0.0,16.5,0.956,0.0035,0.1651,2.3053,0.0,0.101,0.08753,0.2086,2521.38,0.523,0.4596,0.5127,0.5309,0.6111,0.1084,4.0,2.889,0.593,-0.6272
task-stim05,113.5,114.0,0.00068,0.00038,0.0,17.0,0.9455,0.0025,0.1818,2.8437,0.0,0.1102,0.10845,0.14,1937.05,0.5871,0.4336,0.5035,0.4962,0.5917,0.1119,3.63,2.37,0.296,-0.5909
task-stim05,114.0,114.5,0.0,0.0,0.0,17.5,0.9425,0.0,0.1863,2.7713,0.0,0.11,0.09211,0.2263,1772.32,0.684,0.4268,0.5021,0.4924,0.5516,0.1349,3.852,2.815,0.667,-0.6627
task-stim05,114.5,115.0,0.0,1e-05,0.0,18.0,0.9425,0.0,0.1863,2.7722,0.0,0.1101,0.08337,0.1505,1717.75,0.689,0.4023,0.4559,0.4847,0.4726,0.1502,3.778,2.593,0.444,-0.5177
task-stim05,115.0,115.5,0.0126,0.02705,0.0,18.5,0.9414,0.0023,0.1829,2.4896,0.0,0.1017,0.05413,0.267,1549.51,0.6817,0.3657,0.3953,0.438,0.6042,0.1488,3.778,2.444,0.444,-0.3241
task-stim05,115.5,116.0,0.02352,0.03289,0.0,19.0,0.9556,0.0037,0.162,3.0945,0.0,0.112,0.16937,0.1761,1607.0,0.6717,0.3937,0.4312,0.4953,0.5672,0.1262,4.0,2.741,0.37,-0.4753
task-stim05,116.0,116.5,0.00014,0.00018,0.0,19.5,0.9546,0.0004,0.1727,4.0647,0.0,0.1455,0.12034,0.2047,1802.03,0.7172,0.3587,0.3993,0.5163,0.3935,0.1421,4.148,3.185,0.593,-0.6515
task-stim05,116.5,117.0,0.0,0.0,0.0,20.0,0.9544,0.0,0.1729,4.075,0.0,0.1472,0.11414,0.1545,1432.34,0.6884,0.3614,0.4194,0.544,0.4196,0.1259,4.074,2.815,0.519,-0.6797
task-stim05,117.0,117.5,0.0,0.0,0.0,20.5,0.9544,0.0,0.1729,4.0751,0.0,0.1472,0.12081,0.2062,2501.5,0.4585,0.3574,0.3804,0.4688,0.5098,0.1315,4.296,3.037,0.741,-1.045
task-stim05,117.5,118.0,0.0,0.0,0.0,21.0,0.9544,0.0,0.1729,4.0756,0.0,0.1472,0.11057,0.2552,2172.87,0.4465,0.3668,0.4102,0.4889,0.4122,0.1346,4.222,3.185,0.593,-0.9005
task-stim05,118.0,118.5,9e-05,0.00022,0.0,21.5,0.9543,0.0003,0.1731,4.102,0.0,0.1472,0.05939,0.3164,2582.63,0.5417,0.3935,0.4329,0.5163,0.553,0.1319,3.778,2.667,0.593,-0.7309
task-stim05,118.5,119.0,0.00034,0.00017,0.0,22.0,0.9513,0.001,0.1783,4.6385,0.0,0.1472,0.13506,0.2079,1761.71,0.7733,0.4586,0.5311,0.5272,0.5195,0.1259,4.296,3.333,0.519,-0.5936
task-stim05,119.0,119.5,0.00013,0.00013,0.0,22.5,0.9483,0.0004,0.1828,4.8641,0.0,0.1472,0.10943,0.1537,1544.02,0.7284,0.4329,0.531,0.4845,0.5451,0.1542,3.778,2.889,0.37,-0.6399
task-stim05,119.5,120.0,0.00046,0.00089,0.0,23.0,0.9476,0.0006,0.1837,4.8198,0.0,0.1503,0.0441,0.3453,1482.22,0.5485,0.3741,0.4567,0.4781,0.5079,0.1454,4.222,3.185,0.593,-0.3966
task-stim05,120.0,120.5,0.0026,0.00054,0.0,23.5,0.9435,0.0013,0.188,5.104,0.0,0.1764,0.15963,0.0816,1760.56,0.6459,0.4138,0.4779,0.527,0.504,0.1197,4.667,3.556,0.37,-0.3108
task-stim05,120.5,121.0,0.00023,0.00058,0.0,24.0,0.9413,0.0001,0.191,5.3282,0.0,0.1891,0.10196,0.2341,1897.81,0.6492,0.4145,0.4759,0.4959,0.5115,0.1197,4.0,2.963,0.519,-0.4979
task-stim05,121.0,121.5,0.00095,0.00101,0.0,24.5,0.9405,0.0009,0.1916,5.3612,0.0,0.1891,0.10142,0.3121,2010.5,0.6241,0.323,0.3768,0.4924,0.4265,0.1573,4.444,3.333,0.815,-0.7029
task-stim05,121.5,122.0,0.00061,0.00092,0.0,25.0,0.938,0.0002,0.1944,5.5765,0.0,0.1891,0.12614,0.142,1684.46,0.7751,0.4014,0.4747,0.4716,0.4751,0.1376,4.815,3.407,0.444,-0.5791
task-stim05,122.0,122.5,0.0,0.0,0.0,25.5,0.9379,0.0,0.1946,5.5966,0.0,0.1891,0.08072,0.2336,1850.89,0.6231,0.4094,0.4976,0.4774,0.595,0.1499,3.852,2.519,0.519,-0.4761
task-stim05,122.5,123.0,0.0,0.0,0.0,26.0,0.9379,0.0,0.1946,5.5965,0.0,0.1891,0.0583,0.351,1436.5,0.6503,0.3367,0.3926,0.4504,0.4221,0.143,3.852,2.519,0.815,-0.2303
task-stim05,123.0,123.5,0.0062,0.01705,0.0,26.5,0.9888,0.0156,0.0678,0.9363,0.0,0.0158,0.15947,0.1903,1635.54,0.6802,0.3873,0.4232,0.5309,0.5423,0.1224,4.296,3.185,0.37,-0.2152
task-stim05,123.5,124.0,0.00116,0.0008,0.0,27.0,0.979,0.0039,0.1051,1.477,0.0,0.0266,0.09857,0.2191,1618.6,0.7804,0.3911,0.4437,0.4992,0.6963,0.138,3.63,2.963,0.963,-0.6395
task-stim05,124.0,124.5,0.00096,0.0006,0.0,27.5,0.9663,0.0029,0.1332,2.0295,0.0,0.0886,0.07702,0.2439,1621.44,0.8016,0.3556,0.4043,0.4874,0.4777,0.128,3.407,2.593,0.741,-0.3459
task-stim05,124.5,125.0,0.0,0.0,0.0,28.0,0.9626,0.0,0.1393,2.1851,0.0,0.091,0.122,0.2139,1977.04,0.3915,0.3679,0.4399,0.4956,0.4534,0.1221,4.593,3.333,0.444,-0.1966
task-stim05,125.0,125.5,0.0,0.0,0.0,28.5,0.9626,0.0,0.1394,2.1853,0.0,0.091,0.10193,0.2157,1485.16,0.6748,0.3597,0.379,0.4503,0.5138,0.1231,4.148,3.185,0.593,-0.4798
task-stim05,125.5,126.0,1e-05,2e-05,0.0,29.0,0.9626,0.0,0.1394,2.1861,0.0,0.091,0.05268,0.2566,1503.13,0.5833,0.3576,0.3825,0.5102,0.5,0.1277,4.074,2.815,0.519,-0.4276
task-stim05,126.0,126.5,5e-05,0.00016,0.0,29.5,0.9626,0.0002,0.1394,2.1893,0.0,0.0909,0.04426,0.3118,2902.11,0.457,0.3879,0.4478,0.4695,0.6115,0.1145,4.519,3.111,0.37,-0.308
task-stim05,126.5,127.0,0.09774,0.1033,0.0,30.0,0.4891,0.193,0.2169,1.2011,0.0,0.1772,0.15293,0.2341,1273.99,0.6685,0.3818,0.4731,0.4991,0.3777,0.1152,3.556,2.148,0.296,-0.3187
task-stim05,127.0,127.5,1e-05,1e-05,0.0,30.5,0.36,0.0,0.1906,1.9598,0.0,0.227,0.15491,0.1454,1697.26,0.6555,0.438,0.449,0.5028,0.5464,0.1112,4.37,3.185,0.37,0.1743
task-stim05,127.5,128.0,0.0,0.0,0.0,31.0,0.3599,0.0,0.1906,1.9598,0.0,0.227,0.10777,0.2089,2008.66,0.5517,0.4544,0.4662,0.4881,0.5955,0.0975,4.074,3.037,0.37,0.733
task-stim05,128.0,128.5,2e-05,5e-05,0.0,31.5,0.3599,0.0,0.1906,1.9597,0.0,0.227,0.10417,0.1928,2440.58,0.5024,0.4286,0.4674,0.5569,0.4499,0.1227,4.37,3.111,0.296,1.0297
task-stim05,128.5,129.0,0.0,0.0,0.0,32.0,0.3599,0.0,0.1906,1.9596,0.0,0.227,0.10695,0.1581,1416.5,0.6088,0.3639,0.3772,0.4858,0.5617,0.1383,4.296,2.889,0.593,1.1786
task-stim05,129.0,129.5,0.0,0.0,0.0,32.5,0.3599,0.0,0.1906,1.9596,0.0,0.227,0.10667,0.2955,1649.48,0.7554,0.3729,0.3724,0.5067,0.5206,0.1361,4.0,2.815,0.667,1.0978
task-stim05,129.5,130.0,0.0,0.0,0.0,33.0,0.3599,0.0,0.1906,1.9592,0.0,0.227,0.07862,0.1767,2018.12,0.5507,0.3807,0.3977,0.5152,0.6013,0.1411,4.0,2.889,0.519,1.2057
task-stim05,130.0,130.5,0.09346,0.09229,0.0,33.5,0.5129,0.0966,0.1891,1.0396,0.0,0.1747,0.12102,0.2662,1255.67,0.6301,0.4031,0.4531,0.5032,0.5732,0.152,3.407,2.741,0.444,1.4427
task-stim05,130.5,131.0,0.00026,0.00036,0.0,34.0,0.596,0.0001,0.1825,1.7677,0.0,0.2181,0.15381,0.1035,1628.48,0.5157,0.39,0.4428,0.4678,0.4344,0.1315,4.963,4.444,0.37,1.0819
task-stim05,131.0,131.5,0.0002,0.00054,0.0,34.5,0.5958,0.0001,0.1827,1.8286,0.0,0.2195,0.12016,0.2047,1560.97,0.7108,0.3742,0.4167,0.4812,0.4466,0.1297,5.185,3.926,0.444,0.5925
task-stim05,131.5,132.0,4e-05,5e-05,0.0,35.0,0.5957,0.0,0.1828,1.836,0.0,0.2196,0.11354,0.1578,1266.44,0.6103,0.393,0.4225,0.5083,0.5924,0.1135,5.333,3.63,0.222,0.7227
task-stim05,132.0,132.5,1e-05,1e-05,0.0,35.5,0.5957,0.0,0.1828,1.8371,0.0,0.2196,0.09311,0.2642,1707.63,0.6821,0.3738,0.3959,0.4948,0.4564,0.1162,4.889,3.481,0.593,0.6454
task-stim05,132.5,133.0,0.0,1e-05,0.0,36.0,0.5957,0.0,0.1828,1.837,0.0,0.2196,0.10217,0.159,1235.09,0.8026,0.4074,0.4542,0.6042,0.4944,0.1228,4.667,3.481,0.296,0.7253
task-stim05,133.0,133.5,0.03438,0.11139,2.0,0.0,0.7949,0.1993,0.1216,1.246,0.0,0.1098,0.04148,0.3169,4215.26,0.1395,0.392,0.4442,0.5481,0.5249,0.1329,4.148,3.407,0.37,0.7017
task-stim05,133.5,134.0,0.00257,0.00127,0.0,0.5,0.9765,0.0092,0.1168,1.8786,0.0,0.0,0.19966,0.0553,1386.99,0.6932,0.4645,0.505,0.5775,0.4076,0.1236,4.0,3.259,0.667,-0.5605
task-stim05,134.0,134.5,0.00115,0.00058,0.0,1.0,0.9549,0.0038,0.1633,3.3383,0.0,0.039,0.12385,0.2174,2040.01,0.7072,0.3311,0.353,0.5141,0.3889,0.1392,4.37,3.259,0.815,-1.2789
task-stim05,134.5,135.0,0.00197,0.00151,0.0,1.5,0.9348,0.0065,0.1985,5.392,0.667,0.2134,0.11887,0.1739,1259.84,0.7268,0.4187,0.4295,0.6072,0.5445,0.1112,4.889,3.704,0.296,-0.7917
task-stim05,135.0,135.5,0.0,0.0,0.0,2.0,0.9265,0.0,0.2109,6.1984,1.0,0.2935,0.09669,0.1953,2255.53,0.5336,0.4203,0.4444,0.5495,0.5472,0.1484,4.741,3.556,0.444,-0.5645
task-stim05,135.5,136.0,0.0,0.0,0.0,2.5,0.9265,0.0,0.2109,6.1985,1.0,0.2935,0.08058,0.2309,1394.34,0.7291,0.3779,0.391,0.5471,0.5947,0.1286,4.222,2.889,0.519,-0.8453
task-stim05,136.0,136.5,0.00701,0.00459,0.0,3.0,0.9275,0.0004,0.2085,5.934,1.0,0.2936,0.15617,0.188,1424.7,0.8221,0.3723,0.3887,0.6897,0.5126,0.1262,4.37,2.963,0.222,-0.8426
task-stim05,136.5,137.0,1e-05,3e-05,0.0,3.5,0.9269,0.0,0.2099,6.2266,1.0,0.2936,0.08443,0.2464,2686.87,0.4628,0.4166,0.4177,0.6106,0.5639,0.1072,5.407,3.852,0.444,-0.5907
task-stim05,137.0,137.5,0.0,1e-05,0.0,4.0,0.9269,0.0,0.2099,6.2264,1.0,0.2936,0.14649,0.0833,1292.06,0.7328,0.4244,0.4365,0.568,0.634,0.1438,4.667,3.037,0.296,-0.4956
task-stim05,137.5,138.0,0.0,0.0,0.0,4.5,0.9269,0.0,0.2099,6.2257,1.0,0.2936,0.08728,0.2223,1724.22,0.7212,0.3492,0.3603,0.5054,0.5129,0.1208,4.667,3.037,0.444,-0.3382
task-stim05,138.0,138.5,0.0026,0.00391,0.0,5.0,0.9271,0.0006,0.2093,6.129,1.0,0.2936,0.05591,0.5042,1722.18,0.7425,0.4118,0.4105,0.7332,0.5574,0.1099,4.519,3.037,0.148,-0.4961
task-stim05,138.5,139.0,0.00388,0.00517,0.0,5.5,0.9233,0.0031,0.2155,6.5366,1.0,0.2936,0.16581,0.1189,1626.99,0.6266,0.404,0.4531,0.6605,0.5037,0.1256,4.815,3.407,0.148,-0.5227
task-stim05,139.0,139.5,2e-05,5e-05,0.0,6.0,0.9179,0.0,0.2227,7.0509,1.0,0.2938,0.07577,0.309,1611.59,0.69,0.3594,0.4118,0.5439,0.3688,0.164,4.963,3.556,0.444,-0.3638
task-stim05,139.5,140.0,0.00135,0.00068,0.0,6.5,0.9078,0.0051,0.2354,8.2926,1.0,0.4205,0.13552,0.1885,1481.07,0.6517,0.393,0.4243,0.5335,0.4489,0.1473,4.148,2.963,0.37,-0.1784
task-stim05,140.0,140.5,0.0,1e-05,0.0,7.0,0.9018,0.0,0.2419,8.6531,1.0,0.4733,0.09184,0.2094,1551.72,0.6364,0.4303,0.4589,0.5178,0.6057,0.1563,4.37,3.185,0.444,-0.1755
task-stim05,140.5,141.0,0.0,0.0,0.0,7.5,0.9018,0.0,0.2419,8.6546,1.0,0.4733,0.04715,0.3566,2794.42,0.4651,0.4264,0.4615,0.5404,0.526,0.1672,3.926,2.593,0.222,-0.3567
task-stim05,141.0,141.5,0.0,0.0,0.0,8.0,0.9018,0.0,0.2419,8.6545,1.0,0.4733,0.11343,0.4114,1537.38,0.8091,0.4187,0.4215,0.5216,0.5547,0.1577,4.519,3.185,0.296,-0.2451
task-stim05,141.5,142.0,0.0,0.0,0.0,8.5,0.9018,0.0,0.2419,8.6552,1.0,0.4734,0.09095,0.2865,1885.2,0.6097,0.3764,0.3989,0.5038,0.617,0.1505,4.37,3.037,0.37,-0.2485
task-stim05,142.0,142.5,0.0,0.0,0.0,9.0,0.9018,0.0,0.2419,8.6559,1.0,0.4734,0.12584,0.1482,1510.26,0.5608,0.3301,0.3487,0.535,0.4804,0.1428,4.074,2.963,0.593,-0.3136
task-stim05,142.5,143.0,0.07321,0.08567,0.0,9.5,0.759,0.1811,0.2597,6.6682,1.0,0.4284,0.07715,0.5068,1171.26,0.6347,0.3478,0.3836,0.5424,0.405,0.134,3.778,2.519,0.519,-0.3723
task-stim05,143.0,143.5,0.00516,0.01678,0.0,10.0,0.4313,0.0,0.2233,1.9572,1.0,0.2117,0.11646,0.1669,2368.84,0.5421,0.3598,0.4049,0.4974,0.4414,0.1426,5.185,3.852,0.519,-0.3241
task-stim05,143.5,144.0,0.0001,0.00017,0.0,10.5,0.4313,0.0,0.2234,1.9684,1.0,0.2119,0.10605,0.2511,1683.77,0.7278,0.4626,0.5079,0.5047,0.7121,0.1482,3.556,2.222,0.296,0.1076
task-stim05,144.0,144.5,0.00781,0.00763,0.0,11.0,0.4563,0.0179,0.2133,2.8054,1.0,0.3091,0.1097,0.2155,1300.84,0.8088,0.3843,0.4396,0.5913,0.5018,0.1365,4.593,3.333,0.296,0.4895
task-stim05,144.5,145.0,2e-05,5e-05,0.0,11.5,0.4721,0.0,0.2045,3.0576,1.0,0.3459,0.10316,0.1963,1556.15,0.7347,0.4264,0.4501,0.579,0.475,0.1396,4.815,3.481,0.148,0.6819
task-stim05,145.0,145.5,0.00013,0.00042,0.0,12.0,0.4721,0.0,0.2045,3.0619,1.0,0.3461,0.06794,0.2727,1594.67,0.6025,0.3939,0.4167,0.5405,0.5089,0.1541,4.444,3.111,0.37,0.7317
task-stim05,145.5,146.0,0.0,0.0,0.0,12.5,0.4721,0.0,0.2045,3.0651,1.0,0.3462,0.05916,0.4958,2626.97,0.4042,0.3735,0.4158,0.5587,0.4909,0.1212,4.296,3.111,0.296,0.7159
task-stim05,146.0,146.5,0.0,0.0,0.0,13.0,0.4721,0.0,0.2045,3.0652,1.0,0.3463,0.14136,0.1541,1327.32,0.7005,0.3583,0.3717,0.5239,0.4308,0.1323,4.074,3.037,0.519,0.7237
task-stim05,146.5,147.0,4e-05,0.00012,0.0,13.5,0.4721,0.0,0.2045,3.0667,1.0,0.3463,0.09997,0.1968,1538.55,0.6856,0.3566,0.3745,0.5175,0.4781,0.1512,4.296,3.333,0.444,0.6114
task-stim05,147.0,147.5,0.0,1e-05,0.0,14.0,0.4721,0.0,0.2045,3.0668,1.0,0.3463,0.05982,0.3177,2024.1,0.6137,0.3578,0.3598,0.6384,0.4212,0.1346,4.074,2.889,0.519,0.8259
task-stim05,147.5,148.0,0.0,1e-05,0.0,14.5,0.4721,0.0,0.2045,3.0665,1.0,0.3463,0.07099,0.368,1436.24,0.6764,0.3488,0.3807,0.5518,0.3264,0.1339,4.148,2.963,0.667,0.9487
task-stim05,148.0,148.5,0.0,0.0,0.0,15.0,0.4721,0.0,0.2045,3.0666,1.0,0.3463,0.05007,0.407,2051.41,0.5988,0.3701,0.3991,0.5644,0.3896,0.1489,3.926,2.593,0.444,1.1197
task-stim05,148.5,149.0,0.0,0.0,0.0,15.5,0.4721,0.0,0.2045,3.0666,1.0,0.3463,0.01128,0.8081,1359.0,0.4144,0.4152,0.4504,0.5642,0.519,0.1487,4.667,3.407,0.148,1.2435
task-stim05,149.0,149.5,0.00034,0.00105,0.0,16.0,0.472,0.0001,0.2045,3.0568,1.0,0.346,0.01119,0.8214,1356.06,0.3493,0.3623,0.3791,0.5658,0.4881,0.1482,4.222,3.333,0.519,1.5681
task-stim05,149.5,150.0,0.0,0.0,0.0,16.5,0.4719,0.0,0.2044,3.0477,1.0,0.3457,0.0096,0.8881,1413.84,0.3199,0.3342,0.358,0.5116,0.3895,0.1396,3.704,2.889,0.444,1.926
